// 자동 생성 파일 — gen_font.py (Galmuri7, OFL 라이선스). 직접 수정하지 말 것
#pragma once
#include <stdint.h>

// 한글 음절 U+AC00(가)~U+D7A3(힣). 인덱스 = 코드포인트 - 0xAC00
static const uint8_t FONT8_KR[11172][8] = {
  { 0x21, 0x19, 0x07, 0x00, 0x00, 0x7F, 0x08, 0x00 }, // '가'
  { 0x09, 0x25, 0x23, 0x20, 0x20, 0x6F, 0x02, 0x00 },
  { 0x09, 0x25, 0x23, 0x60, 0x20, 0x6F, 0x02, 0x00 },
  { 0x09, 0x25, 0x23, 0x60, 0x40, 0x2F, 0x42, 0x00 },
  { 0x09, 0x65, 0x43, 0x40, 0x40, 0x5F, 0x04, 0x00 },
  { 0x09, 0x65, 0x43, 0x50, 0x30, 0x5F, 0x02, 0x00 },
  { 0x09, 0x65, 0x43, 0x50, 0x30, 0x5F, 0x32, 0x00 },
  { 0x09, 0x75, 0x53, 0x50, 0x50, 0x5F, 0x02, 0x00 },
  { 0x05, 0x6D, 0x6B, 0x58, 0x58, 0x5F, 0x02, 0x00 },
  { 0x05, 0x6D, 0x5B, 0x58, 0x08, 0x7F, 0x02, 0x00 },
  { 0x05, 0x6D, 0x5B, 0x78, 0x48, 0x7F, 0x02, 0x00 },
  { 0x05, 0x6D, 0x5B, 0x78, 0x50, 0x7F, 0x02, 0x00 },
  { 0x05, 0x6D, 0x5B, 0x58, 0x40, 0x37, 0x42, 0x00 },
  { 0x05, 0x6D, 0x5B, 0x78, 0x58, 0x4F, 0x02, 0x00 },
  { 0x05, 0x6D, 0x5B, 0x78, 0x48, 0x7F, 0x4A, 0x00 },
  { 0x05, 0x6D, 0x5B, 0x58, 0x30, 0x5F, 0x32, 0x00 },
  { 0x09, 0x75, 0x53, 0x50, 0x50, 0x7F, 0x02, 0x00 }, // '감'
  { 0x09, 0x75, 0x63, 0x60, 0x60, 0x7F, 0x02, 0x00 },
  { 0x09, 0x75, 0x63, 0x70, 0x40, 0x37, 0x42, 0x00 },
  { 0x09, 0x45, 0x23, 0x10, 0x20, 0x4F, 0x02, 0x00 },
  { 0x09, 0x45, 0x33, 0x40, 0x30, 0x4F, 0x02, 0x00 },
  { 0x09, 0x25, 0x53, 0x50, 0x50, 0x2F, 0x02, 0x00 },
  { 0x09, 0x55, 0x33, 0x10, 0x30, 0x5F, 0x02, 0x00 },
  { 0x09, 0x55, 0x33, 0x18, 0x30, 0x5F, 0x02, 0x00 },
  { 0x09, 0x15, 0x33, 0x30, 0x30, 0x7F, 0x02, 0x00 },
  { 0x09, 0x7D, 0x5B, 0x58, 0x58, 0x4F, 0x02, 0x00 },
  { 0x09, 0x55, 0x73, 0x50, 0x70, 0x5F, 0x02, 0x00 },
  { 0x09, 0x15, 0x33, 0x58, 0x30, 0x1F, 0x02, 0x00 },
  { 0x21, 0x19, 0x07, 0x00, 0x7F, 0x08, 0x7F, 0x00 },
  { 0x09, 0x25, 0x23, 0x20, 0x2F, 0x22, 0x6F, 0x00 },
  { 0x09, 0x25, 0x23, 0x60, 0x2F, 0x22, 0x6F, 0x00 },
  { 0x09, 0x25, 0x23, 0x60, 0x4F, 0x22, 0x4F, 0x00 },
  { 0x09, 0x75, 0x43, 0x40, 0x5F, 0x44, 0x5F, 0x00 }, // '갠'
  { 0x09, 0x75, 0x43, 0x40, 0x57, 0x32, 0x57, 0x00 },
  { 0x09, 0x75, 0x43, 0x50, 0x37, 0x5A, 0x37, 0x00 },
  { 0x09, 0x75, 0x53, 0x50, 0x5F, 0x52, 0x5F, 0x00 },
  { 0x05, 0x6D, 0x6B, 0x58, 0x5F, 0x5A, 0x5F, 0x00 },
  { 0x05, 0x6D, 0x5B, 0x58, 0x0F, 0x0A, 0x7F, 0x00 },
  { 0x05, 0x6D, 0x5B, 0x58, 0x7F, 0x4A, 0x7F, 0x00 },
  { 0x05, 0x6D, 0x5B, 0x58, 0x7F, 0x52, 0x7F, 0x00 },
  { 0x05, 0x6D, 0x5B, 0x58, 0x67, 0x1A, 0x67, 0x00 },
  { 0x05, 0x6D, 0x5B, 0x58, 0x7F, 0x5A, 0x4F, 0x00 },
  { 0x05, 0x6D, 0x5B, 0x78, 0x4F, 0x7A, 0x4F, 0x00 },
  { 0x05, 0x6D, 0x5B, 0x58, 0x37, 0x5A, 0x37, 0x00 },
  { 0x09, 0x75, 0x53, 0x50, 0x5F, 0x52, 0x7F, 0x00 },
  { 0x09, 0x75, 0x63, 0x60, 0x6F, 0x62, 0x7F, 0x00 },
  { 0x09, 0x75, 0x63, 0x70, 0x4F, 0x32, 0x4F, 0x00 },
  { 0x09, 0x45, 0x23, 0x10, 0x2F, 0x42, 0x0F, 0x00 },
  { 0x09, 0x45, 0x33, 0x40, 0x37, 0x42, 0x0F, 0x00 }, // '갰'
  { 0x09, 0x25, 0x53, 0x50, 0x5F, 0x52, 0x2F, 0x00 },
  { 0x09, 0x55, 0x53, 0x30, 0x3F, 0x52, 0x5F, 0x00 },
  { 0x09, 0x55, 0x53, 0x38, 0x37, 0x52, 0x5F, 0x00 },
  { 0x09, 0x15, 0x33, 0x30, 0x3F, 0x32, 0x7F, 0x00 },
  { 0x05, 0x7D, 0x5B, 0x58, 0x5F, 0x5A, 0x4F, 0x00 },
  { 0x09, 0x55, 0x73, 0x50, 0x5F, 0x72, 0x5F, 0x00 },
  { 0x09, 0x15, 0x33, 0x58, 0x57, 0x32, 0x1F, 0x00 },
  { 0x21, 0x19, 0x07, 0x00, 0x00, 0x7F, 0x12, 0x00 },
  { 0x09, 0x25, 0x23, 0x20, 0x20, 0x7F, 0x0A, 0x00 },
  { 0x09, 0x25, 0x23, 0x60, 0x20, 0x7F, 0x0A, 0x00 },
  { 0x09, 0x25, 0x23, 0x60, 0x40, 0x3F, 0x4A, 0x00 },
  { 0x09, 0x75, 0x43, 0x40, 0x40, 0x5F, 0x0A, 0x00 },
  { 0x09, 0x75, 0x43, 0x50, 0x30, 0x5F, 0x05, 0x00 },
  { 0x09, 0x75, 0x43, 0x50, 0x30, 0x5F, 0x35, 0x00 },
  { 0x09, 0x75, 0x53, 0x50, 0x50, 0x5F, 0x0A, 0x00 },
  { 0x05, 0x6D, 0x6B, 0x58, 0x58, 0x5F, 0x05, 0x00 }, // '걀'
  { 0x05, 0x6D, 0x5B, 0x58, 0x10, 0x7F, 0x05, 0x00 },
  { 0x05, 0x6D, 0x5B, 0x78, 0x50, 0x7F, 0x05, 0x00 },
  { 0x05, 0x6D, 0x5B, 0x78, 0x60, 0x7F, 0x05, 0x00 },
  { 0x05, 0x6D, 0x5B, 0x58, 0x40, 0x2F, 0x45, 0x00 },
  { 0x05, 0x6D, 0x5B, 0x78, 0x70, 0x5F, 0x05, 0x00 },
  { 0x05, 0x6D, 0x5B, 0x78, 0x50, 0x7F, 0x55, 0x00 },
  { 0x05, 0x6D, 0x5B, 0x58, 0x30, 0x5F, 0x35, 0x00 },
  { 0x09, 0x75, 0x53, 0x50, 0x50, 0x7F, 0x0A, 0x00 },
  { 0x09, 0x75, 0x63, 0x60, 0x60, 0x7F, 0x0A, 0x00 },
  { 0x09, 0x75, 0x63, 0x70, 0x40, 0x3F, 0x4A, 0x00 },
  { 0x09, 0x45, 0x23, 0x10, 0x20, 0x5F, 0x0A, 0x00 },
  { 0x09, 0x45, 0x33, 0x40, 0x30, 0x4F, 0x0A, 0x00 },
  { 0x09, 0x25, 0x53, 0x50, 0x50, 0x2F, 0x0A, 0x00 },
  { 0x09, 0x55, 0x33, 0x10, 0x30, 0x5F, 0x0A, 0x00 },
  { 0x09, 0x55, 0x33, 0x18, 0x30, 0x5F, 0x0A, 0x00 },
  { 0x09, 0x15, 0x33, 0x30, 0x30, 0x7F, 0x0A, 0x00 }, // '걐'
  { 0x05, 0x7D, 0x5B, 0x58, 0x58, 0x4F, 0x05, 0x00 },
  { 0x09, 0x55, 0x73, 0x50, 0x70, 0x5F, 0x0A, 0x00 },
  { 0x09, 0x15, 0x33, 0x58, 0x30, 0x1F, 0x0A, 0x00 },
  { 0x21, 0x19, 0x07, 0x00, 0x7F, 0x12, 0x7F, 0x00 },
  { 0x09, 0x25, 0x23, 0x20, 0x3F, 0x2A, 0x7F, 0x00 },
  { 0x09, 0x25, 0x23, 0x60, 0x3F, 0x2A, 0x7F, 0x00 },
  { 0x09, 0x25, 0x23, 0x60, 0x5F, 0x2A, 0x5F, 0x00 },
  { 0x09, 0x75, 0x43, 0x40, 0x5F, 0x4A, 0x5F, 0x00 },
  { 0x09, 0x75, 0x43, 0x40, 0x5F, 0x35, 0x5F, 0x00 },
  { 0x09, 0x75, 0x43, 0x50, 0x3F, 0x55, 0x3F, 0x00 },
  { 0x09, 0x75, 0x53, 0x50, 0x5F, 0x55, 0x5F, 0x00 },
  { 0x05, 0x6D, 0x6B, 0x58, 0x5F, 0x55, 0x5F, 0x00 },
  { 0x05, 0x6D, 0x5B, 0x58, 0x1F, 0x15, 0x7F, 0x00 },
  { 0x05, 0x6D, 0x5B, 0x58, 0x7F, 0x55, 0x7F, 0x00 },
  { 0x05, 0x6D, 0x5B, 0x58, 0x7F, 0x65, 0x7F, 0x00 },
  { 0x05, 0x6D, 0x5B, 0x58, 0x4F, 0x35, 0x4F, 0x00 }, // '걠'
  { 0x05, 0x6D, 0x5B, 0x58, 0x7F, 0x75, 0x5F, 0x00 },
  { 0x05, 0x6D, 0x5B, 0x78, 0x5F, 0x75, 0x5F, 0x00 },
  { 0x05, 0x6D, 0x5B, 0x58, 0x2F, 0x55, 0x2F, 0x00 },
  { 0x09, 0x75, 0x53, 0x50, 0x5F, 0x55, 0x7F, 0x00 },
  { 0x09, 0x75, 0x63, 0x60, 0x6F, 0x65, 0x7F, 0x00 },
  { 0x09, 0x75, 0x63, 0x70, 0x4F, 0x35, 0x4F, 0x00 },
  { 0x09, 0x45, 0x23, 0x10, 0x3F, 0x4A, 0x1F, 0x00 },
  { 0x09, 0x45, 0x33, 0x40, 0x3F, 0x4A, 0x1F, 0x00 },
  { 0x09, 0x25, 0x53, 0x50, 0x5F, 0x55, 0x2F, 0x00 },
  { 0x09, 0x55, 0x53, 0x30, 0x3F, 0x55, 0x5F, 0x00 },
  { 0x09, 0x55, 0x53, 0x38, 0x37, 0x55, 0x5F, 0x00 },
  { 0x09, 0x15, 0x33, 0x30, 0x3F, 0x35, 0x7F, 0x00 },
  { 0x05, 0x7D, 0x5B, 0x58, 0x5F, 0x55, 0x4F, 0x00 },
  { 0x09, 0x55, 0x73, 0x50, 0x5F, 0x75, 0x5F, 0x00 },
  { 0x09, 0x15, 0x33, 0x58, 0x57, 0x35, 0x1F, 0x00 },
  { 0x00, 0x21, 0x19, 0x07, 0x04, 0x04, 0x7F, 0x00 }, // '거'
  { 0x00, 0x09, 0x25, 0x23, 0x22, 0x22, 0x6F, 0x00 },
  { 0x00, 0x09, 0x25, 0x23, 0x62, 0x22, 0x6F, 0x00 },
  { 0x09, 0x25, 0x23, 0x62, 0x42, 0x2F, 0x40, 0x00 },
  { 0x00, 0x09, 0x65, 0x43, 0x42, 0x42, 0x5F, 0x00 },
  { 0x00, 0x09, 0x65, 0x43, 0x52, 0x32, 0x57, 0x00 },
  { 0x09, 0x65, 0x43, 0x52, 0x32, 0x5F, 0x30, 0x00 },
  { 0x00, 0x09, 0x75, 0x53, 0x52, 0x52, 0x5F, 0x00 },
  { 0x00, 0x05, 0x6D, 0x6B, 0x5A, 0x5A, 0x5F, 0x00 },
  { 0x00, 0x05, 0x6D, 0x5B, 0x5A, 0x0A, 0x7F, 0x00 },
  { 0x00, 0x05, 0x6D, 0x5B, 0x7A, 0x4A, 0x7F, 0x00 },
  { 0x00, 0x05, 0x6D, 0x5B, 0x7A, 0x52, 0x7F, 0x00 },
  { 0x05, 0x6D, 0x5B, 0x5A, 0x42, 0x37, 0x40, 0x00 },
  { 0x00, 0x05, 0x6D, 0x5B, 0x7A, 0x5A, 0x4F, 0x00 },
  { 0x05, 0x6D, 0x5B, 0x7A, 0x4A, 0x7F, 0x48, 0x00 },
  { 0x05, 0x6D, 0x5B, 0x5A, 0x32, 0x5F, 0x30, 0x00 },
  { 0x00, 0x09, 0x75, 0x53, 0x52, 0x52, 0x7F, 0x00 }, // '검'
  { 0x00, 0x09, 0x75, 0x63, 0x62, 0x62, 0x7F, 0x00 },
  { 0x09, 0x75, 0x63, 0x72, 0x42, 0x37, 0x40, 0x00 },
  { 0x00, 0x09, 0x45, 0x23, 0x12, 0x22, 0x4F, 0x00 },
  { 0x00, 0x09, 0x45, 0x33, 0x42, 0x32, 0x4F, 0x00 },
  { 0x00, 0x09, 0x25, 0x53, 0x52, 0x52, 0x2F, 0x00 },
  { 0x00, 0x09, 0x55, 0x33, 0x12, 0x32, 0x5F, 0x00 },
  { 0x00, 0x09, 0x55, 0x33, 0x1A, 0x32, 0x5F, 0x00 },
  { 0x00, 0x09, 0x15, 0x33, 0x32, 0x32, 0x7F, 0x00 },
  { 0x00, 0x05, 0x7D, 0x5B, 0x5A, 0x5A, 0x4F, 0x00 },
  { 0x00, 0x09, 0x55, 0x73, 0x52, 0x72, 0x5F, 0x00 },
  { 0x00, 0x09, 0x15, 0x33, 0x5A, 0x32, 0x1F, 0x00 },
  { 0x21, 0x19, 0x07, 0x04, 0x7F, 0x00, 0x7F, 0x00 },
  { 0x09, 0x25, 0x23, 0x22, 0x2F, 0x20, 0x6F, 0x00 },
  { 0x09, 0x25, 0x23, 0x62, 0x2F, 0x20, 0x6F, 0x00 },
  { 0x09, 0x25, 0x23, 0x62, 0x4F, 0x20, 0x4F, 0x00 },
  { 0x09, 0x75, 0x43, 0x42, 0x5F, 0x40, 0x5F, 0x00 }, // '겐'
  { 0x09, 0x75, 0x43, 0x42, 0x57, 0x30, 0x57, 0x00 },
  { 0x09, 0x75, 0x43, 0x52, 0x37, 0x58, 0x37, 0x00 },
  { 0x09, 0x75, 0x53, 0x52, 0x5F, 0x50, 0x5F, 0x00 },
  { 0x05, 0x6D, 0x6B, 0x5A, 0x5F, 0x58, 0x5F, 0x00 },
  { 0x05, 0x6D, 0x5B, 0x5A, 0x0F, 0x08, 0x7F, 0x00 },
  { 0x05, 0x6D, 0x5B, 0x5A, 0x7F, 0x48, 0x7F, 0x00 },
  { 0x05, 0x6D, 0x5B, 0x5A, 0x7F, 0x50, 0x7F, 0x00 },
  { 0x05, 0x6D, 0x5B, 0x5A, 0x67, 0x18, 0x67, 0x00 },
  { 0x05, 0x6D, 0x5B, 0x5A, 0x7F, 0x58, 0x4F, 0x00 },
  { 0x05, 0x6D, 0x5B, 0x7A, 0x4F, 0x78, 0x4F, 0x00 },
  { 0x05, 0x6D, 0x5B, 0x5A, 0x37, 0x58, 0x37, 0x00 },
  { 0x09, 0x75, 0x53, 0x52, 0x5F, 0x50, 0x7F, 0x00 },
  { 0x09, 0x75, 0x63, 0x62, 0x6F, 0x60, 0x7F, 0x00 },
  { 0x09, 0x75, 0x63, 0x72, 0x4F, 0x30, 0x4F, 0x00 },
  { 0x09, 0x45, 0x23, 0x12, 0x2F, 0x40, 0x0F, 0x00 },
  { 0x09, 0x45, 0x33, 0x42, 0x37, 0x40, 0x0F, 0x00 }, // '겠'
  { 0x09, 0x25, 0x53, 0x52, 0x5F, 0x50, 0x2F, 0x00 },
  { 0x09, 0x55, 0x53, 0x32, 0x3F, 0x50, 0x5F, 0x00 },
  { 0x09, 0x55, 0x53, 0x3A, 0x37, 0x50, 0x5F, 0x00 },
  { 0x09, 0x15, 0x33, 0x32, 0x3F, 0x30, 0x7F, 0x00 },
  { 0x05, 0x7D, 0x5B, 0x5A, 0x5F, 0x58, 0x4F, 0x00 },
  { 0x09, 0x55, 0x73, 0x52, 0x5F, 0x70, 0x5F, 0x00 },
  { 0x09, 0x15, 0x33, 0x5A, 0x57, 0x30, 0x1F, 0x00 },
  { 0x00, 0x21, 0x19, 0x07, 0x0A, 0x0A, 0x7F, 0x00 },
  { 0x00, 0x09, 0x25, 0x23, 0x20, 0x2A, 0x7F, 0x00 },
  { 0x00, 0x09, 0x25, 0x23, 0x60, 0x2A, 0x7F, 0x00 },
  { 0x09, 0x25, 0x23, 0x60, 0x4A, 0x3F, 0x40, 0x00 },
  { 0x00, 0x09, 0x75, 0x43, 0x40, 0x4A, 0x5F, 0x00 },
  { 0x00, 0x09, 0x75, 0x43, 0x50, 0x35, 0x5F, 0x00 },
  { 0x09, 0x75, 0x43, 0x50, 0x35, 0x5F, 0x30, 0x00 },
  { 0x00, 0x09, 0x75, 0x53, 0x50, 0x55, 0x5F, 0x00 },
  { 0x00, 0x05, 0x6D, 0x6B, 0x58, 0x55, 0x5F, 0x00 }, // '결'
  { 0x00, 0x05, 0x6D, 0x5B, 0x58, 0x15, 0x7F, 0x00 },
  { 0x00, 0x05, 0x6D, 0x5B, 0x78, 0x55, 0x7F, 0x00 },
  { 0x00, 0x05, 0x6D, 0x5B, 0x78, 0x65, 0x7F, 0x00 },
  { 0x05, 0x6D, 0x5B, 0x58, 0x45, 0x2F, 0x40, 0x00 },
  { 0x00, 0x05, 0x6D, 0x5B, 0x78, 0x75, 0x5F, 0x00 },
  { 0x05, 0x6D, 0x5B, 0x78, 0x55, 0x7F, 0x50, 0x00 },
  { 0x05, 0x6D, 0x5B, 0x58, 0x35, 0x5F, 0x30, 0x00 },
  { 0x00, 0x09, 0x75, 0x53, 0x50, 0x55, 0x7F, 0x00 },
  { 0x00, 0x09, 0x75, 0x63, 0x60, 0x65, 0x7F, 0x00 },
  { 0x09, 0x75, 0x63, 0x70, 0x45, 0x2F, 0x40, 0x00 },
  { 0x00, 0x09, 0x45, 0x23, 0x10, 0x25, 0x4F, 0x00 },
  { 0x00, 0x09, 0x45, 0x33, 0x40, 0x35, 0x4F, 0x00 },
  { 0x00, 0x09, 0x25, 0x53, 0x50, 0x55, 0x2F, 0x00 },
  { 0x00, 0x09, 0x55, 0x33, 0x10, 0x35, 0x5F, 0x00 },
  { 0x00, 0x09, 0x55, 0x33, 0x18, 0x35, 0x5F, 0x00 },
  { 0x00, 0x09, 0x15, 0x33, 0x30, 0x35, 0x7F, 0x00 }, // '곀'
  { 0x00, 0x05, 0x7D, 0x5B, 0x58, 0x55, 0x4F, 0x00 },
  { 0x00, 0x09, 0x55, 0x73, 0x50, 0x75, 0x5F, 0x00 },
  { 0x00, 0x09, 0x15, 0x33, 0x58, 0x35, 0x1F, 0x00 },
  { 0x21, 0x19, 0x07, 0x12, 0x7F, 0x00, 0x7F, 0x00 },
  { 0x09, 0x25, 0x23, 0x2A, 0x3F, 0x20, 0x7F, 0x00 },
  { 0x09, 0x25, 0x23, 0x6A, 0x3F, 0x20, 0x7F, 0x00 },
  { 0x09, 0x25, 0x23, 0x6A, 0x5F, 0x20, 0x5F, 0x00 },
  { 0x09, 0x75, 0x43, 0x4A, 0x5F, 0x40, 0x5F, 0x00 },
  { 0x09, 0x75, 0x43, 0x4A, 0x5F, 0x30, 0x5F, 0x00 },
  { 0x09, 0x75, 0x43, 0x4A, 0x2F, 0x50, 0x2F, 0x00 },
  { 0x09, 0x75, 0x53, 0x55, 0x5F, 0x50, 0x5F, 0x00 },
  { 0x05, 0x6D, 0x6B, 0x55, 0x5F, 0x50, 0x5F, 0x00 },
  { 0x05, 0x6D, 0x5B, 0x55, 0x0F, 0x08, 0x7F, 0x00 },
  { 0x05, 0x6D, 0x5B, 0x55, 0x7F, 0x48, 0x7F, 0x00 },
  { 0x05, 0x6D, 0x5B, 0x55, 0x7F, 0x50, 0x7F, 0x00 },
  { 0x05, 0x6D, 0x5B, 0x55, 0x4F, 0x30, 0x4F, 0x00 }, // '곐'
  { 0x05, 0x6D, 0x5B, 0x55, 0x7F, 0x58, 0x4F, 0x00 },
  { 0x05, 0x6D, 0x5B, 0x75, 0x4F, 0x78, 0x4F, 0x00 },
  { 0x05, 0x6D, 0x5B, 0x55, 0x3F, 0x50, 0x3F, 0x00 },
  { 0x09, 0x75, 0x53, 0x55, 0x5F, 0x50, 0x7F, 0x00 },
  { 0x09, 0x75, 0x63, 0x65, 0x6F, 0x60, 0x7F, 0x00 },
  { 0x09, 0x75, 0x63, 0x75, 0x4F, 0x30, 0x4F, 0x00 },
  { 0x09, 0x45, 0x23, 0x15, 0x2F, 0x40, 0x0F, 0x00 },
  { 0x09, 0x45, 0x33, 0x45, 0x3F, 0x40, 0x0F, 0x00 },
  { 0x09, 0x25, 0x53, 0x55, 0x5F, 0x50, 0x2F, 0x00 },
  { 0x09, 0x55, 0x53, 0x35, 0x3F, 0x50, 0x5F, 0x00 },
  { 0x09, 0x55, 0x53, 0x3D, 0x37, 0x50, 0x5F, 0x00 },
  { 0x09, 0x15, 0x33, 0x35, 0x3F, 0x30, 0x7F, 0x00 },
  { 0x05, 0x7D, 0x5B, 0x55, 0x5F, 0x58, 0x4F, 0x00 },
  { 0x09, 0x55, 0x73, 0x55, 0x5F, 0x70, 0x5F, 0x00 },
  { 0x09, 0x15, 0x33, 0x55, 0x5F, 0x30, 0x1F, 0x00 },
  { 0x20, 0x21, 0x21, 0x39, 0x21, 0x2F, 0x20, 0x00 }, // '고'
  { 0x08, 0x29, 0x29, 0x2D, 0x29, 0x6F, 0x08, 0x00 },
  { 0x08, 0x29, 0x29, 0x6D, 0x29, 0x6F, 0x08, 0x00 },
  { 0x08, 0x29, 0x29, 0x6D, 0x49, 0x2F, 0x48, 0x00 },
  { 0x08, 0x69, 0x49, 0x4D, 0x49, 0x4F, 0x08, 0x00 },
  { 0x08, 0x69, 0x49, 0x5D, 0x39, 0x5F, 0x08, 0x00 },
  { 0x08, 0x69, 0x49, 0x4D, 0x29, 0x5F, 0x28, 0x00 },
  { 0x08, 0x79, 0x59, 0x5D, 0x59, 0x5F, 0x08, 0x00 },
  { 0x08, 0x69, 0x69, 0x5D, 0x59, 0x5F, 0x08, 0x00 },
  { 0x08, 0x69, 0x59, 0x5D, 0x09, 0x7F, 0x08, 0x00 },
  { 0x08, 0x69, 0x59, 0x7D, 0x49, 0x7F, 0x08, 0x00 },
  { 0x08, 0x69, 0x59, 0x7D, 0x69, 0x7F, 0x08, 0x00 },
  { 0x08, 0x69, 0x59, 0x5D, 0x49, 0x3F, 0x48, 0x00 },
  { 0x08, 0x69, 0x59, 0x7D, 0x79, 0x5F, 0x08, 0x00 },
  { 0x08, 0x69, 0x59, 0x7D, 0x59, 0x7F, 0x58, 0x00 },
  { 0x08, 0x69, 0x59, 0x5D, 0x39, 0x5F, 0x38, 0x00 },
  { 0x08, 0x79, 0x59, 0x5D, 0x59, 0x7F, 0x08, 0x00 }, // '곰'
  { 0x08, 0x79, 0x69, 0x6D, 0x69, 0x7F, 0x08, 0x00 },
  { 0x08, 0x79, 0x69, 0x7D, 0x49, 0x3F, 0x48, 0x00 },
  { 0x08, 0x49, 0x29, 0x1D, 0x29, 0x4F, 0x08, 0x00 },
  { 0x08, 0x49, 0x39, 0x4D, 0x39, 0x4F, 0x08, 0x00 },
  { 0x08, 0x29, 0x59, 0x5D, 0x59, 0x2F, 0x08, 0x00 },
  { 0x08, 0x59, 0x39, 0x1D, 0x39, 0x5F, 0x08, 0x00 },
  { 0x08, 0x29, 0x69, 0x3D, 0x69, 0x2F, 0x08, 0x00 },
  { 0x08, 0x19, 0x39, 0x3D, 0x39, 0x7F, 0x08, 0x00 },
  { 0x08, 0x79, 0x59, 0x5D, 0x59, 0x4F, 0x08, 0x00 },
  { 0x08, 0x59, 0x79, 0x5D, 0x79, 0x5F, 0x08, 0x00 },
  { 0x08, 0x29, 0x69, 0x5D, 0x69, 0x2F, 0x08, 0x00 },
  { 0x21, 0x39, 0x21, 0x2F, 0x20, 0x7F, 0x08, 0x00 },
  { 0x09, 0x2D, 0x29, 0x2F, 0x28, 0x6F, 0x02, 0x00 },
  { 0x09, 0x2D, 0x29, 0x6F, 0x28, 0x6F, 0x02, 0x00 },
  { 0x09, 0x2D, 0x29, 0x6F, 0x48, 0x2F, 0x42, 0x00 },
  { 0x09, 0x6D, 0x49, 0x4F, 0x48, 0x5F, 0x04, 0x00 }, // '관'
  { 0x09, 0x6D, 0x49, 0x5F, 0x38, 0x5F, 0x04, 0x00 },
  { 0x09, 0x6D, 0x49, 0x4F, 0x28, 0x5F, 0x24, 0x00 },
  { 0x09, 0x7D, 0x59, 0x5F, 0x58, 0x5F, 0x02, 0x00 },
  { 0x09, 0x6D, 0x69, 0x5F, 0x58, 0x5F, 0x02, 0x00 },
  { 0x09, 0x6D, 0x59, 0x5F, 0x18, 0x7F, 0x02, 0x00 },
  { 0x09, 0x6D, 0x59, 0x7F, 0x58, 0x7F, 0x02, 0x00 },
  { 0x09, 0x6D, 0x59, 0x7F, 0x68, 0x7F, 0x02, 0x00 },
  { 0x09, 0x6D, 0x59, 0x5F, 0x48, 0x3F, 0x42, 0x00 },
  { 0x09, 0x6D, 0x59, 0x7F, 0x78, 0x5F, 0x02, 0x00 },
  { 0x09, 0x6D, 0x59, 0x7F, 0x58, 0x7F, 0x52, 0x00 },
  { 0x09, 0x6D, 0x59, 0x5F, 0x28, 0x5F, 0x22, 0x00 },
  { 0x09, 0x7D, 0x59, 0x5F, 0x58, 0x7F, 0x02, 0x00 },
  { 0x09, 0x7D, 0x69, 0x6F, 0x68, 0x7F, 0x02, 0x00 },
  { 0x09, 0x7D, 0x69, 0x7F, 0x48, 0x3F, 0x42, 0x00 },
  { 0x09, 0x4D, 0x29, 0x1F, 0x28, 0x4F, 0x02, 0x00 },
  { 0x09, 0x4D, 0x39, 0x4F, 0x38, 0x4F, 0x02, 0x00 }, // '괐'
  { 0x09, 0x2D, 0x59, 0x5F, 0x58, 0x2F, 0x02, 0x00 },
  { 0x09, 0x5D, 0x39, 0x1F, 0x38, 0x5F, 0x02, 0x00 },
  { 0x09, 0x2D, 0x69, 0x3F, 0x68, 0x2F, 0x02, 0x00 },
  { 0x09, 0x1D, 0x39, 0x3F, 0x38, 0x7F, 0x02, 0x00 },
  { 0x09, 0x7D, 0x59, 0x5F, 0x58, 0x4F, 0x02, 0x00 },
  { 0x09, 0x5D, 0x79, 0x5F, 0x78, 0x5F, 0x02, 0x00 },
  { 0x09, 0x2D, 0x69, 0x5F, 0x68, 0x2F, 0x02, 0x00 },
  { 0x21, 0x39, 0x27, 0x20, 0x7F, 0x08, 0x7F, 0x00 },
  { 0x09, 0x2D, 0x2B, 0x28, 0x2F, 0x22, 0x6F, 0x00 },
  { 0x09, 0x2D, 0x2B, 0x68, 0x2F, 0x22, 0x6F, 0x00 },
  { 0x09, 0x2D, 0x2B, 0x68, 0x4F, 0x22, 0x4F, 0x00 },
  { 0x09, 0x6D, 0x4B, 0x48, 0x5F, 0x44, 0x5F, 0x00 },
  { 0x09, 0x6D, 0x4B, 0x48, 0x5F, 0x34, 0x5F, 0x00 },
  { 0x09, 0x6D, 0x4B, 0x48, 0x2F, 0x54, 0x2F, 0x00 },
  { 0x09, 0x7D, 0x5B, 0x58, 0x5F, 0x52, 0x5F, 0x00 },
  { 0x09, 0x6D, 0x6B, 0x58, 0x5F, 0x5A, 0x5F, 0x00 }, // '괠'
  { 0x09, 0x6D, 0x5B, 0x58, 0x1F, 0x12, 0x7F, 0x00 },
  { 0x09, 0x6D, 0x5B, 0x58, 0x7F, 0x52, 0x7F, 0x00 },
  { 0x09, 0x6D, 0x5B, 0x58, 0x7F, 0x62, 0x7F, 0x00 },
  { 0x09, 0x6D, 0x5B, 0x58, 0x4F, 0x32, 0x4F, 0x00 },
  { 0x09, 0x6D, 0x5B, 0x58, 0x7F, 0x72, 0x5F, 0x00 },
  { 0x09, 0x6D, 0x5B, 0x78, 0x5F, 0x72, 0x5F, 0x00 },
  { 0x09, 0x6D, 0x5B, 0x58, 0x37, 0x5A, 0x37, 0x00 },
  { 0x09, 0x7D, 0x5B, 0x58, 0x5F, 0x52, 0x7F, 0x00 },
  { 0x09, 0x7D, 0x6B, 0x68, 0x6F, 0x62, 0x7F, 0x00 },
  { 0x09, 0x7D, 0x6B, 0x78, 0x4F, 0x32, 0x4F, 0x00 },
  { 0x09, 0x4D, 0x2B, 0x18, 0x2F, 0x42, 0x0F, 0x00 },
  { 0x09, 0x4D, 0x3B, 0x48, 0x3F, 0x42, 0x0F, 0x00 },
  { 0x09, 0x2D, 0x5B, 0x58, 0x5F, 0x52, 0x2F, 0x00 },
  { 0x09, 0x5D, 0x5B, 0x38, 0x3F, 0x52, 0x5F, 0x00 },
  { 0x09, 0x2D, 0x6B, 0x38, 0x2F, 0x62, 0x2F, 0x00 },
  { 0x09, 0x1D, 0x3B, 0x38, 0x3F, 0x32, 0x7F, 0x00 }, // '괰'
  { 0x09, 0x7D, 0x5B, 0x58, 0x5F, 0x5A, 0x4F, 0x00 },
  { 0x09, 0x5D, 0x7B, 0x58, 0x5F, 0x72, 0x5F, 0x00 },
  { 0x09, 0x2D, 0x6B, 0x58, 0x6F, 0x62, 0x2F, 0x00 },
  { 0x00, 0x21, 0x39, 0x21, 0x2F, 0x20, 0x7F, 0x00 },
  { 0x00, 0x09, 0x2D, 0x29, 0x2F, 0x28, 0x6F, 0x00 },
  { 0x00, 0x09, 0x2D, 0x29, 0x6F, 0x28, 0x6F, 0x00 },
  { 0x09, 0x2D, 0x29, 0x6F, 0x48, 0x2F, 0x40, 0x00 },
  { 0x00, 0x09, 0x6D, 0x49, 0x4F, 0x48, 0x5F, 0x00 },
  { 0x00, 0x09, 0x6D, 0x49, 0x5F, 0x38, 0x5F, 0x00 },
  { 0x09, 0x6D, 0x49, 0x4F, 0x28, 0x5F, 0x20, 0x00 },
  { 0x00, 0x09, 0x7D, 0x59, 0x5F, 0x58, 0x5F, 0x00 },
  { 0x00, 0x09, 0x6D, 0x69, 0x5F, 0x58, 0x5F, 0x00 },
  { 0x00, 0x09, 0x6D, 0x59, 0x5F, 0x18, 0x7F, 0x00 },
  { 0x00, 0x09, 0x6D, 0x59, 0x7F, 0x58, 0x7F, 0x00 },
  { 0x00, 0x09, 0x6D, 0x59, 0x7F, 0x68, 0x7F, 0x00 },
  { 0x09, 0x6D, 0x59, 0x5F, 0x48, 0x3F, 0x40, 0x00 }, // '굀'
  { 0x00, 0x09, 0x6D, 0x59, 0x7F, 0x78, 0x5F, 0x00 },
  { 0x09, 0x6D, 0x59, 0x7F, 0x58, 0x7F, 0x50, 0x00 },
  { 0x09, 0x6D, 0x59, 0x5F, 0x28, 0x5F, 0x20, 0x00 },
  { 0x00, 0x09, 0x7D, 0x59, 0x5F, 0x58, 0x7F, 0x00 },
  { 0x00, 0x09, 0x7D, 0x69, 0x6F, 0x68, 0x7F, 0x00 },
  { 0x09, 0x7D, 0x69, 0x7F, 0x48, 0x3F, 0x40, 0x00 },
  { 0x00, 0x09, 0x4D, 0x29, 0x1F, 0x28, 0x4F, 0x00 },
  { 0x00, 0x09, 0x4D, 0x39, 0x4F, 0x38, 0x4F, 0x00 },
  { 0x00, 0x09, 0x2D, 0x59, 0x5F, 0x58, 0x2F, 0x00 },
  { 0x00, 0x09, 0x5D, 0x39, 0x1F, 0x38, 0x5F, 0x00 },
  { 0x00, 0x09, 0x2D, 0x69, 0x3F, 0x68, 0x2F, 0x00 },
  { 0x00, 0x09, 0x1D, 0x39, 0x3F, 0x38, 0x7F, 0x00 },
  { 0x00, 0x09, 0x7D, 0x59, 0x5F, 0x58, 0x4F, 0x00 },
  { 0x00, 0x09, 0x5D, 0x79, 0x5F, 0x78, 0x5F, 0x00 },
  { 0x00, 0x09, 0x2D, 0x69, 0x5F, 0x68, 0x2F, 0x00 },
  { 0x20, 0x21, 0x39, 0x21, 0x39, 0x27, 0x20, 0x00 }, // '교'
  { 0x08, 0x29, 0x2D, 0x29, 0x2D, 0x6B, 0x08, 0x00 },
  { 0x08, 0x29, 0x2D, 0x69, 0x2D, 0x6B, 0x08, 0x00 },
  { 0x08, 0x29, 0x2D, 0x69, 0x4D, 0x2B, 0x48, 0x00 },
  { 0x08, 0x69, 0x4D, 0x49, 0x4D, 0x4B, 0x08, 0x00 },
  { 0x08, 0x69, 0x4D, 0x59, 0x3D, 0x5B, 0x08, 0x00 },
  { 0x08, 0x69, 0x4D, 0x49, 0x2D, 0x5B, 0x28, 0x00 },
  { 0x08, 0x79, 0x5D, 0x59, 0x5D, 0x5B, 0x08, 0x00 },
  { 0x08, 0x69, 0x6D, 0x59, 0x5D, 0x5B, 0x08, 0x00 },
  { 0x08, 0x69, 0x5D, 0x59, 0x1D, 0x7B, 0x08, 0x00 },
  { 0x08, 0x69, 0x5D, 0x79, 0x5D, 0x7B, 0x08, 0x00 },
  { 0x08, 0x69, 0x5D, 0x79, 0x6D, 0x7B, 0x08, 0x00 },
  { 0x08, 0x69, 0x5D, 0x59, 0x4D, 0x3B, 0x48, 0x00 },
  { 0x08, 0x69, 0x5D, 0x79, 0x7D, 0x5B, 0x08, 0x00 },
  { 0x08, 0x69, 0x5D, 0x79, 0x5D, 0x7B, 0x58, 0x00 },
  { 0x08, 0x69, 0x5D, 0x59, 0x2D, 0x5B, 0x28, 0x00 },
  { 0x08, 0x79, 0x5D, 0x59, 0x5D, 0x7B, 0x08, 0x00 }, // '굠'
  { 0x08, 0x79, 0x6D, 0x69, 0x6D, 0x7B, 0x08, 0x00 },
  { 0x08, 0x79, 0x6D, 0x79, 0x4D, 0x3B, 0x48, 0x00 },
  { 0x08, 0x49, 0x2D, 0x19, 0x2D, 0x4B, 0x08, 0x00 },
  { 0x08, 0x49, 0x3D, 0x49, 0x3D, 0x4B, 0x08, 0x00 },
  { 0x08, 0x29, 0x5D, 0x59, 0x5D, 0x2B, 0x08, 0x00 },
  { 0x08, 0x59, 0x3D, 0x19, 0x3D, 0x5B, 0x08, 0x00 },
  { 0x08, 0x29, 0x6D, 0x39, 0x6D, 0x2B, 0x08, 0x00 },
  { 0x08, 0x19, 0x3D, 0x39, 0x3D, 0x7B, 0x08, 0x00 },
  { 0x08, 0x79, 0x5D, 0x59, 0x5D, 0x4B, 0x08, 0x00 },
  { 0x08, 0x59, 0x7D, 0x59, 0x7D, 0x5B, 0x08, 0x00 },
  { 0x08, 0x29, 0x6D, 0x59, 0x6D, 0x2B, 0x08, 0x00 },
  { 0x08, 0x09, 0x09, 0x79, 0x09, 0x0F, 0x08, 0x00 },
  { 0x08, 0x29, 0x29, 0x39, 0x29, 0x6F, 0x08, 0x00 },
  { 0x08, 0x29, 0x29, 0x79, 0x29, 0x6F, 0x08, 0x00 },
  { 0x08, 0x29, 0x29, 0x79, 0x49, 0x2F, 0x48, 0x00 },
  { 0x08, 0x69, 0x49, 0x59, 0x49, 0x4F, 0x08, 0x00 }, // '군'
  { 0x04, 0x75, 0x45, 0x5D, 0x35, 0x57, 0x04, 0x00 },
  { 0x04, 0x75, 0x45, 0x5D, 0x35, 0x57, 0x34, 0x00 },
  { 0x04, 0x75, 0x55, 0x5D, 0x55, 0x57, 0x04, 0x00 },
  { 0x04, 0x15, 0x55, 0x7D, 0x55, 0x47, 0x04, 0x00 },
  { 0x04, 0x55, 0x75, 0x5D, 0x15, 0x77, 0x04, 0x00 },
  { 0x04, 0x55, 0x75, 0x7D, 0x55, 0x77, 0x04, 0x00 },
  { 0x04, 0x55, 0x75, 0x5D, 0x65, 0x77, 0x04, 0x00 },
  { 0x04, 0x55, 0x75, 0x5D, 0x45, 0x37, 0x44, 0x00 },
  { 0x04, 0x55, 0x75, 0x5D, 0x75, 0x77, 0x54, 0x00 },
  { 0x04, 0x55, 0x75, 0x7D, 0x55, 0x77, 0x54, 0x00 },
  { 0x04, 0x55, 0x75, 0x5D, 0x35, 0x57, 0x34, 0x00 },
  { 0x04, 0x75, 0x55, 0x5D, 0x55, 0x77, 0x04, 0x00 },
  { 0x04, 0x75, 0x65, 0x6D, 0x65, 0x77, 0x04, 0x00 },
  { 0x04, 0x75, 0x65, 0x7D, 0x45, 0x37, 0x44, 0x00 },
  { 0x04, 0x45, 0x25, 0x1D, 0x25, 0x47, 0x04, 0x00 },
  { 0x04, 0x45, 0x35, 0x4D, 0x35, 0x47, 0x04, 0x00 }, // '궀'
  { 0x04, 0x25, 0x55, 0x5D, 0x55, 0x27, 0x04, 0x00 },
  { 0x04, 0x55, 0x35, 0x1D, 0x35, 0x57, 0x04, 0x00 },
  { 0x04, 0x55, 0x35, 0x1D, 0x35, 0x57, 0x04, 0x00 },
  { 0x04, 0x15, 0x35, 0x3D, 0x35, 0x77, 0x04, 0x00 },
  { 0x04, 0x75, 0x75, 0x7D, 0x75, 0x57, 0x04, 0x00 },
  { 0x04, 0x55, 0x75, 0x5D, 0x75, 0x57, 0x04, 0x00 },
  { 0x04, 0x15, 0x35, 0x5D, 0x35, 0x17, 0x04, 0x00 },
  { 0x00, 0x09, 0x09, 0x79, 0x0F, 0x28, 0x7F, 0x00 },
  { 0x00, 0x05, 0x25, 0x3D, 0x27, 0x28, 0x7F, 0x00 },
  { 0x00, 0x05, 0x25, 0x3D, 0x67, 0x28, 0x7F, 0x00 },
  { 0x05, 0x25, 0x3D, 0x67, 0x48, 0x3F, 0x40, 0x00 },
  { 0x00, 0x05, 0x65, 0x5D, 0x47, 0x48, 0x5F, 0x00 },
  { 0x00, 0x05, 0x75, 0x4D, 0x57, 0x38, 0x5F, 0x00 },
  { 0x05, 0x75, 0x4D, 0x47, 0x28, 0x5F, 0x20, 0x00 },
  { 0x00, 0x05, 0x75, 0x5D, 0x57, 0x58, 0x5F, 0x00 },
  { 0x00, 0x05, 0x15, 0x5D, 0x77, 0x58, 0x4F, 0x00 }, // '궐'
  { 0x00, 0x05, 0x55, 0x7D, 0x57, 0x18, 0x7F, 0x00 },
  { 0x00, 0x05, 0x55, 0x7D, 0x77, 0x58, 0x7F, 0x00 },
  { 0x00, 0x05, 0x55, 0x7D, 0x77, 0x68, 0x7F, 0x00 },
  { 0x05, 0x55, 0x7D, 0x57, 0x48, 0x3F, 0x40, 0x00 },
  { 0x05, 0x55, 0x7D, 0x57, 0x78, 0x7F, 0x50, 0x00 },
  { 0x05, 0x55, 0x7D, 0x77, 0x58, 0x7F, 0x50, 0x00 },
  { 0x05, 0x55, 0x7D, 0x57, 0x38, 0x5F, 0x30, 0x00 },
  { 0x00, 0x05, 0x75, 0x5D, 0x57, 0x58, 0x7F, 0x00 },
  { 0x00, 0x05, 0x75, 0x6D, 0x67, 0x68, 0x7F, 0x00 },
  { 0x05, 0x75, 0x6D, 0x77, 0x48, 0x3F, 0x40, 0x00 },
  { 0x00, 0x05, 0x45, 0x2D, 0x17, 0x28, 0x4F, 0x00 },
  { 0x00, 0x05, 0x4D, 0x35, 0x47, 0x38, 0x4F, 0x00 },
  { 0x00, 0x05, 0x25, 0x5D, 0x57, 0x58, 0x2F, 0x00 },
  { 0x00, 0x05, 0x55, 0x3D, 0x17, 0x38, 0x5F, 0x00 },
  { 0x00, 0x05, 0x25, 0x6D, 0x37, 0x68, 0x2F, 0x00 },
  { 0x00, 0x05, 0x15, 0x3D, 0x37, 0x38, 0x7F, 0x00 }, // '궠'
  { 0x00, 0x05, 0x75, 0x7D, 0x77, 0x78, 0x5F, 0x00 },
  { 0x00, 0x05, 0x55, 0x7D, 0x57, 0x78, 0x5F, 0x00 },
  { 0x00, 0x05, 0x25, 0x6D, 0x57, 0x68, 0x2F, 0x00 },
  { 0x09, 0x79, 0x0F, 0x28, 0x7F, 0x00, 0x7F, 0x00 },
  { 0x05, 0x3D, 0x27, 0x28, 0x3F, 0x20, 0x7F, 0x00 },
  { 0x05, 0x3D, 0x27, 0x68, 0x3F, 0x20, 0x7F, 0x00 },
  { 0x05, 0x3D, 0x27, 0x68, 0x5F, 0x20, 0x5F, 0x00 },
  { 0x05, 0x6D, 0x47, 0x48, 0x5F, 0x40, 0x5F, 0x00 },
  { 0x05, 0x6D, 0x47, 0x48, 0x5F, 0x30, 0x5F, 0x00 },
  { 0x05, 0x6D, 0x47, 0x48, 0x2F, 0x50, 0x2F, 0x00 },
  { 0x05, 0x7D, 0x57, 0x58, 0x5F, 0x50, 0x5F, 0x00 },
  { 0x05, 0x1D, 0x57, 0x78, 0x7F, 0x50, 0x4F, 0x00 },
  { 0x05, 0x5D, 0x77, 0x58, 0x1F, 0x10, 0x7F, 0x00 },
  { 0x05, 0x5D, 0x77, 0x58, 0x7F, 0x50, 0x7F, 0x00 },
  { 0x05, 0x5D, 0x77, 0x58, 0x7F, 0x60, 0x7F, 0x00 },
  { 0x05, 0x5D, 0x77, 0x58, 0x4F, 0x30, 0x4F, 0x00 }, // '궰'
  { 0x05, 0x5D, 0x77, 0x58, 0x7F, 0x70, 0x5F, 0x00 },
  { 0x05, 0x5D, 0x77, 0x78, 0x5F, 0x70, 0x5F, 0x00 },
  { 0x05, 0x5D, 0x77, 0x58, 0x2F, 0x50, 0x2F, 0x00 },
  { 0x05, 0x7D, 0x57, 0x58, 0x5F, 0x50, 0x7F, 0x00 },
  { 0x05, 0x7D, 0x67, 0x68, 0x6F, 0x60, 0x7F, 0x00 },
  { 0x05, 0x7D, 0x67, 0x78, 0x4F, 0x30, 0x4F, 0x00 },
  { 0x05, 0x4D, 0x27, 0x18, 0x2F, 0x40, 0x0F, 0x00 },
  { 0x05, 0x4D, 0x37, 0x48, 0x3F, 0x40, 0x0F, 0x00 },
  { 0x05, 0x2D, 0x57, 0x58, 0x5F, 0x50, 0x2F, 0x00 },
  { 0x05, 0x5D, 0x57, 0x38, 0x3F, 0x50, 0x5F, 0x00 },
  { 0x05, 0x2D, 0x67, 0x38, 0x2F, 0x60, 0x2F, 0x00 },
  { 0x05, 0x1D, 0x37, 0x38, 0x3F, 0x30, 0x7F, 0x00 },
  { 0x05, 0x7D, 0x77, 0x78, 0x7F, 0x70, 0x5F, 0x00 },
  { 0x05, 0x5D, 0x77, 0x58, 0x5F, 0x70, 0x5F, 0x00 },
  { 0x05, 0x2D, 0x67, 0x58, 0x6F, 0x60, 0x2F, 0x00 },
  { 0x00, 0x09, 0x09, 0x79, 0x0F, 0x08, 0x7F, 0x00 }, // '귀'
  { 0x00, 0x09, 0x29, 0x39, 0x2F, 0x28, 0x6F, 0x00 },
  { 0x00, 0x09, 0x29, 0x39, 0x6F, 0x28, 0x6F, 0x00 },
  { 0x09, 0x29, 0x39, 0x6F, 0x48, 0x2F, 0x40, 0x00 },
  { 0x00, 0x09, 0x69, 0x59, 0x4F, 0x48, 0x5F, 0x00 },
  { 0x00, 0x05, 0x75, 0x4D, 0x57, 0x34, 0x57, 0x00 },
  { 0x05, 0x75, 0x4D, 0x57, 0x34, 0x5F, 0x30, 0x00 },
  { 0x00, 0x05, 0x75, 0x5D, 0x57, 0x54, 0x57, 0x00 },
  { 0x00, 0x05, 0x15, 0x5D, 0x77, 0x54, 0x4F, 0x00 },
  { 0x00, 0x05, 0x55, 0x7D, 0x57, 0x14, 0x77, 0x00 },
  { 0x00, 0x05, 0x55, 0x7D, 0x77, 0x54, 0x77, 0x00 },
  { 0x00, 0x05, 0x55, 0x7D, 0x77, 0x64, 0x77, 0x00 },
  { 0x05, 0x55, 0x7D, 0x57, 0x44, 0x37, 0x40, 0x00 },
  { 0x05, 0x55, 0x7D, 0x57, 0x74, 0x77, 0x50, 0x00 },
  { 0x05, 0x55, 0x7D, 0x77, 0x54, 0x77, 0x50, 0x00 },
  { 0x05, 0x55, 0x7D, 0x57, 0x34, 0x5F, 0x30, 0x00 },
  { 0x00, 0x05, 0x75, 0x5D, 0x57, 0x54, 0x77, 0x00 }, // '귐'
  { 0x00, 0x05, 0x75, 0x6D, 0x67, 0x64, 0x77, 0x00 },
  { 0x05, 0x75, 0x6D, 0x77, 0x44, 0x37, 0x40, 0x00 },
  { 0x00, 0x05, 0x45, 0x2D, 0x17, 0x24, 0x4F, 0x00 },
  { 0x00, 0x05, 0x4D, 0x35, 0x47, 0x34, 0x4F, 0x00 },
  { 0x00, 0x05, 0x25, 0x5D, 0x57, 0x54, 0x2F, 0x00 },
  { 0x00, 0x05, 0x55, 0x3D, 0x17, 0x34, 0x57, 0x00 },
  { 0x00, 0x05, 0x5D, 0x35, 0x1F, 0x34, 0x57, 0x00 },
  { 0x00, 0x05, 0x15, 0x3D, 0x37, 0x34, 0x77, 0x00 },
  { 0x00, 0x05, 0x75, 0x7D, 0x77, 0x74, 0x57, 0x00 },
  { 0x00, 0x05, 0x55, 0x7D, 0x57, 0x74, 0x57, 0x00 },
  { 0x00, 0x05, 0x1D, 0x35, 0x5F, 0x34, 0x17, 0x00 },
  { 0x08, 0x09, 0x79, 0x09, 0x79, 0x0F, 0x08, 0x00 },
  { 0x08, 0x29, 0x39, 0x29, 0x39, 0x6F, 0x08, 0x00 },
  { 0x08, 0x29, 0x39, 0x69, 0x39, 0x6F, 0x08, 0x00 },
  { 0x08, 0x29, 0x39, 0x69, 0x59, 0x2F, 0x48, 0x00 },
  { 0x08, 0x69, 0x59, 0x49, 0x59, 0x4F, 0x08, 0x00 }, // '균'
  { 0x04, 0x75, 0x4D, 0x55, 0x3D, 0x57, 0x04, 0x00 },
  { 0x04, 0x75, 0x4D, 0x55, 0x3D, 0x57, 0x34, 0x00 },
  { 0x04, 0x75, 0x5D, 0x55, 0x5D, 0x57, 0x04, 0x00 },
  { 0x04, 0x15, 0x5D, 0x75, 0x5D, 0x47, 0x04, 0x00 },
  { 0x04, 0x55, 0x7D, 0x55, 0x1D, 0x77, 0x04, 0x00 },
  { 0x04, 0x55, 0x7D, 0x75, 0x5D, 0x77, 0x04, 0x00 },
  { 0x04, 0x55, 0x7D, 0x55, 0x6D, 0x77, 0x04, 0x00 },
  { 0x04, 0x55, 0x7D, 0x55, 0x4D, 0x37, 0x44, 0x00 },
  { 0x04, 0x55, 0x7D, 0x55, 0x7D, 0x77, 0x54, 0x00 },
  { 0x04, 0x55, 0x7D, 0x75, 0x5D, 0x77, 0x54, 0x00 },
  { 0x04, 0x55, 0x7D, 0x55, 0x3D, 0x57, 0x34, 0x00 },
  { 0x04, 0x75, 0x5D, 0x55, 0x5D, 0x77, 0x04, 0x00 },
  { 0x04, 0x75, 0x6D, 0x65, 0x6D, 0x77, 0x04, 0x00 },
  { 0x04, 0x75, 0x6D, 0x75, 0x4D, 0x37, 0x44, 0x00 },
  { 0x04, 0x45, 0x2D, 0x15, 0x2D, 0x47, 0x04, 0x00 },
  { 0x04, 0x45, 0x2D, 0x45, 0x2D, 0x47, 0x04, 0x00 }, // '귰'
  { 0x04, 0x25, 0x5D, 0x55, 0x5D, 0x27, 0x04, 0x00 },
  { 0x04, 0x55, 0x3D, 0x15, 0x3D, 0x57, 0x04, 0x00 },
  { 0x04, 0x25, 0x6D, 0x35, 0x6D, 0x27, 0x04, 0x00 },
  { 0x04, 0x15, 0x3D, 0x35, 0x3D, 0x77, 0x04, 0x00 },
  { 0x04, 0x75, 0x7D, 0x75, 0x7D, 0x57, 0x04, 0x00 },
  { 0x04, 0x55, 0x7D, 0x55, 0x7D, 0x57, 0x04, 0x00 },
  { 0x04, 0x25, 0x6D, 0x55, 0x6D, 0x27, 0x04, 0x00 },
  { 0x20, 0x21, 0x21, 0x21, 0x21, 0x2F, 0x20, 0x00 },
  { 0x08, 0x29, 0x29, 0x29, 0x29, 0x6F, 0x08, 0x00 },
  { 0x08, 0x29, 0x29, 0x69, 0x29, 0x6F, 0x08, 0x00 },
  { 0x08, 0x29, 0x29, 0x69, 0x49, 0x2F, 0x48, 0x00 },
  { 0x08, 0x69, 0x49, 0x49, 0x49, 0x4F, 0x08, 0x00 },
  { 0x08, 0x69, 0x49, 0x59, 0x39, 0x5F, 0x08, 0x00 },
  { 0x08, 0x69, 0x49, 0x49, 0x29, 0x5F, 0x28, 0x00 },
  { 0x04, 0x75, 0x55, 0x55, 0x55, 0x57, 0x04, 0x00 },
  { 0x04, 0x6D, 0x6D, 0x5D, 0x5D, 0x5F, 0x04, 0x00 }, // '글'
  { 0x04, 0x6D, 0x5D, 0x5D, 0x0D, 0x7F, 0x04, 0x00 },
  { 0x04, 0x6D, 0x5D, 0x7D, 0x4D, 0x7F, 0x04, 0x00 },
  { 0x04, 0x6D, 0x5D, 0x7D, 0x55, 0x7F, 0x04, 0x00 },
  { 0x04, 0x6D, 0x5D, 0x5D, 0x65, 0x1F, 0x64, 0x00 },
  { 0x04, 0x6D, 0x5D, 0x7D, 0x5D, 0x4F, 0x04, 0x00 },
  { 0x04, 0x6D, 0x5D, 0x7D, 0x4D, 0x7F, 0x4C, 0x00 },
  { 0x04, 0x6D, 0x5D, 0x5D, 0x35, 0x5F, 0x34, 0x00 },
  { 0x04, 0x75, 0x55, 0x55, 0x55, 0x77, 0x04, 0x00 },
  { 0x04, 0x75, 0x65, 0x65, 0x65, 0x77, 0x04, 0x00 },
  { 0x04, 0x75, 0x65, 0x75, 0x45, 0x37, 0x44, 0x00 },
  { 0x04, 0x45, 0x25, 0x15, 0x25, 0x47, 0x04, 0x00 },
  { 0x04, 0x45, 0x35, 0x45, 0x35, 0x47, 0x04, 0x00 },
  { 0x04, 0x25, 0x55, 0x55, 0x55, 0x27, 0x04, 0x00 },
  { 0x04, 0x55, 0x35, 0x15, 0x35, 0x57, 0x04, 0x00 },
  { 0x04, 0x55, 0x35, 0x1D, 0x35, 0x57, 0x04, 0x00 },
  { 0x04, 0x15, 0x35, 0x35, 0x35, 0x77, 0x04, 0x00 }, // '긐'
  { 0x04, 0x7D, 0x5D, 0x5D, 0x5D, 0x4F, 0x04, 0x00 },
  { 0x04, 0x55, 0x75, 0x55, 0x75, 0x57, 0x04, 0x00 },
  { 0x04, 0x15, 0x35, 0x5D, 0x35, 0x17, 0x04, 0x00 },
  { 0x00, 0x21, 0x21, 0x21, 0x2F, 0x20, 0x7F, 0x00 },
  { 0x00, 0x09, 0x29, 0x29, 0x2F, 0x28, 0x6F, 0x00 },
  { 0x00, 0x09, 0x29, 0x29, 0x6F, 0x28, 0x6F, 0x00 },
  { 0x09, 0x29, 0x29, 0x6F, 0x48, 0x2F, 0x40, 0x00 },
  { 0x00, 0x09, 0x69, 0x49, 0x4F, 0x48, 0x5F, 0x00 },
  { 0x00, 0x05, 0x75, 0x45, 0x57, 0x34, 0x57, 0x00 },
  { 0x05, 0x75, 0x45, 0x57, 0x34, 0x5F, 0x30, 0x00 },
  { 0x00, 0x05, 0x75, 0x55, 0x57, 0x54, 0x57, 0x00 },
  { 0x00, 0x05, 0x6D, 0x6D, 0x5F, 0x5C, 0x5F, 0x00 },
  { 0x00, 0x05, 0x6D, 0x5D, 0x5F, 0x0C, 0x7F, 0x00 },
  { 0x00, 0x05, 0x6D, 0x5D, 0x7F, 0x4C, 0x7F, 0x00 },
  { 0x00, 0x05, 0x6D, 0x5D, 0x7F, 0x54, 0x7F, 0x00 },
  { 0x05, 0x6D, 0x5D, 0x5F, 0x44, 0x37, 0x40, 0x00 }, // '긠'
  { 0x00, 0x05, 0x6D, 0x5D, 0x7F, 0x5C, 0x4F, 0x00 },
  { 0x05, 0x6D, 0x5D, 0x7F, 0x4C, 0x7F, 0x48, 0x00 },
  { 0x05, 0x6D, 0x5D, 0x5F, 0x34, 0x5F, 0x30, 0x00 },
  { 0x00, 0x05, 0x75, 0x55, 0x57, 0x54, 0x77, 0x00 },
  { 0x00, 0x05, 0x75, 0x65, 0x67, 0x64, 0x77, 0x00 },
  { 0x05, 0x75, 0x65, 0x77, 0x44, 0x37, 0x40, 0x00 },
  { 0x00, 0x09, 0x49, 0x29, 0x1F, 0x28, 0x4F, 0x00 },
  { 0x00, 0x09, 0x49, 0x29, 0x4F, 0x28, 0x4F, 0x00 },
  { 0x00, 0x05, 0x25, 0x55, 0x57, 0x54, 0x27, 0x00 },
  { 0x00, 0x05, 0x55, 0x35, 0x17, 0x34, 0x57, 0x00 },
  { 0x00, 0x05, 0x55, 0x35, 0x1F, 0x34, 0x57, 0x00 },
  { 0x00, 0x05, 0x15, 0x35, 0x37, 0x34, 0x77, 0x00 },
  { 0x00, 0x05, 0x7D, 0x5D, 0x5F, 0x5C, 0x4F, 0x00 },
  { 0x00, 0x05, 0x55, 0x75, 0x57, 0x74, 0x57, 0x00 },
  { 0x00, 0x05, 0x15, 0x35, 0x5F, 0x34, 0x17, 0x00 },
  { 0x00, 0x21, 0x19, 0x07, 0x00, 0x00, 0x7F, 0x00 }, // '기'
  { 0x00, 0x09, 0x25, 0x23, 0x20, 0x20, 0x6F, 0x00 },
  { 0x00, 0x09, 0x25, 0x23, 0x60, 0x20, 0x6F, 0x00 },
  { 0x09, 0x25, 0x23, 0x60, 0x40, 0x2F, 0x40, 0x00 },
  { 0x00, 0x09, 0x65, 0x43, 0x40, 0x40, 0x5F, 0x00 },
  { 0x00, 0x09, 0x65, 0x43, 0x50, 0x30, 0x57, 0x00 },
  { 0x09, 0x65, 0x43, 0x50, 0x30, 0x5F, 0x30, 0x00 },
  { 0x00, 0x09, 0x75, 0x53, 0x50, 0x50, 0x5F, 0x00 },
  { 0x00, 0x05, 0x6D, 0x6B, 0x58, 0x58, 0x5F, 0x00 },
  { 0x00, 0x05, 0x6D, 0x5B, 0x58, 0x08, 0x7F, 0x00 },
  { 0x00, 0x05, 0x6D, 0x5B, 0x78, 0x48, 0x7F, 0x00 },
  { 0x00, 0x05, 0x6D, 0x5B, 0x78, 0x50, 0x7F, 0x00 },
  { 0x05, 0x6D, 0x5B, 0x58, 0x40, 0x37, 0x40, 0x00 },
  { 0x00, 0x05, 0x6D, 0x5B, 0x78, 0x58, 0x4F, 0x00 },
  { 0x05, 0x6D, 0x5B, 0x78, 0x48, 0x7F, 0x48, 0x00 },
  { 0x05, 0x6D, 0x5B, 0x58, 0x30, 0x5F, 0x30, 0x00 },
  { 0x00, 0x09, 0x75, 0x53, 0x50, 0x50, 0x7F, 0x00 }, // '김'
  { 0x00, 0x09, 0x75, 0x63, 0x60, 0x60, 0x7F, 0x00 },
  { 0x09, 0x75, 0x63, 0x70, 0x40, 0x37, 0x40, 0x00 },
  { 0x00, 0x09, 0x45, 0x23, 0x10, 0x20, 0x4F, 0x00 },
  { 0x00, 0x09, 0x45, 0x33, 0x40, 0x30, 0x4F, 0x00 },
  { 0x00, 0x09, 0x25, 0x53, 0x50, 0x50, 0x2F, 0x00 },
  { 0x00, 0x09, 0x55, 0x33, 0x10, 0x30, 0x5F, 0x00 },
  { 0x00, 0x09, 0x55, 0x33, 0x10, 0x30, 0x5F, 0x00 },
  { 0x00, 0x09, 0x15, 0x33, 0x30, 0x30, 0x7F, 0x00 },
  { 0x00, 0x05, 0x7D, 0x5B, 0x58, 0x58, 0x4F, 0x00 },
  { 0x00, 0x09, 0x55, 0x73, 0x50, 0x70, 0x5F, 0x00 },
  { 0x00, 0x09, 0x15, 0x33, 0x58, 0x30, 0x1F, 0x00 },
  { 0x21, 0x1F, 0x21, 0x1F, 0x00, 0x7F, 0x08, 0x00 },
  { 0x09, 0x27, 0x29, 0x27, 0x20, 0x6F, 0x02, 0x00 },
  { 0x09, 0x27, 0x29, 0x67, 0x20, 0x6F, 0x02, 0x00 },
  { 0x09, 0x27, 0x29, 0x67, 0x40, 0x2F, 0x42, 0x00 },
  { 0x09, 0x67, 0x49, 0x47, 0x40, 0x5F, 0x04, 0x00 }, // '깐'
  { 0x09, 0x67, 0x49, 0x57, 0x30, 0x5F, 0x02, 0x00 },
  { 0x09, 0x67, 0x49, 0x57, 0x30, 0x5F, 0x32, 0x00 },
  { 0x09, 0x77, 0x59, 0x57, 0x50, 0x5F, 0x02, 0x00 },
  { 0x05, 0x6B, 0x6D, 0x5B, 0x58, 0x5F, 0x02, 0x00 },
  { 0x05, 0x6B, 0x5D, 0x5B, 0x08, 0x7F, 0x02, 0x00 },
  { 0x05, 0x6B, 0x5D, 0x7B, 0x48, 0x7F, 0x02, 0x00 },
  { 0x05, 0x6B, 0x5D, 0x7B, 0x50, 0x7F, 0x02, 0x00 },
  { 0x05, 0x6B, 0x5D, 0x5B, 0x40, 0x37, 0x42, 0x00 },
  { 0x05, 0x6B, 0x5D, 0x7B, 0x58, 0x4F, 0x02, 0x00 },
  { 0x05, 0x6B, 0x5D, 0x7B, 0x48, 0x7F, 0x4A, 0x00 },
  { 0x05, 0x6B, 0x5D, 0x5B, 0x30, 0x5F, 0x32, 0x00 },
  { 0x09, 0x77, 0x59, 0x57, 0x50, 0x7F, 0x02, 0x00 },
  { 0x09, 0x77, 0x69, 0x67, 0x60, 0x7F, 0x02, 0x00 },
  { 0x09, 0x77, 0x69, 0x77, 0x40, 0x37, 0x42, 0x00 },
  { 0x09, 0x47, 0x29, 0x17, 0x20, 0x4F, 0x02, 0x00 },
  { 0x09, 0x47, 0x39, 0x47, 0x30, 0x4F, 0x02, 0x00 }, // '깠'
  { 0x09, 0x27, 0x59, 0x57, 0x50, 0x2F, 0x02, 0x00 },
  { 0x09, 0x57, 0x39, 0x17, 0x30, 0x5F, 0x02, 0x00 },
  { 0x05, 0x53, 0x35, 0x1B, 0x30, 0x57, 0x02, 0x00 },
  { 0x09, 0x17, 0x39, 0x37, 0x30, 0x7F, 0x02, 0x00 },
  { 0x05, 0x7B, 0x5D, 0x5B, 0x58, 0x4F, 0x02, 0x00 },
  { 0x09, 0x57, 0x79, 0x57, 0x70, 0x5F, 0x02, 0x00 },
  { 0x09, 0x17, 0x39, 0x57, 0x30, 0x1F, 0x02, 0x00 },
  { 0x21, 0x1F, 0x21, 0x1F, 0x7F, 0x08, 0x7F, 0x00 },
  { 0x09, 0x27, 0x29, 0x27, 0x2F, 0x22, 0x6F, 0x00 },
  { 0x09, 0x27, 0x29, 0x67, 0x2F, 0x22, 0x6F, 0x00 },
  { 0x09, 0x27, 0x29, 0x67, 0x4F, 0x22, 0x4F, 0x00 },
  { 0x09, 0x67, 0x49, 0x47, 0x5F, 0x44, 0x5F, 0x00 },
  { 0x09, 0x67, 0x49, 0x47, 0x57, 0x32, 0x57, 0x00 },
  { 0x09, 0x67, 0x49, 0x57, 0x37, 0x5A, 0x37, 0x00 },
  { 0x09, 0x77, 0x59, 0x57, 0x5F, 0x52, 0x5F, 0x00 },
  { 0x05, 0x6B, 0x6D, 0x5B, 0x5F, 0x5A, 0x5F, 0x00 }, // '깰'
  { 0x05, 0x6B, 0x5D, 0x5B, 0x0F, 0x0A, 0x7F, 0x00 },
  { 0x05, 0x6B, 0x5D, 0x5B, 0x7F, 0x4A, 0x7F, 0x00 },
  { 0x05, 0x6B, 0x5D, 0x5B, 0x7F, 0x52, 0x7F, 0x00 },
  { 0x05, 0x6B, 0x5D, 0x5B, 0x67, 0x1A, 0x67, 0x00 },
  { 0x05, 0x6B, 0x5D, 0x5B, 0x7F, 0x5A, 0x4F, 0x00 },
  { 0x05, 0x6B, 0x5D, 0x7B, 0x4F, 0x7A, 0x4F, 0x00 },
  { 0x05, 0x6B, 0x5D, 0x5B, 0x37, 0x5A, 0x37, 0x00 },
  { 0x09, 0x77, 0x59, 0x57, 0x5F, 0x52, 0x7F, 0x00 },
  { 0x09, 0x77, 0x69, 0x67, 0x6F, 0x62, 0x7F, 0x00 },
  { 0x09, 0x77, 0x69, 0x77, 0x4F, 0x32, 0x4F, 0x00 },
  { 0x09, 0x47, 0x29, 0x17, 0x2F, 0x42, 0x0F, 0x00 },
  { 0x09, 0x47, 0x29, 0x47, 0x2F, 0x42, 0x0F, 0x00 },
  { 0x09, 0x27, 0x59, 0x57, 0x5F, 0x52, 0x2F, 0x00 },
  { 0x09, 0x57, 0x59, 0x37, 0x3F, 0x52, 0x5F, 0x00 },
  { 0x05, 0x53, 0x55, 0x3B, 0x37, 0x52, 0x57, 0x00 },
  { 0x09, 0x17, 0x39, 0x37, 0x3F, 0x32, 0x7F, 0x00 }, // '꺀'
  { 0x05, 0x7B, 0x5D, 0x5B, 0x5F, 0x5A, 0x4F, 0x00 },
  { 0x09, 0x57, 0x79, 0x57, 0x5F, 0x72, 0x5F, 0x00 },
  { 0x05, 0x13, 0x35, 0x5B, 0x57, 0x32, 0x17, 0x00 },
  { 0x21, 0x1F, 0x21, 0x1F, 0x00, 0x7F, 0x12, 0x00 },
  { 0x09, 0x27, 0x29, 0x27, 0x20, 0x7F, 0x0A, 0x00 },
  { 0x09, 0x27, 0x29, 0x67, 0x20, 0x7F, 0x0A, 0x00 },
  { 0x09, 0x27, 0x29, 0x67, 0x40, 0x3F, 0x4A, 0x00 },
  { 0x09, 0x67, 0x49, 0x47, 0x40, 0x5F, 0x0A, 0x00 },
  { 0x09, 0x67, 0x49, 0x57, 0x30, 0x5F, 0x0A, 0x00 },
  { 0x09, 0x67, 0x49, 0x57, 0x30, 0x5F, 0x35, 0x00 },
  { 0x09, 0x77, 0x59, 0x57, 0x50, 0x5F, 0x0A, 0x00 },
  { 0x05, 0x6B, 0x6D, 0x5B, 0x58, 0x5F, 0x05, 0x00 },
  { 0x05, 0x6B, 0x5D, 0x5B, 0x10, 0x7F, 0x05, 0x00 },
  { 0x05, 0x6B, 0x5D, 0x7B, 0x50, 0x7F, 0x05, 0x00 },
  { 0x05, 0x6B, 0x5D, 0x7B, 0x60, 0x7F, 0x05, 0x00 },
  { 0x05, 0x6B, 0x5D, 0x5B, 0x40, 0x2F, 0x45, 0x00 }, // '꺐'
  { 0x05, 0x6B, 0x5D, 0x7B, 0x70, 0x5F, 0x05, 0x00 },
  { 0x05, 0x6B, 0x5D, 0x7B, 0x50, 0x7F, 0x55, 0x00 },
  { 0x05, 0x6B, 0x5D, 0x5B, 0x30, 0x5F, 0x35, 0x00 },
  { 0x09, 0x77, 0x59, 0x57, 0x50, 0x7F, 0x0A, 0x00 },
  { 0x09, 0x77, 0x69, 0x67, 0x60, 0x7F, 0x0A, 0x00 },
  { 0x09, 0x77, 0x69, 0x77, 0x40, 0x3F, 0x4A, 0x00 },
  { 0x09, 0x47, 0x29, 0x17, 0x20, 0x5F, 0x0A, 0x00 },
  { 0x09, 0x47, 0x39, 0x47, 0x30, 0x4F, 0x0A, 0x00 },
  { 0x09, 0x27, 0x59, 0x57, 0x50, 0x2F, 0x0A, 0x00 },
  { 0x09, 0x57, 0x39, 0x17, 0x30, 0x5F, 0x0A, 0x00 },
  { 0x05, 0x53, 0x35, 0x1B, 0x30, 0x5F, 0x05, 0x00 },
  { 0x09, 0x17, 0x39, 0x37, 0x30, 0x7F, 0x0A, 0x00 },
  { 0x05, 0x7B, 0x5D, 0x5B, 0x58, 0x4F, 0x05, 0x00 },
  { 0x09, 0x57, 0x79, 0x57, 0x70, 0x5F, 0x0A, 0x00 },
  { 0x05, 0x13, 0x35, 0x5B, 0x30, 0x1F, 0x05, 0x00 },
  { 0x21, 0x1F, 0x21, 0x1F, 0x7F, 0x12, 0x7F, 0x00 }, // '꺠'
  { 0x09, 0x27, 0x29, 0x27, 0x3F, 0x2A, 0x7F, 0x00 },
  { 0x09, 0x27, 0x29, 0x67, 0x3F, 0x2A, 0x7F, 0x00 },
  { 0x09, 0x27, 0x29, 0x67, 0x5F, 0x2A, 0x5F, 0x00 },
  { 0x09, 0x67, 0x49, 0x47, 0x5F, 0x4A, 0x5F, 0x00 },
  { 0x09, 0x67, 0x49, 0x47, 0x5F, 0x35, 0x5F, 0x00 },
  { 0x09, 0x67, 0x49, 0x57, 0x3F, 0x55, 0x3F, 0x00 },
  { 0x09, 0x77, 0x59, 0x57, 0x5F, 0x55, 0x5F, 0x00 },
  { 0x05, 0x6B, 0x6D, 0x5B, 0x5F, 0x55, 0x5F, 0x00 },
  { 0x05, 0x6B, 0x5D, 0x5B, 0x1F, 0x15, 0x7F, 0x00 },
  { 0x05, 0x6B, 0x5D, 0x5B, 0x7F, 0x55, 0x7F, 0x00 },
  { 0x05, 0x6B, 0x5D, 0x5B, 0x7F, 0x65, 0x7F, 0x00 },
  { 0x05, 0x6B, 0x5D, 0x5B, 0x4F, 0x35, 0x4F, 0x00 },
  { 0x05, 0x6B, 0x5D, 0x5B, 0x7F, 0x75, 0x5F, 0x00 },
  { 0x05, 0x6B, 0x5D, 0x7B, 0x5F, 0x75, 0x5F, 0x00 },
  { 0x05, 0x6B, 0x5D, 0x5B, 0x3F, 0x55, 0x3F, 0x00 },
  { 0x09, 0x77, 0x59, 0x57, 0x5F, 0x55, 0x7F, 0x00 }, // '꺰'
  { 0x09, 0x77, 0x69, 0x67, 0x6F, 0x6A, 0x7F, 0x00 },
  { 0x09, 0x77, 0x69, 0x77, 0x4F, 0x35, 0x4F, 0x00 },
  { 0x09, 0x47, 0x29, 0x17, 0x2F, 0x45, 0x0F, 0x00 },
  { 0x09, 0x47, 0x29, 0x47, 0x2F, 0x45, 0x0F, 0x00 },
  { 0x09, 0x27, 0x59, 0x57, 0x5F, 0x55, 0x2F, 0x00 },
  { 0x09, 0x57, 0x59, 0x37, 0x3F, 0x55, 0x5F, 0x00 },
  { 0x05, 0x53, 0x55, 0x3B, 0x37, 0x55, 0x5F, 0x00 },
  { 0x09, 0x17, 0x39, 0x37, 0x3F, 0x35, 0x7F, 0x00 },
  { 0x05, 0x7B, 0x5D, 0x5B, 0x5F, 0x55, 0x4F, 0x00 },
  { 0x09, 0x57, 0x79, 0x57, 0x5F, 0x75, 0x5F, 0x00 },
  { 0x05, 0x13, 0x35, 0x5B, 0x57, 0x35, 0x1F, 0x00 },
  { 0x00, 0x21, 0x1F, 0x21, 0x1F, 0x04, 0x7F, 0x00 },
  { 0x00, 0x09, 0x27, 0x29, 0x27, 0x22, 0x6F, 0x00 },
  { 0x00, 0x09, 0x27, 0x29, 0x67, 0x22, 0x6F, 0x00 },
  { 0x09, 0x27, 0x29, 0x67, 0x42, 0x2F, 0x40, 0x00 },
  { 0x00, 0x09, 0x67, 0x49, 0x47, 0x42, 0x5F, 0x00 }, // '껀'
  { 0x00, 0x09, 0x67, 0x49, 0x57, 0x32, 0x5F, 0x00 },
  { 0x09, 0x67, 0x49, 0x57, 0x32, 0x5F, 0x30, 0x00 },
  { 0x00, 0x09, 0x77, 0x59, 0x57, 0x52, 0x5F, 0x00 },
  { 0x00, 0x05, 0x6B, 0x6D, 0x5B, 0x5A, 0x5F, 0x00 },
  { 0x00, 0x05, 0x6B, 0x5D, 0x5B, 0x0A, 0x7F, 0x00 },
  { 0x00, 0x05, 0x6B, 0x5D, 0x7B, 0x4A, 0x7F, 0x00 },
  { 0x00, 0x05, 0x6B, 0x5D, 0x7B, 0x52, 0x7F, 0x00 },
  { 0x05, 0x6B, 0x5D, 0x5B, 0x42, 0x37, 0x40, 0x00 },
  { 0x00, 0x05, 0x6B, 0x5D, 0x7B, 0x5A, 0x4F, 0x00 },
  { 0x05, 0x6B, 0x5D, 0x7B, 0x4A, 0x7F, 0x48, 0x00 },
  { 0x05, 0x6B, 0x5D, 0x5B, 0x32, 0x5F, 0x30, 0x00 },
  { 0x00, 0x09, 0x77, 0x59, 0x57, 0x52, 0x7F, 0x00 },
  { 0x00, 0x09, 0x77, 0x69, 0x67, 0x62, 0x7F, 0x00 },
  { 0x09, 0x77, 0x69, 0x77, 0x42, 0x37, 0x40, 0x00 },
  { 0x00, 0x09, 0x47, 0x29, 0x17, 0x22, 0x4F, 0x00 },
  { 0x00, 0x09, 0x47, 0x39, 0x47, 0x32, 0x4F, 0x00 }, // '껐'
  { 0x00, 0x09, 0x27, 0x59, 0x57, 0x52, 0x2F, 0x00 },
  { 0x00, 0x09, 0x57, 0x39, 0x17, 0x32, 0x5F, 0x00 },
  { 0x00, 0x05, 0x53, 0x35, 0x1B, 0x32, 0x57, 0x00 },
  { 0x00, 0x09, 0x17, 0x39, 0x37, 0x32, 0x7F, 0x00 },
  { 0x00, 0x05, 0x7B, 0x5D, 0x5B, 0x5A, 0x4F, 0x00 },
  { 0x00, 0x09, 0x57, 0x79, 0x57, 0x72, 0x5F, 0x00 },
  { 0x00, 0x05, 0x13, 0x35, 0x5B, 0x32, 0x17, 0x00 },
  { 0x21, 0x1F, 0x21, 0x1F, 0x04, 0x7F, 0x7F, 0x00 },
  { 0x09, 0x27, 0x29, 0x27, 0x22, 0x2F, 0x6F, 0x00 },
  { 0x09, 0x27, 0x29, 0x67, 0x22, 0x2F, 0x6F, 0x00 },
  { 0x09, 0x27, 0x29, 0x67, 0x42, 0x2F, 0x4F, 0x00 },
  { 0x09, 0x67, 0x49, 0x47, 0x42, 0x5F, 0x5F, 0x00 },
  { 0x09, 0x67, 0x49, 0x47, 0x52, 0x37, 0x57, 0x00 },
  { 0x09, 0x67, 0x49, 0x57, 0x32, 0x5F, 0x37, 0x00 },
  { 0x09, 0x77, 0x59, 0x57, 0x52, 0x5F, 0x5F, 0x00 },
  { 0x05, 0x6B, 0x6D, 0x5B, 0x5A, 0x5F, 0x5F, 0x00 }, // '껠'
  { 0x05, 0x6B, 0x5D, 0x5B, 0x0A, 0x0F, 0x7F, 0x00 },
  { 0x05, 0x6B, 0x5D, 0x5B, 0x7A, 0x4F, 0x7F, 0x00 },
  { 0x05, 0x6B, 0x5D, 0x5B, 0x7A, 0x57, 0x7F, 0x00 },
  { 0x05, 0x6B, 0x5D, 0x5B, 0x62, 0x1F, 0x67, 0x00 },
  { 0x05, 0x6B, 0x5D, 0x5B, 0x7A, 0x5F, 0x4F, 0x00 },
  { 0x05, 0x6B, 0x5D, 0x7B, 0x4A, 0x7F, 0x4F, 0x00 },
  { 0x05, 0x6B, 0x5D, 0x5B, 0x32, 0x5F, 0x37, 0x00 },
  { 0x09, 0x77, 0x59, 0x57, 0x52, 0x5F, 0x7F, 0x00 },
  { 0x09, 0x77, 0x69, 0x67, 0x62, 0x6F, 0x7F, 0x00 },
  { 0x09, 0x77, 0x69, 0x77, 0x42, 0x3F, 0x4F, 0x00 },
  { 0x09, 0x47, 0x29, 0x17, 0x22, 0x4F, 0x0F, 0x00 },
  { 0x09, 0x47, 0x39, 0x47, 0x32, 0x4F, 0x0F, 0x00 },
  { 0x09, 0x27, 0x59, 0x57, 0x52, 0x5F, 0x2F, 0x00 },
  { 0x09, 0x57, 0x59, 0x37, 0x32, 0x5F, 0x5F, 0x00 },
  { 0x05, 0x53, 0x55, 0x3B, 0x32, 0x57, 0x57, 0x00 },
  { 0x09, 0x17, 0x39, 0x37, 0x32, 0x3F, 0x7F, 0x00 }, // '껰'
  { 0x05, 0x7B, 0x5D, 0x5B, 0x5A, 0x5F, 0x4F, 0x00 },
  { 0x09, 0x57, 0x79, 0x57, 0x52, 0x7F, 0x5F, 0x00 },
  { 0x05, 0x13, 0x35, 0x5B, 0x52, 0x37, 0x17, 0x00 },
  { 0x00, 0x21, 0x1F, 0x21, 0x1F, 0x12, 0x7F, 0x00 },
  { 0x00, 0x09, 0x27, 0x29, 0x27, 0x2A, 0x7F, 0x00 },
  { 0x00, 0x09, 0x27, 0x29, 0x67, 0x2A, 0x7F, 0x00 },
  { 0x09, 0x27, 0x29, 0x67, 0x4A, 0x3F, 0x40, 0x00 },
  { 0x00, 0x09, 0x67, 0x49, 0x47, 0x4A, 0x5F, 0x00 },
  { 0x00, 0x09, 0x67, 0x49, 0x57, 0x35, 0x5F, 0x00 },
  { 0x09, 0x67, 0x49, 0x57, 0x35, 0x5F, 0x30, 0x00 },
  { 0x00, 0x09, 0x77, 0x59, 0x57, 0x55, 0x5F, 0x00 },
  { 0x00, 0x05, 0x6B, 0x6D, 0x5B, 0x55, 0x5F, 0x00 },
  { 0x00, 0x05, 0x6B, 0x5D, 0x5B, 0x15, 0x7F, 0x00 },
  { 0x00, 0x05, 0x6B, 0x5D, 0x7B, 0x55, 0x7F, 0x00 },
  { 0x00, 0x05, 0x6B, 0x5D, 0x7B, 0x65, 0x7F, 0x00 },
  { 0x05, 0x6B, 0x5D, 0x5B, 0x45, 0x2F, 0x40, 0x00 }, // '꼀'
  { 0x00, 0x05, 0x6B, 0x5D, 0x7B, 0x75, 0x5F, 0x00 },
  { 0x05, 0x6B, 0x5D, 0x7B, 0x55, 0x7F, 0x50, 0x00 },
  { 0x05, 0x6B, 0x5D, 0x5B, 0x25, 0x5F, 0x20, 0x00 },
  { 0x00, 0x09, 0x77, 0x59, 0x57, 0x55, 0x7F, 0x00 },
  { 0x00, 0x09, 0x77, 0x69, 0x67, 0x6A, 0x7F, 0x00 },
  { 0x09, 0x77, 0x69, 0x77, 0x4A, 0x3F, 0x40, 0x00 },
  { 0x00, 0x09, 0x47, 0x29, 0x17, 0x25, 0x4F, 0x00 },
  { 0x00, 0x09, 0x47, 0x39, 0x47, 0x35, 0x4F, 0x00 },
  { 0x00, 0x09, 0x27, 0x59, 0x57, 0x55, 0x2F, 0x00 },
  { 0x00, 0x09, 0x57, 0x39, 0x17, 0x35, 0x5F, 0x00 },
  { 0x00, 0x05, 0x53, 0x35, 0x1B, 0x35, 0x5F, 0x00 },
  { 0x00, 0x09, 0x17, 0x39, 0x37, 0x35, 0x7F, 0x00 },
  { 0x00, 0x05, 0x7B, 0x5D, 0x5B, 0x55, 0x4F, 0x00 },
  { 0x00, 0x09, 0x57, 0x79, 0x57, 0x75, 0x5F, 0x00 },
  { 0x00, 0x05, 0x13, 0x35, 0x5B, 0x35, 0x1F, 0x00 },
  { 0x21, 0x1F, 0x21, 0x1F, 0x12, 0x7F, 0x7F, 0x00 }, // '꼐'
  { 0x09, 0x27, 0x29, 0x27, 0x2A, 0x3F, 0x7F, 0x00 },
  { 0x09, 0x27, 0x29, 0x67, 0x2A, 0x3F, 0x7F, 0x00 },
  { 0x09, 0x27, 0x29, 0x67, 0x4A, 0x3F, 0x5F, 0x00 },
  { 0x09, 0x67, 0x49, 0x47, 0x4A, 0x5F, 0x5F, 0x00 },
  { 0x09, 0x67, 0x49, 0x47, 0x55, 0x3F, 0x5F, 0x00 },
  { 0x09, 0x67, 0x49, 0x57, 0x35, 0x5F, 0x3F, 0x00 },
  { 0x09, 0x77, 0x59, 0x57, 0x55, 0x5F, 0x5F, 0x00 },
  { 0x05, 0x6B, 0x6D, 0x5B, 0x5D, 0x5F, 0x5F, 0x00 },
  { 0x05, 0x6B, 0x5D, 0x5B, 0x0D, 0x0F, 0x7F, 0x00 },
  { 0x05, 0x6B, 0x5D, 0x5B, 0x7D, 0x4F, 0x7F, 0x00 },
  { 0x05, 0x6B, 0x5D, 0x5B, 0x7D, 0x57, 0x7F, 0x00 },
  { 0x05, 0x6B, 0x5D, 0x5B, 0x65, 0x1F, 0x67, 0x00 },
  { 0x05, 0x6B, 0x5D, 0x5B, 0x7D, 0x5F, 0x4F, 0x00 },
  { 0x05, 0x6B, 0x5D, 0x7B, 0x4D, 0x7F, 0x4F, 0x00 },
  { 0x05, 0x6B, 0x5D, 0x5B, 0x35, 0x5F, 0x37, 0x00 },
  { 0x09, 0x77, 0x59, 0x57, 0x55, 0x5F, 0x7F, 0x00 }, // '꼠'
  { 0x09, 0x77, 0x69, 0x67, 0x6A, 0x6F, 0x7F, 0x00 },
  { 0x09, 0x77, 0x69, 0x77, 0x4A, 0x3F, 0x4F, 0x00 },
  { 0x09, 0x47, 0x29, 0x17, 0x2A, 0x4F, 0x0F, 0x00 },
  { 0x09, 0x47, 0x39, 0x47, 0x35, 0x4F, 0x0F, 0x00 },
  { 0x09, 0x27, 0x59, 0x57, 0x55, 0x5F, 0x2F, 0x00 },
  { 0x09, 0x57, 0x59, 0x37, 0x35, 0x5F, 0x5F, 0x00 },
  { 0x05, 0x53, 0x55, 0x3B, 0x35, 0x5F, 0x5F, 0x00 },
  { 0x09, 0x17, 0x39, 0x37, 0x35, 0x3F, 0x7F, 0x00 },
  { 0x05, 0x7B, 0x5D, 0x5B, 0x55, 0x5F, 0x4F, 0x00 },
  { 0x09, 0x57, 0x79, 0x57, 0x55, 0x7F, 0x5F, 0x00 },
  { 0x05, 0x13, 0x35, 0x5B, 0x55, 0x3F, 0x1F, 0x00 },
  { 0x21, 0x21, 0x27, 0x39, 0x21, 0x27, 0x20, 0x00 },
  { 0x08, 0x29, 0x2B, 0x2D, 0x29, 0x6B, 0x08, 0x00 },
  { 0x08, 0x29, 0x2B, 0x6D, 0x29, 0x6B, 0x08, 0x00 },
  { 0x08, 0x29, 0x2B, 0x6D, 0x49, 0x2B, 0x48, 0x00 },
  { 0x08, 0x69, 0x4B, 0x4D, 0x49, 0x4B, 0x08, 0x00 }, // '꼰'
  { 0x08, 0x69, 0x4B, 0x5D, 0x39, 0x5B, 0x08, 0x00 },
  { 0x08, 0x69, 0x4B, 0x4D, 0x29, 0x5B, 0x28, 0x00 },
  { 0x08, 0x79, 0x5B, 0x5D, 0x59, 0x5B, 0x08, 0x00 },
  { 0x08, 0x69, 0x6B, 0x5D, 0x59, 0x5B, 0x08, 0x00 },
  { 0x08, 0x69, 0x5B, 0x5D, 0x19, 0x7B, 0x08, 0x00 },
  { 0x08, 0x69, 0x5B, 0x7D, 0x59, 0x7B, 0x08, 0x00 },
  { 0x08, 0x69, 0x5B, 0x7D, 0x69, 0x7B, 0x08, 0x00 },
  { 0x08, 0x69, 0x5B, 0x5D, 0x49, 0x3B, 0x48, 0x00 },
  { 0x08, 0x69, 0x5B, 0x7D, 0x79, 0x5B, 0x08, 0x00 },
  { 0x08, 0x69, 0x5B, 0x7D, 0x59, 0x7B, 0x58, 0x00 },
  { 0x08, 0x69, 0x5B, 0x5D, 0x29, 0x5B, 0x28, 0x00 },
  { 0x08, 0x79, 0x5B, 0x5D, 0x59, 0x7B, 0x08, 0x00 },
  { 0x08, 0x79, 0x6B, 0x6D, 0x69, 0x7B, 0x08, 0x00 },
  { 0x08, 0x79, 0x6B, 0x7D, 0x49, 0x3B, 0x48, 0x00 },
  { 0x08, 0x49, 0x2B, 0x1D, 0x29, 0x4B, 0x08, 0x00 },
  { 0x08, 0x49, 0x3B, 0x4D, 0x39, 0x4B, 0x08, 0x00 }, // '꽀'
  { 0x08, 0x29, 0x5B, 0x5D, 0x59, 0x2B, 0x08, 0x00 },
  { 0x08, 0x59, 0x3B, 0x1D, 0x39, 0x5B, 0x08, 0x00 },
  { 0x08, 0x29, 0x6B, 0x3D, 0x69, 0x2B, 0x08, 0x00 },
  { 0x08, 0x19, 0x3B, 0x3D, 0x39, 0x7B, 0x08, 0x00 },
  { 0x08, 0x79, 0x5B, 0x5D, 0x59, 0x4B, 0x08, 0x00 },
  { 0x08, 0x59, 0x7B, 0x5D, 0x79, 0x5B, 0x08, 0x00 },
  { 0x08, 0x29, 0x6B, 0x5D, 0x69, 0x2B, 0x08, 0x00 },
  { 0x21, 0x27, 0x39, 0x27, 0x20, 0x7F, 0x08, 0x00 },
  { 0x09, 0x2B, 0x2D, 0x2B, 0x28, 0x6F, 0x02, 0x00 },
  { 0x09, 0x2B, 0x2D, 0x6B, 0x28, 0x6F, 0x02, 0x00 },
  { 0x09, 0x2B, 0x2D, 0x6B, 0x48, 0x2F, 0x42, 0x00 },
  { 0x09, 0x6B, 0x4D, 0x4B, 0x48, 0x5F, 0x04, 0x00 },
  { 0x09, 0x6B, 0x4D, 0x5B, 0x38, 0x5F, 0x04, 0x00 },
  { 0x09, 0x6B, 0x4D, 0x4B, 0x28, 0x5F, 0x24, 0x00 },
  { 0x09, 0x7B, 0x5D, 0x5B, 0x50, 0x5F, 0x02, 0x00 },
  { 0x09, 0x6B, 0x6D, 0x5B, 0x58, 0x5F, 0x02, 0x00 }, // '꽐'
  { 0x09, 0x6B, 0x5D, 0x5B, 0x18, 0x7F, 0x02, 0x00 },
  { 0x09, 0x6B, 0x5D, 0x7B, 0x58, 0x7F, 0x02, 0x00 },
  { 0x09, 0x6B, 0x5D, 0x7B, 0x68, 0x7F, 0x02, 0x00 },
  { 0x09, 0x6B, 0x5D, 0x5B, 0x48, 0x3F, 0x42, 0x00 },
  { 0x09, 0x6B, 0x5D, 0x7B, 0x58, 0x4F, 0x02, 0x00 },
  { 0x09, 0x6B, 0x5D, 0x7B, 0x58, 0x7F, 0x52, 0x00 },
  { 0x09, 0x6B, 0x5D, 0x5B, 0x30, 0x5F, 0x32, 0x00 },
  { 0x09, 0x7B, 0x5D, 0x5B, 0x58, 0x7F, 0x02, 0x00 },
  { 0x09, 0x7B, 0x6D, 0x6B, 0x68, 0x7F, 0x02, 0x00 },
  { 0x09, 0x7B, 0x6D, 0x7B, 0x48, 0x3F, 0x42, 0x00 },
  { 0x09, 0x4B, 0x2D, 0x1B, 0x28, 0x4F, 0x02, 0x00 },
  { 0x09, 0x4B, 0x3D, 0x4B, 0x38, 0x4F, 0x02, 0x00 },
  { 0x09, 0x2B, 0x5D, 0x5B, 0x58, 0x2F, 0x02, 0x00 },
  { 0x09, 0x5B, 0x3D, 0x1B, 0x38, 0x5F, 0x02, 0x00 },
  { 0x09, 0x2B, 0x6D, 0x3B, 0x68, 0x2F, 0x02, 0x00 },
  { 0x09, 0x1B, 0x3D, 0x3B, 0x38, 0x7F, 0x02, 0x00 }, // '꽠'
  { 0x09, 0x7B, 0x5D, 0x5B, 0x58, 0x4F, 0x02, 0x00 },
  { 0x09, 0x5B, 0x7D, 0x5B, 0x78, 0x5F, 0x02, 0x00 },
  { 0x09, 0x2B, 0x6D, 0x5B, 0x68, 0x2F, 0x02, 0x00 },
  { 0x21, 0x27, 0x39, 0x27, 0x7F, 0x08, 0x7F, 0x00 },
  { 0x09, 0x2B, 0x2D, 0x2B, 0x2F, 0x22, 0x6F, 0x00 },
  { 0x09, 0x2B, 0x2D, 0x6B, 0x2F, 0x22, 0x6F, 0x00 },
  { 0x09, 0x2B, 0x2D, 0x6B, 0x4F, 0x22, 0x4F, 0x00 },
  { 0x09, 0x6B, 0x4D, 0x4B, 0x5F, 0x44, 0x5F, 0x00 },
  { 0x09, 0x6B, 0x4D, 0x4B, 0x5F, 0x32, 0x5F, 0x00 },
  { 0x09, 0x6B, 0x4D, 0x4B, 0x2F, 0x52, 0x2F, 0x00 },
  { 0x09, 0x7B, 0x5D, 0x5B, 0x5F, 0x52, 0x5F, 0x00 },
  { 0x09, 0x6B, 0x6D, 0x5B, 0x5F, 0x5A, 0x5F, 0x00 },
  { 0x09, 0x6B, 0x5D, 0x5B, 0x1F, 0x12, 0x7F, 0x00 },
  { 0x09, 0x6B, 0x5D, 0x5B, 0x7F, 0x52, 0x7F, 0x00 },
  { 0x09, 0x6B, 0x5D, 0x5B, 0x7F, 0x62, 0x7F, 0x00 },
  { 0x09, 0x6B, 0x5D, 0x5B, 0x4F, 0x32, 0x4F, 0x00 }, // '꽰'
  { 0x09, 0x6B, 0x5D, 0x5B, 0x7F, 0x72, 0x5F, 0x00 },
  { 0x09, 0x6B, 0x5D, 0x7B, 0x5F, 0x72, 0x5F, 0x00 },
  { 0x09, 0x6B, 0x5D, 0x5B, 0x2F, 0x52, 0x2F, 0x00 },
  { 0x09, 0x7B, 0x5D, 0x5B, 0x5F, 0x52, 0x7F, 0x00 },
  { 0x09, 0x7B, 0x6D, 0x6B, 0x6F, 0x62, 0x7F, 0x00 },
  { 0x09, 0x7B, 0x6D, 0x7B, 0x4F, 0x32, 0x4F, 0x00 },
  { 0x09, 0x4B, 0x2D, 0x1B, 0x2F, 0x42, 0x0F, 0x00 },
  { 0x09, 0x4B, 0x3D, 0x4B, 0x3F, 0x42, 0x0F, 0x00 },
  { 0x09, 0x2B, 0x5D, 0x5B, 0x5F, 0x52, 0x2F, 0x00 },
  { 0x09, 0x5B, 0x5D, 0x3B, 0x3F, 0x52, 0x5F, 0x00 },
  { 0x09, 0x2B, 0x6D, 0x3B, 0x2F, 0x62, 0x2F, 0x00 },
  { 0x09, 0x1B, 0x3D, 0x3B, 0x3F, 0x32, 0x7F, 0x00 },
  { 0x09, 0x7B, 0x5D, 0x5B, 0x5F, 0x5A, 0x4F, 0x00 },
  { 0x09, 0x5B, 0x7D, 0x5B, 0x5F, 0x72, 0x5F, 0x00 },
  { 0x09, 0x2B, 0x6D, 0x5B, 0x6F, 0x62, 0x2F, 0x00 },
  { 0x00, 0x21, 0x27, 0x39, 0x27, 0x20, 0x7F, 0x00 }, // '꾀'
  { 0x00, 0x09, 0x2B, 0x2D, 0x2B, 0x28, 0x6F, 0x00 },
  { 0x00, 0x09, 0x2B, 0x2D, 0x6B, 0x28, 0x6F, 0x00 },
  { 0x09, 0x2B, 0x2D, 0x6B, 0x48, 0x2F, 0x40, 0x00 },
  { 0x00, 0x09, 0x6B, 0x4D, 0x4B, 0x48, 0x5F, 0x00 },
  { 0x00, 0x09, 0x6B, 0x4D, 0x5B, 0x38, 0x5F, 0x00 },
  { 0x09, 0x6B, 0x4D, 0x4B, 0x28, 0x5F, 0x20, 0x00 },
  { 0x00, 0x09, 0x7B, 0x5D, 0x5B, 0x58, 0x5F, 0x00 },
  { 0x00, 0x09, 0x6B, 0x6D, 0x5B, 0x58, 0x5F, 0x00 },
  { 0x00, 0x09, 0x6B, 0x5D, 0x5B, 0x08, 0x7F, 0x00 },
  { 0x00, 0x09, 0x6B, 0x5D, 0x7B, 0x58, 0x7F, 0x00 },
  { 0x00, 0x09, 0x6B, 0x5D, 0x7B, 0x68, 0x7F, 0x00 },
  { 0x09, 0x6B, 0x5D, 0x5B, 0x48, 0x3F, 0x40, 0x00 },
  { 0x00, 0x09, 0x6B, 0x5D, 0x7B, 0x58, 0x4F, 0x00 },
  { 0x09, 0x6B, 0x5D, 0x7B, 0x58, 0x7F, 0x50, 0x00 },
  { 0x09, 0x6B, 0x5D, 0x5B, 0x30, 0x5F, 0x30, 0x00 },
  { 0x00, 0x09, 0x7B, 0x5D, 0x5B, 0x58, 0x7F, 0x00 }, // '꾐'
  { 0x00, 0x09, 0x7B, 0x6D, 0x6B, 0x68, 0x7F, 0x00 },
  { 0x09, 0x7B, 0x6D, 0x7B, 0x48, 0x3F, 0x40, 0x00 },
  { 0x00, 0x09, 0x4B, 0x2D, 0x1B, 0x28, 0x4F, 0x00 },
  { 0x00, 0x09, 0x4B, 0x3D, 0x4B, 0x38, 0x4F, 0x00 },
  { 0x00, 0x09, 0x2B, 0x5D, 0x5B, 0x58, 0x2F, 0x00 },
  { 0x00, 0x09, 0x5B, 0x3D, 0x1B, 0x38, 0x5F, 0x00 },
  { 0x00, 0x09, 0x2B, 0x6D, 0x3B, 0x68, 0x2F, 0x00 },
  { 0x00, 0x09, 0x1B, 0x3D, 0x3B, 0x38, 0x7F, 0x00 },
  { 0x00, 0x09, 0x7B, 0x5D, 0x5B, 0x58, 0x4F, 0x00 },
  { 0x00, 0x09, 0x5B, 0x7D, 0x5B, 0x78, 0x5F, 0x00 },
  { 0x00, 0x09, 0x2B, 0x6D, 0x5B, 0x68, 0x2F, 0x00 },
  { 0x21, 0x39, 0x27, 0x21, 0x39, 0x27, 0x20, 0x00 },
  { 0x08, 0x29, 0x2D, 0x2B, 0x2D, 0x6B, 0x08, 0x00 },
  { 0x08, 0x29, 0x2D, 0x6B, 0x2D, 0x6B, 0x08, 0x00 },
  { 0x08, 0x29, 0x2D, 0x6B, 0x4D, 0x2B, 0x48, 0x00 },
  { 0x08, 0x69, 0x4D, 0x4B, 0x4D, 0x4B, 0x08, 0x00 }, // '꾠'
  { 0x08, 0x69, 0x4D, 0x5B, 0x3D, 0x5B, 0x08, 0x00 },
  { 0x08, 0x69, 0x4D, 0x4B, 0x2D, 0x5B, 0x28, 0x00 },
  { 0x08, 0x79, 0x5D, 0x5B, 0x5D, 0x5B, 0x08, 0x00 },
  { 0x08, 0x69, 0x6D, 0x5B, 0x5D, 0x5B, 0x08, 0x00 },
  { 0x08, 0x69, 0x5D, 0x5B, 0x1D, 0x7B, 0x08, 0x00 },
  { 0x08, 0x69, 0x5D, 0x7B, 0x5D, 0x7B, 0x08, 0x00 },
  { 0x08, 0x69, 0x5D, 0x7B, 0x6D, 0x7B, 0x08, 0x00 },
  { 0x08, 0x69, 0x5D, 0x5B, 0x4D, 0x3B, 0x48, 0x00 },
  { 0x08, 0x69, 0x5D, 0x7B, 0x7D, 0x5B, 0x08, 0x00 },
  { 0x08, 0x69, 0x5D, 0x7B, 0x5D, 0x7B, 0x58, 0x00 },
  { 0x08, 0x69, 0x5D, 0x5B, 0x2D, 0x5B, 0x28, 0x00 },
  { 0x08, 0x79, 0x5D, 0x5B, 0x5D, 0x7B, 0x08, 0x00 },
  { 0x08, 0x79, 0x6D, 0x6B, 0x6D, 0x7B, 0x08, 0x00 },
  { 0x08, 0x79, 0x6D, 0x7B, 0x4D, 0x3B, 0x48, 0x00 },
  { 0x08, 0x49, 0x2D, 0x1B, 0x2D, 0x4B, 0x08, 0x00 },
  { 0x08, 0x49, 0x3D, 0x4B, 0x3D, 0x4B, 0x08, 0x00 }, // '꾰'
  { 0x08, 0x29, 0x5D, 0x5B, 0x5D, 0x2B, 0x08, 0x00 },
  { 0x08, 0x59, 0x3D, 0x1B, 0x3D, 0x5B, 0x08, 0x00 },
  { 0x08, 0x29, 0x6D, 0x3B, 0x6D, 0x2B, 0x08, 0x00 },
  { 0x08, 0x19, 0x3D, 0x3B, 0x3D, 0x7B, 0x08, 0x00 },
  { 0x08, 0x79, 0x5D, 0x5B, 0x5D, 0x4B, 0x08, 0x00 },
  { 0x08, 0x59, 0x7D, 0x5B, 0x7D, 0x5B, 0x08, 0x00 },
  { 0x08, 0x29, 0x6D, 0x5B, 0x6D, 0x2B, 0x08, 0x00 },
  { 0x09, 0x09, 0x0F, 0x79, 0x09, 0x0F, 0x08, 0x00 },
  { 0x08, 0x29, 0x2F, 0x39, 0x29, 0x6F, 0x08, 0x00 },
  { 0x08, 0x29, 0x2F, 0x79, 0x29, 0x6F, 0x08, 0x00 },
  { 0x08, 0x29, 0x2F, 0x79, 0x49, 0x2F, 0x48, 0x00 },
  { 0x08, 0x69, 0x4F, 0x59, 0x49, 0x4F, 0x08, 0x00 },
  { 0x04, 0x75, 0x47, 0x5D, 0x35, 0x57, 0x04, 0x00 },
  { 0x04, 0x75, 0x47, 0x5D, 0x35, 0x57, 0x34, 0x00 },
  { 0x04, 0x75, 0x57, 0x5D, 0x55, 0x57, 0x04, 0x00 },
  { 0x04, 0x15, 0x57, 0x7D, 0x55, 0x47, 0x04, 0x00 }, // '꿀'
  { 0x04, 0x55, 0x77, 0x5D, 0x15, 0x77, 0x04, 0x00 },
  { 0x04, 0x55, 0x77, 0x7D, 0x55, 0x77, 0x04, 0x00 },
  { 0x04, 0x55, 0x77, 0x5D, 0x65, 0x77, 0x04, 0x00 },
  { 0x04, 0x55, 0x77, 0x5D, 0x45, 0x37, 0x44, 0x00 },
  { 0x04, 0x55, 0x77, 0x5D, 0x75, 0x77, 0x54, 0x00 },
  { 0x04, 0x55, 0x77, 0x7D, 0x55, 0x77, 0x54, 0x00 },
  { 0x04, 0x55, 0x77, 0x5D, 0x35, 0x57, 0x34, 0x00 },
  { 0x04, 0x75, 0x57, 0x5D, 0x55, 0x77, 0x04, 0x00 },
  { 0x04, 0x75, 0x67, 0x6D, 0x65, 0x77, 0x04, 0x00 },
  { 0x04, 0x75, 0x67, 0x7D, 0x45, 0x37, 0x44, 0x00 },
  { 0x04, 0x45, 0x27, 0x1D, 0x25, 0x47, 0x04, 0x00 },
  { 0x04, 0x45, 0x37, 0x4D, 0x35, 0x47, 0x04, 0x00 },
  { 0x04, 0x25, 0x57, 0x5D, 0x55, 0x27, 0x04, 0x00 },
  { 0x04, 0x55, 0x37, 0x1D, 0x35, 0x57, 0x04, 0x00 },
  { 0x04, 0x25, 0x67, 0x3D, 0x65, 0x27, 0x04, 0x00 },
  { 0x04, 0x15, 0x37, 0x3D, 0x35, 0x77, 0x04, 0x00 }, // '꿐'
  { 0x04, 0x75, 0x77, 0x7D, 0x75, 0x57, 0x04, 0x00 },
  { 0x04, 0x55, 0x77, 0x5D, 0x75, 0x57, 0x04, 0x00 },
  { 0x04, 0x25, 0x67, 0x5D, 0x65, 0x27, 0x04, 0x00 },
  { 0x00, 0x09, 0x0F, 0x79, 0x0F, 0x28, 0x7F, 0x00 },
  { 0x00, 0x05, 0x27, 0x3D, 0x27, 0x28, 0x7F, 0x00 },
  { 0x00, 0x05, 0x27, 0x3D, 0x67, 0x28, 0x7F, 0x00 },
  { 0x05, 0x27, 0x3D, 0x67, 0x48, 0x3F, 0x40, 0x00 },
  { 0x00, 0x05, 0x67, 0x5D, 0x47, 0x48, 0x5F, 0x00 },
  { 0x00, 0x05, 0x77, 0x4D, 0x57, 0x38, 0x5F, 0x00 },
  { 0x05, 0x77, 0x4D, 0x47, 0x28, 0x5F, 0x20, 0x00 },
  { 0x00, 0x05, 0x77, 0x5D, 0x57, 0x58, 0x5F, 0x00 },
  { 0x00, 0x05, 0x17, 0x5D, 0x77, 0x58, 0x4F, 0x00 },
  { 0x00, 0x05, 0x57, 0x7D, 0x57, 0x18, 0x7F, 0x00 },
  { 0x00, 0x05, 0x57, 0x7D, 0x77, 0x58, 0x7F, 0x00 },
  { 0x00, 0x05, 0x57, 0x7D, 0x57, 0x68, 0x7F, 0x00 },
  { 0x05, 0x57, 0x7D, 0x57, 0x48, 0x3F, 0x40, 0x00 }, // '꿠'
  { 0x05, 0x57, 0x7D, 0x57, 0x78, 0x7F, 0x50, 0x00 },
  { 0x05, 0x57, 0x7D, 0x77, 0x58, 0x7F, 0x50, 0x00 },
  { 0x05, 0x57, 0x7D, 0x57, 0x28, 0x5F, 0x20, 0x00 },
  { 0x00, 0x05, 0x77, 0x5D, 0x57, 0x58, 0x7F, 0x00 },
  { 0x00, 0x05, 0x77, 0x6D, 0x67, 0x68, 0x7F, 0x00 },
  { 0x05, 0x77, 0x6D, 0x77, 0x48, 0x3F, 0x40, 0x00 },
  { 0x00, 0x05, 0x4F, 0x25, 0x17, 0x28, 0x4F, 0x00 },
  { 0x00, 0x05, 0x4F, 0x35, 0x47, 0x38, 0x4F, 0x00 },
  { 0x00, 0x05, 0x27, 0x5D, 0x57, 0x58, 0x2F, 0x00 },
  { 0x00, 0x05, 0x57, 0x3D, 0x17, 0x38, 0x5F, 0x00 },
  { 0x00, 0x05, 0x27, 0x6D, 0x37, 0x68, 0x2F, 0x00 },
  { 0x00, 0x05, 0x17, 0x3D, 0x37, 0x38, 0x7F, 0x00 },
  { 0x00, 0x05, 0x77, 0x7D, 0x77, 0x78, 0x5F, 0x00 },
  { 0x00, 0x05, 0x57, 0x7D, 0x57, 0x78, 0x5F, 0x00 },
  { 0x00, 0x05, 0x27, 0x6D, 0x57, 0x68, 0x2F, 0x00 },
  { 0x09, 0x0F, 0x79, 0x0F, 0x28, 0x7F, 0x7F, 0x00 }, // '꿰'
  { 0x05, 0x27, 0x3D, 0x27, 0x28, 0x3F, 0x7F, 0x00 },
  { 0x05, 0x27, 0x3D, 0x67, 0x28, 0x3F, 0x7F, 0x00 },
  { 0x05, 0x27, 0x3D, 0x67, 0x48, 0x3F, 0x5F, 0x00 },
  { 0x05, 0x67, 0x5D, 0x47, 0x48, 0x5F, 0x5F, 0x00 },
  { 0x05, 0x67, 0x5D, 0x47, 0x58, 0x3F, 0x5F, 0x00 },
  { 0x05, 0x67, 0x5D, 0x47, 0x28, 0x5F, 0x2F, 0x00 },
  { 0x05, 0x77, 0x5D, 0x57, 0x58, 0x5F, 0x5F, 0x00 },
  { 0x05, 0x17, 0x5D, 0x77, 0x78, 0x5F, 0x4F, 0x00 },
  { 0x05, 0x57, 0x7D, 0x57, 0x18, 0x1F, 0x7F, 0x00 },
  { 0x05, 0x57, 0x7D, 0x57, 0x78, 0x5F, 0x7F, 0x00 },
  { 0x05, 0x57, 0x7D, 0x57, 0x78, 0x6F, 0x7F, 0x00 },
  { 0x05, 0x57, 0x7D, 0x57, 0x48, 0x3F, 0x4F, 0x00 },
  { 0x05, 0x57, 0x7D, 0x57, 0x78, 0x7F, 0x5F, 0x00 },
  { 0x05, 0x57, 0x7D, 0x77, 0x58, 0x7F, 0x5F, 0x00 },
  { 0x05, 0x57, 0x7D, 0x57, 0x28, 0x5F, 0x2F, 0x00 },
  { 0x05, 0x77, 0x5D, 0x57, 0x58, 0x5F, 0x7F, 0x00 }, // '뀀'
  { 0x05, 0x77, 0x6D, 0x67, 0x68, 0x6F, 0x7F, 0x00 },
  { 0x05, 0x77, 0x6D, 0x77, 0x48, 0x3F, 0x4F, 0x00 },
  { 0x05, 0x47, 0x2D, 0x17, 0x28, 0x5F, 0x1F, 0x00 },
  { 0x05, 0x4F, 0x35, 0x47, 0x38, 0x4F, 0x0F, 0x00 },
  { 0x05, 0x2F, 0x55, 0x57, 0x58, 0x5F, 0x2F, 0x00 },
  { 0x05, 0x5F, 0x55, 0x37, 0x38, 0x5F, 0x5F, 0x00 },
  { 0x05, 0x2F, 0x65, 0x37, 0x28, 0x6F, 0x2F, 0x00 },
  { 0x05, 0x1F, 0x35, 0x37, 0x38, 0x3F, 0x7F, 0x00 },
  { 0x05, 0x7F, 0x75, 0x77, 0x78, 0x7F, 0x5F, 0x00 },
  { 0x05, 0x5F, 0x75, 0x57, 0x58, 0x7F, 0x5F, 0x00 },
  { 0x05, 0x2F, 0x65, 0x57, 0x68, 0x6F, 0x2F, 0x00 },
  { 0x00, 0x11, 0x17, 0x71, 0x17, 0x10, 0x7F, 0x00 },
  { 0x00, 0x09, 0x2F, 0x39, 0x2F, 0x28, 0x6F, 0x00 },
  { 0x00, 0x09, 0x2F, 0x39, 0x6F, 0x28, 0x6F, 0x00 },
  { 0x09, 0x2F, 0x39, 0x6F, 0x48, 0x2F, 0x40, 0x00 },
  { 0x00, 0x09, 0x6F, 0x59, 0x4F, 0x48, 0x5F, 0x00 }, // '뀐'
  { 0x00, 0x05, 0x77, 0x4D, 0x57, 0x34, 0x57, 0x00 },
  { 0x05, 0x77, 0x4D, 0x57, 0x34, 0x5F, 0x30, 0x00 },
  { 0x00, 0x05, 0x77, 0x5D, 0x57, 0x54, 0x57, 0x00 },
  { 0x00, 0x05, 0x17, 0x5D, 0x77, 0x54, 0x4F, 0x00 },
  { 0x00, 0x05, 0x57, 0x7D, 0x57, 0x14, 0x77, 0x00 },
  { 0x00, 0x05, 0x57, 0x7D, 0x77, 0x54, 0x77, 0x00 },
  { 0x00, 0x05, 0x57, 0x7D, 0x57, 0x64, 0x77, 0x00 },
  { 0x05, 0x57, 0x7D, 0x57, 0x44, 0x37, 0x40, 0x00 },
  { 0x05, 0x57, 0x7D, 0x57, 0x74, 0x77, 0x50, 0x00 },
  { 0x05, 0x57, 0x7D, 0x77, 0x54, 0x77, 0x50, 0x00 },
  { 0x05, 0x57, 0x7D, 0x57, 0x34, 0x5F, 0x30, 0x00 },
  { 0x00, 0x05, 0x77, 0x5D, 0x57, 0x54, 0x77, 0x00 },
  { 0x00, 0x05, 0x77, 0x6D, 0x67, 0x64, 0x77, 0x00 },
  { 0x05, 0x77, 0x6D, 0x77, 0x44, 0x37, 0x40, 0x00 },
  { 0x00, 0x05, 0x47, 0x2D, 0x17, 0x24, 0x4F, 0x00 },
  { 0x00, 0x05, 0x4F, 0x35, 0x47, 0x34, 0x4F, 0x00 }, // '뀠'
  { 0x00, 0x05, 0x27, 0x5D, 0x57, 0x54, 0x2F, 0x00 },
  { 0x00, 0x05, 0x57, 0x3D, 0x17, 0x34, 0x57, 0x00 },
  { 0x00, 0x05, 0x27, 0x6D, 0x37, 0x64, 0x2F, 0x00 },
  { 0x00, 0x05, 0x17, 0x3D, 0x37, 0x34, 0x77, 0x00 },
  { 0x00, 0x05, 0x77, 0x7D, 0x77, 0x74, 0x57, 0x00 },
  { 0x00, 0x05, 0x57, 0x7D, 0x57, 0x74, 0x57, 0x00 },
  { 0x00, 0x05, 0x27, 0x6D, 0x57, 0x64, 0x2F, 0x00 },
  { 0x09, 0x09, 0x7F, 0x09, 0x79, 0x0F, 0x08, 0x00 },
  { 0x08, 0x29, 0x3F, 0x29, 0x39, 0x6F, 0x08, 0x00 },
  { 0x08, 0x29, 0x3F, 0x69, 0x39, 0x6F, 0x08, 0x00 },
  { 0x08, 0x29, 0x3F, 0x69, 0x59, 0x2F, 0x48, 0x00 },
  { 0x08, 0x69, 0x5F, 0x49, 0x59, 0x4F, 0x08, 0x00 },
  { 0x04, 0x75, 0x4F, 0x55, 0x3D, 0x57, 0x04, 0x00 },
  { 0x04, 0x75, 0x4F, 0x55, 0x3D, 0x57, 0x34, 0x00 },
  { 0x04, 0x75, 0x5F, 0x55, 0x5D, 0x57, 0x04, 0x00 },
  { 0x04, 0x15, 0x5F, 0x75, 0x5D, 0x47, 0x04, 0x00 }, // '뀰'
  { 0x04, 0x55, 0x7F, 0x55, 0x1D, 0x77, 0x04, 0x00 },
  { 0x04, 0x55, 0x7F, 0x75, 0x5D, 0x77, 0x04, 0x00 },
  { 0x04, 0x55, 0x7F, 0x55, 0x6D, 0x77, 0x04, 0x00 },
  { 0x04, 0x55, 0x7F, 0x55, 0x4D, 0x37, 0x44, 0x00 },
  { 0x04, 0x55, 0x7F, 0x55, 0x7D, 0x77, 0x54, 0x00 },
  { 0x04, 0x55, 0x7F, 0x75, 0x5D, 0x77, 0x54, 0x00 },
  { 0x04, 0x55, 0x7F, 0x55, 0x3D, 0x57, 0x34, 0x00 },
  { 0x04, 0x75, 0x5F, 0x55, 0x5D, 0x77, 0x04, 0x00 },
  { 0x04, 0x75, 0x6F, 0x65, 0x6D, 0x77, 0x04, 0x00 },
  { 0x04, 0x75, 0x6F, 0x75, 0x4D, 0x37, 0x44, 0x00 },
  { 0x04, 0x45, 0x2F, 0x15, 0x2D, 0x47, 0x04, 0x00 },
  { 0x04, 0x45, 0x2F, 0x45, 0x2D, 0x47, 0x04, 0x00 },
  { 0x04, 0x25, 0x5F, 0x55, 0x5D, 0x27, 0x04, 0x00 },
  { 0x04, 0x55, 0x3F, 0x15, 0x3D, 0x57, 0x04, 0x00 },
  { 0x04, 0x25, 0x6F, 0x35, 0x6D, 0x27, 0x04, 0x00 },
  { 0x04, 0x15, 0x3F, 0x35, 0x3D, 0x77, 0x04, 0x00 }, // '끀'
  { 0x04, 0x75, 0x7F, 0x75, 0x7D, 0x57, 0x04, 0x00 },
  { 0x04, 0x55, 0x7F, 0x55, 0x7D, 0x57, 0x04, 0x00 },
  { 0x04, 0x25, 0x6F, 0x55, 0x6D, 0x27, 0x04, 0x00 },
  { 0x20, 0x21, 0x2F, 0x21, 0x21, 0x2F, 0x20, 0x00 },
  { 0x08, 0x29, 0x2F, 0x29, 0x29, 0x6F, 0x08, 0x00 },
  { 0x08, 0x29, 0x2F, 0x69, 0x29, 0x6F, 0x08, 0x00 },
  { 0x08, 0x29, 0x2F, 0x69, 0x49, 0x2F, 0x48, 0x00 },
  { 0x08, 0x69, 0x4F, 0x49, 0x49, 0x4F, 0x08, 0x00 },
  { 0x04, 0x75, 0x47, 0x55, 0x35, 0x57, 0x04, 0x00 },
  { 0x04, 0x75, 0x47, 0x55, 0x35, 0x57, 0x34, 0x00 },
  { 0x04, 0x75, 0x57, 0x55, 0x55, 0x57, 0x04, 0x00 },
  { 0x04, 0x6D, 0x6F, 0x5D, 0x5D, 0x5F, 0x04, 0x00 },
  { 0x04, 0x6D, 0x5F, 0x5D, 0x0D, 0x7F, 0x04, 0x00 },
  { 0x04, 0x6D, 0x5F, 0x7D, 0x55, 0x77, 0x04, 0x00 },
  { 0x04, 0x6D, 0x5F, 0x7D, 0x55, 0x7F, 0x04, 0x00 },
  { 0x04, 0x6D, 0x5F, 0x5D, 0x45, 0x37, 0x44, 0x00 }, // '끐'
  { 0x04, 0x6D, 0x5F, 0x7D, 0x75, 0x57, 0x04, 0x00 },
  { 0x04, 0x6D, 0x5F, 0x7D, 0x55, 0x77, 0x54, 0x00 },
  { 0x04, 0x6D, 0x5F, 0x5D, 0x35, 0x5F, 0x34, 0x00 },
  { 0x04, 0x75, 0x57, 0x55, 0x55, 0x77, 0x04, 0x00 },
  { 0x04, 0x75, 0x67, 0x65, 0x65, 0x77, 0x04, 0x00 },
  { 0x04, 0x75, 0x67, 0x75, 0x45, 0x37, 0x44, 0x00 },
  { 0x04, 0x45, 0x27, 0x15, 0x25, 0x47, 0x04, 0x00 },
  { 0x04, 0x45, 0x37, 0x45, 0x35, 0x47, 0x04, 0x00 },
  { 0x04, 0x25, 0x57, 0x55, 0x55, 0x27, 0x04, 0x00 },
  { 0x04, 0x55, 0x37, 0x15, 0x35, 0x57, 0x04, 0x00 },
  { 0x04, 0x55, 0x37, 0x1D, 0x35, 0x57, 0x04, 0x00 },
  { 0x04, 0x15, 0x37, 0x35, 0x35, 0x77, 0x04, 0x00 },
  { 0x04, 0x7D, 0x5F, 0x5D, 0x5D, 0x4F, 0x04, 0x00 },
  { 0x04, 0x55, 0x77, 0x55, 0x75, 0x57, 0x04, 0x00 },
  { 0x04, 0x15, 0x37, 0x5D, 0x35, 0x17, 0x04, 0x00 },
  { 0x00, 0x21, 0x2F, 0x21, 0x2F, 0x20, 0x7F, 0x00 }, // '끠'
  { 0x00, 0x09, 0x2F, 0x29, 0x2F, 0x28, 0x6F, 0x00 },
  { 0x00, 0x09, 0x2F, 0x29, 0x6F, 0x28, 0x6F, 0x00 },
  { 0x09, 0x2F, 0x29, 0x6F, 0x48, 0x2F, 0x40, 0x00 },
  { 0x00, 0x09, 0x6F, 0x49, 0x4F, 0x48, 0x5F, 0x00 },
  { 0x00, 0x09, 0x6F, 0x49, 0x5F, 0x38, 0x5F, 0x00 },
  { 0x09, 0x6F, 0x49, 0x4F, 0x28, 0x5F, 0x20, 0x00 },
  { 0x00, 0x05, 0x77, 0x55, 0x57, 0x54, 0x57, 0x00 },
  { 0x00, 0x05, 0x6F, 0x6D, 0x5F, 0x5C, 0x5F, 0x00 },
  { 0x00, 0x05, 0x6F, 0x5D, 0x5F, 0x0C, 0x7F, 0x00 },
  { 0x00, 0x05, 0x6F, 0x5D, 0x7F, 0x4C, 0x7F, 0x00 },
  { 0x00, 0x05, 0x6F, 0x5D, 0x7F, 0x54, 0x7F, 0x00 },
  { 0x05, 0x6F, 0x5D, 0x5F, 0x44, 0x37, 0x40, 0x00 },
  { 0x00, 0x05, 0x6F, 0x5D, 0x7F, 0x5C, 0x4F, 0x00 },
  { 0x05, 0x6F, 0x5D, 0x7F, 0x4C, 0x7F, 0x48, 0x00 },
  { 0x05, 0x6F, 0x5D, 0x5F, 0x34, 0x5F, 0x30, 0x00 },
  { 0x00, 0x05, 0x77, 0x55, 0x57, 0x54, 0x77, 0x00 }, // '끰'
  { 0x00, 0x09, 0x7F, 0x69, 0x6F, 0x68, 0x7F, 0x00 },
  { 0x09, 0x7F, 0x69, 0x7F, 0x48, 0x3F, 0x40, 0x00 },
  { 0x00, 0x09, 0x4F, 0x29, 0x1F, 0x28, 0x4F, 0x00 },
  { 0x00, 0x09, 0x4F, 0x39, 0x4F, 0x38, 0x4F, 0x00 },
  { 0x00, 0x05, 0x27, 0x55, 0x57, 0x54, 0x27, 0x00 },
  { 0x00, 0x05, 0x57, 0x35, 0x17, 0x34, 0x57, 0x00 },
  { 0x00, 0x05, 0x57, 0x35, 0x1F, 0x34, 0x57, 0x00 },
  { 0x00, 0x05, 0x17, 0x35, 0x37, 0x34, 0x77, 0x00 },
  { 0x00, 0x09, 0x7F, 0x59, 0x5F, 0x58, 0x4F, 0x00 },
  { 0x00, 0x05, 0x57, 0x75, 0x57, 0x74, 0x57, 0x00 },
  { 0x00, 0x05, 0x17, 0x35, 0x5F, 0x34, 0x17, 0x00 },
  { 0x00, 0x21, 0x1F, 0x21, 0x1F, 0x00, 0x7F, 0x00 },
  { 0x00, 0x09, 0x27, 0x29, 0x27, 0x20, 0x6F, 0x00 },
  { 0x00, 0x09, 0x27, 0x29, 0x67, 0x20, 0x6F, 0x00 },
  { 0x09, 0x27, 0x29, 0x67, 0x40, 0x2F, 0x40, 0x00 },
  { 0x00, 0x09, 0x67, 0x49, 0x47, 0x40, 0x5F, 0x00 }, // '낀'
  { 0x00, 0x09, 0x67, 0x49, 0x57, 0x30, 0x5F, 0x00 },
  { 0x09, 0x67, 0x49, 0x57, 0x30, 0x5F, 0x30, 0x00 },
  { 0x00, 0x09, 0x77, 0x59, 0x57, 0x50, 0x5F, 0x00 },
  { 0x00, 0x05, 0x6B, 0x6D, 0x5B, 0x58, 0x5F, 0x00 },
  { 0x00, 0x05, 0x6B, 0x5D, 0x5B, 0x08, 0x7F, 0x00 },
  { 0x00, 0x05, 0x6B, 0x5D, 0x7B, 0x48, 0x7F, 0x00 },
  { 0x00, 0x05, 0x6B, 0x5D, 0x7B, 0x50, 0x7F, 0x00 },
  { 0x05, 0x6B, 0x5D, 0x5B, 0x40, 0x37, 0x40, 0x00 },
  { 0x00, 0x05, 0x6B, 0x5D, 0x7B, 0x58, 0x4F, 0x00 },
  { 0x05, 0x6B, 0x5D, 0x7B, 0x48, 0x7F, 0x48, 0x00 },
  { 0x05, 0x6B, 0x5D, 0x5B, 0x30, 0x5F, 0x30, 0x00 },
  { 0x00, 0x09, 0x77, 0x59, 0x57, 0x50, 0x7F, 0x00 },
  { 0x00, 0x09, 0x77, 0x69, 0x67, 0x60, 0x7F, 0x00 },
  { 0x09, 0x77, 0x69, 0x77, 0x40, 0x37, 0x40, 0x00 },
  { 0x00, 0x09, 0x47, 0x29, 0x17, 0x20, 0x4F, 0x00 },
  { 0x00, 0x09, 0x47, 0x39, 0x47, 0x30, 0x4F, 0x00 }, // '낐'
  { 0x00, 0x09, 0x27, 0x59, 0x57, 0x50, 0x2F, 0x00 },
  { 0x00, 0x09, 0x57, 0x39, 0x17, 0x30, 0x5F, 0x00 },
  { 0x00, 0x05, 0x53, 0x35, 0x1B, 0x30, 0x57, 0x00 },
  { 0x00, 0x09, 0x17, 0x39, 0x37, 0x30, 0x7F, 0x00 },
  { 0x00, 0x05, 0x7B, 0x5D, 0x5B, 0x58, 0x4F, 0x00 },
  { 0x00, 0x05, 0x53, 0x75, 0x53, 0x70, 0x57, 0x00 },
  { 0x00, 0x05, 0x13, 0x35, 0x5B, 0x30, 0x17, 0x00 },
  { 0x3F, 0x20, 0x20, 0x20, 0x00, 0x7F, 0x08, 0x00 },
  { 0x0F, 0x28, 0x28, 0x28, 0x20, 0x6F, 0x04, 0x00 },
  { 0x0F, 0x28, 0x28, 0x68, 0x20, 0x6F, 0x04, 0x00 },
  { 0x0F, 0x28, 0x28, 0x68, 0x40, 0x2F, 0x44, 0x00 },
  { 0x0F, 0x68, 0x48, 0x48, 0x40, 0x5F, 0x04, 0x00 },
  { 0x07, 0x74, 0x44, 0x54, 0x30, 0x57, 0x02, 0x00 },
  { 0x07, 0x74, 0x44, 0x54, 0x30, 0x5F, 0x32, 0x00 },
  { 0x07, 0x74, 0x54, 0x54, 0x50, 0x57, 0x02, 0x00 },
  { 0x07, 0x6C, 0x6C, 0x5C, 0x58, 0x5F, 0x02, 0x00 }, // '날'
  { 0x07, 0x6C, 0x5C, 0x5C, 0x08, 0x7F, 0x02, 0x00 },
  { 0x07, 0x6C, 0x5C, 0x7C, 0x48, 0x7F, 0x02, 0x00 },
  { 0x07, 0x6C, 0x5C, 0x7C, 0x50, 0x7F, 0x02, 0x00 },
  { 0x07, 0x6C, 0x5C, 0x5C, 0x40, 0x37, 0x42, 0x00 },
  { 0x07, 0x6C, 0x5C, 0x7C, 0x58, 0x4F, 0x02, 0x00 },
  { 0x07, 0x6C, 0x5C, 0x7C, 0x48, 0x7F, 0x4A, 0x00 },
  { 0x07, 0x6C, 0x5C, 0x5C, 0x30, 0x5F, 0x32, 0x00 },
  { 0x07, 0x74, 0x54, 0x54, 0x50, 0x77, 0x02, 0x00 },
  { 0x07, 0x74, 0x64, 0x64, 0x60, 0x77, 0x02, 0x00 },
  { 0x07, 0x74, 0x64, 0x74, 0x40, 0x37, 0x42, 0x00 },
  { 0x07, 0x44, 0x24, 0x14, 0x20, 0x4F, 0x02, 0x00 },
  { 0x07, 0x44, 0x34, 0x44, 0x30, 0x47, 0x02, 0x00 },
  { 0x07, 0x24, 0x54, 0x54, 0x50, 0x27, 0x02, 0x00 },
  { 0x07, 0x54, 0x34, 0x14, 0x30, 0x57, 0x02, 0x00 },
  { 0x07, 0x54, 0x34, 0x1C, 0x30, 0x57, 0x02, 0x00 },
  { 0x07, 0x14, 0x34, 0x34, 0x30, 0x77, 0x02, 0x00 }, // '낰'
  { 0x07, 0x7C, 0x5C, 0x5C, 0x58, 0x4F, 0x02, 0x00 },
  { 0x07, 0x54, 0x74, 0x54, 0x70, 0x57, 0x02, 0x00 },
  { 0x07, 0x14, 0x34, 0x5C, 0x30, 0x17, 0x02, 0x00 },
  { 0x3F, 0x20, 0x20, 0x00, 0x7F, 0x08, 0x7F, 0x00 },
  { 0x0F, 0x28, 0x28, 0x20, 0x2F, 0x24, 0x6F, 0x00 },
  { 0x0F, 0x28, 0x28, 0x60, 0x2F, 0x24, 0x6F, 0x00 },
  { 0x0F, 0x28, 0x28, 0x60, 0x4F, 0x24, 0x4F, 0x00 },
  { 0x0F, 0x68, 0x48, 0x40, 0x5F, 0x44, 0x5F, 0x00 },
  { 0x0F, 0x68, 0x48, 0x40, 0x57, 0x32, 0x57, 0x00 },
  { 0x0F, 0x68, 0x48, 0x50, 0x37, 0x5A, 0x37, 0x00 },
  { 0x07, 0x74, 0x54, 0x50, 0x57, 0x52, 0x57, 0x00 },
  { 0x07, 0x6C, 0x6C, 0x58, 0x5F, 0x5A, 0x5F, 0x00 },
  { 0x07, 0x6C, 0x5C, 0x58, 0x0F, 0x0A, 0x7F, 0x00 },
  { 0x07, 0x6C, 0x5C, 0x58, 0x7F, 0x4A, 0x7F, 0x00 },
  { 0x07, 0x6C, 0x5C, 0x58, 0x7F, 0x52, 0x7F, 0x00 },
  { 0x07, 0x6C, 0x5C, 0x58, 0x67, 0x1A, 0x67, 0x00 }, // '냀'
  { 0x07, 0x6C, 0x5C, 0x58, 0x7F, 0x5A, 0x4F, 0x00 },
  { 0x07, 0x6C, 0x5C, 0x78, 0x4F, 0x7A, 0x4F, 0x00 },
  { 0x07, 0x6C, 0x5C, 0x58, 0x37, 0x5A, 0x37, 0x00 },
  { 0x07, 0x74, 0x54, 0x50, 0x57, 0x52, 0x77, 0x00 },
  { 0x07, 0x74, 0x64, 0x60, 0x67, 0x62, 0x77, 0x00 },
  { 0x07, 0x74, 0x64, 0x70, 0x47, 0x32, 0x47, 0x00 },
  { 0x07, 0x44, 0x24, 0x10, 0x2F, 0x42, 0x0F, 0x00 },
  { 0x07, 0x44, 0x34, 0x40, 0x37, 0x42, 0x07, 0x00 },
  { 0x07, 0x24, 0x54, 0x50, 0x57, 0x52, 0x27, 0x00 },
  { 0x07, 0x54, 0x54, 0x30, 0x37, 0x52, 0x57, 0x00 },
  { 0x07, 0x54, 0x54, 0x38, 0x37, 0x52, 0x57, 0x00 },
  { 0x07, 0x14, 0x34, 0x30, 0x37, 0x32, 0x77, 0x00 },
  { 0x07, 0x7C, 0x5C, 0x58, 0x5F, 0x5A, 0x4F, 0x00 },
  { 0x07, 0x54, 0x74, 0x50, 0x57, 0x72, 0x57, 0x00 },
  { 0x07, 0x14, 0x34, 0x58, 0x57, 0x32, 0x17, 0x00 },
  { 0x3F, 0x20, 0x20, 0x20, 0x00, 0x7F, 0x12, 0x00 }, // '냐'
  { 0x0F, 0x28, 0x28, 0x28, 0x20, 0x7F, 0x0A, 0x00 },
  { 0x0F, 0x28, 0x28, 0x68, 0x20, 0x7F, 0x0A, 0x00 },
  { 0x0F, 0x28, 0x28, 0x68, 0x40, 0x3F, 0x4A, 0x00 },
  { 0x0F, 0x68, 0x48, 0x48, 0x40, 0x5F, 0x0A, 0x00 },
  { 0x07, 0x74, 0x44, 0x54, 0x30, 0x5F, 0x05, 0x00 },
  { 0x07, 0x74, 0x44, 0x54, 0x30, 0x5F, 0x35, 0x00 },
  { 0x07, 0x74, 0x54, 0x54, 0x50, 0x5F, 0x05, 0x00 },
  { 0x07, 0x6C, 0x6C, 0x5C, 0x58, 0x5F, 0x05, 0x00 },
  { 0x07, 0x6C, 0x5C, 0x5C, 0x08, 0x7F, 0x05, 0x00 },
  { 0x07, 0x6C, 0x5C, 0x7C, 0x48, 0x7F, 0x05, 0x00 },
  { 0x07, 0x6C, 0x5C, 0x7C, 0x50, 0x7F, 0x05, 0x00 },
  { 0x07, 0x6C, 0x5C, 0x5C, 0x40, 0x2F, 0x45, 0x00 },
  { 0x07, 0x6C, 0x5C, 0x7C, 0x58, 0x4F, 0x05, 0x00 },
  { 0x07, 0x6C, 0x5C, 0x7C, 0x50, 0x7F, 0x55, 0x00 },
  { 0x07, 0x6C, 0x5C, 0x5C, 0x30, 0x5F, 0x35, 0x00 },
  { 0x07, 0x74, 0x54, 0x54, 0x50, 0x7F, 0x05, 0x00 }, // '냠'
  { 0x07, 0x74, 0x64, 0x64, 0x60, 0x7F, 0x05, 0x00 },
  { 0x07, 0x74, 0x64, 0x74, 0x40, 0x3F, 0x45, 0x00 },
  { 0x07, 0x44, 0x24, 0x14, 0x20, 0x4F, 0x05, 0x00 },
  { 0x07, 0x44, 0x34, 0x44, 0x30, 0x4F, 0x05, 0x00 },
  { 0x07, 0x24, 0x54, 0x54, 0x50, 0x2F, 0x05, 0x00 },
  { 0x07, 0x54, 0x34, 0x14, 0x30, 0x5F, 0x05, 0x00 },
  { 0x07, 0x54, 0x34, 0x1C, 0x30, 0x5F, 0x05, 0x00 },
  { 0x07, 0x14, 0x34, 0x34, 0x30, 0x7F, 0x05, 0x00 },
  { 0x07, 0x7C, 0x5C, 0x5C, 0x58, 0x4F, 0x05, 0x00 },
  { 0x07, 0x54, 0x74, 0x54, 0x70, 0x5F, 0x05, 0x00 },
  { 0x07, 0x14, 0x34, 0x5C, 0x30, 0x1F, 0x05, 0x00 },
  { 0x3F, 0x20, 0x20, 0x00, 0x7F, 0x12, 0x7F, 0x00 },
  { 0x0F, 0x28, 0x28, 0x20, 0x3F, 0x2A, 0x7F, 0x00 },
  { 0x0F, 0x28, 0x28, 0x60, 0x3F, 0x2A, 0x7F, 0x00 },
  { 0x0F, 0x28, 0x28, 0x60, 0x5F, 0x2A, 0x5F, 0x00 },
  { 0x0F, 0x68, 0x48, 0x40, 0x5F, 0x4A, 0x5F, 0x00 }, // '냰'
  { 0x0F, 0x68, 0x48, 0x40, 0x5F, 0x35, 0x5F, 0x00 },
  { 0x0F, 0x68, 0x48, 0x50, 0x3F, 0x55, 0x3F, 0x00 },
  { 0x07, 0x74, 0x54, 0x50, 0x5F, 0x55, 0x5F, 0x00 },
  { 0x07, 0x6C, 0x6C, 0x58, 0x5F, 0x55, 0x5F, 0x00 },
  { 0x07, 0x6C, 0x5C, 0x58, 0x1F, 0x15, 0x7F, 0x00 },
  { 0x07, 0x6C, 0x5C, 0x58, 0x7F, 0x55, 0x7F, 0x00 },
  { 0x07, 0x6C, 0x5C, 0x58, 0x7F, 0x65, 0x7F, 0x00 },
  { 0x07, 0x6C, 0x5C, 0x58, 0x4F, 0x35, 0x4F, 0x00 },
  { 0x07, 0x6C, 0x5C, 0x58, 0x7F, 0x75, 0x5F, 0x00 },
  { 0x07, 0x6C, 0x5C, 0x78, 0x5F, 0x75, 0x5F, 0x00 },
  { 0x07, 0x6C, 0x5C, 0x58, 0x2F, 0x55, 0x2F, 0x00 },
  { 0x07, 0x74, 0x54, 0x50, 0x5F, 0x55, 0x7F, 0x00 },
  { 0x07, 0x74, 0x64, 0x60, 0x6F, 0x65, 0x7F, 0x00 },
  { 0x07, 0x74, 0x64, 0x70, 0x4F, 0x35, 0x4F, 0x00 },
  { 0x07, 0x44, 0x24, 0x10, 0x2F, 0x45, 0x0F, 0x00 },
  { 0x07, 0x44, 0x34, 0x40, 0x3F, 0x45, 0x0F, 0x00 }, // '넀'
  { 0x07, 0x24, 0x54, 0x50, 0x5F, 0x55, 0x2F, 0x00 },
  { 0x07, 0x54, 0x54, 0x30, 0x3F, 0x55, 0x5F, 0x00 },
  { 0x07, 0x54, 0x54, 0x38, 0x37, 0x55, 0x5F, 0x00 },
  { 0x07, 0x14, 0x34, 0x30, 0x3F, 0x35, 0x7F, 0x00 },
  { 0x07, 0x7C, 0x5C, 0x58, 0x5F, 0x55, 0x4F, 0x00 },
  { 0x07, 0x54, 0x74, 0x50, 0x5F, 0x75, 0x5F, 0x00 },
  { 0x07, 0x14, 0x34, 0x58, 0x57, 0x35, 0x1F, 0x00 },
  { 0x00, 0x3F, 0x20, 0x20, 0x24, 0x04, 0x7F, 0x00 },
  { 0x00, 0x0F, 0x28, 0x28, 0x2A, 0x22, 0x6F, 0x00 },
  { 0x00, 0x0F, 0x28, 0x28, 0x6A, 0x22, 0x6F, 0x00 },
  { 0x0F, 0x28, 0x28, 0x6A, 0x42, 0x2F, 0x40, 0x00 },
  { 0x00, 0x0F, 0x68, 0x48, 0x4A, 0x42, 0x5F, 0x00 },
  { 0x00, 0x07, 0x74, 0x44, 0x52, 0x32, 0x57, 0x00 },
  { 0x07, 0x74, 0x44, 0x52, 0x32, 0x5F, 0x30, 0x00 },
  { 0x00, 0x07, 0x74, 0x54, 0x52, 0x52, 0x57, 0x00 },
  { 0x00, 0x07, 0x6C, 0x6C, 0x5A, 0x5A, 0x5F, 0x00 }, // '널'
  { 0x00, 0x07, 0x6C, 0x5C, 0x5A, 0x0A, 0x7F, 0x00 },
  { 0x00, 0x07, 0x6C, 0x5C, 0x7A, 0x4A, 0x7F, 0x00 },
  { 0x00, 0x07, 0x6C, 0x5C, 0x7A, 0x52, 0x7F, 0x00 },
  { 0x07, 0x6C, 0x5C, 0x5A, 0x42, 0x37, 0x40, 0x00 },
  { 0x00, 0x07, 0x6C, 0x5C, 0x7A, 0x5A, 0x4F, 0x00 },
  { 0x07, 0x6C, 0x5C, 0x7A, 0x4A, 0x7F, 0x48, 0x00 },
  { 0x07, 0x6C, 0x5C, 0x5A, 0x32, 0x5F, 0x30, 0x00 },
  { 0x00, 0x07, 0x74, 0x54, 0x52, 0x52, 0x77, 0x00 },
  { 0x00, 0x07, 0x74, 0x64, 0x62, 0x62, 0x77, 0x00 },
  { 0x07, 0x74, 0x64, 0x72, 0x42, 0x37, 0x40, 0x00 },
  { 0x00, 0x0F, 0x48, 0x28, 0x12, 0x22, 0x4F, 0x00 },
  { 0x00, 0x07, 0x44, 0x34, 0x42, 0x32, 0x47, 0x00 },
  { 0x00, 0x07, 0x24, 0x54, 0x52, 0x52, 0x27, 0x00 },
  { 0x00, 0x07, 0x54, 0x34, 0x12, 0x32, 0x57, 0x00 },
  { 0x00, 0x07, 0x54, 0x34, 0x1A, 0x32, 0x57, 0x00 },
  { 0x00, 0x07, 0x14, 0x34, 0x32, 0x32, 0x77, 0x00 }, // '넠'
  { 0x00, 0x07, 0x7C, 0x5C, 0x5A, 0x5A, 0x4F, 0x00 },
  { 0x00, 0x07, 0x54, 0x74, 0x52, 0x72, 0x57, 0x00 },
  { 0x00, 0x07, 0x14, 0x34, 0x5A, 0x32, 0x17, 0x00 },
  { 0x3F, 0x20, 0x24, 0x04, 0x7F, 0x00, 0x7F, 0x00 },
  { 0x0F, 0x28, 0x2A, 0x22, 0x2F, 0x20, 0x6F, 0x00 },
  { 0x0F, 0x28, 0x2A, 0x62, 0x2F, 0x20, 0x6F, 0x00 },
  { 0x0F, 0x28, 0x2A, 0x62, 0x4F, 0x20, 0x4F, 0x00 },
  { 0x0F, 0x68, 0x4A, 0x42, 0x5F, 0x40, 0x5F, 0x00 },
  { 0x0F, 0x68, 0x4A, 0x42, 0x57, 0x30, 0x57, 0x00 },
  { 0x0F, 0x68, 0x4A, 0x52, 0x37, 0x58, 0x37, 0x00 },
  { 0x07, 0x74, 0x54, 0x52, 0x57, 0x50, 0x57, 0x00 },
  { 0x07, 0x6C, 0x6C, 0x5A, 0x5F, 0x58, 0x5F, 0x00 },
  { 0x07, 0x6C, 0x5C, 0x5A, 0x0F, 0x08, 0x7F, 0x00 },
  { 0x07, 0x6C, 0x5C, 0x5A, 0x7F, 0x48, 0x7F, 0x00 },
  { 0x07, 0x6C, 0x5C, 0x5A, 0x7F, 0x50, 0x7F, 0x00 },
  { 0x07, 0x6C, 0x5C, 0x5A, 0x67, 0x18, 0x67, 0x00 }, // '넰'
  { 0x07, 0x6C, 0x5C, 0x5A, 0x7F, 0x58, 0x4F, 0x00 },
  { 0x07, 0x6C, 0x5C, 0x7A, 0x4F, 0x78, 0x4F, 0x00 },
  { 0x07, 0x6C, 0x5C, 0x5A, 0x37, 0x58, 0x37, 0x00 },
  { 0x07, 0x74, 0x54, 0x52, 0x57, 0x50, 0x77, 0x00 },
  { 0x07, 0x74, 0x64, 0x62, 0x67, 0x60, 0x77, 0x00 },
  { 0x07, 0x74, 0x64, 0x72, 0x47, 0x30, 0x47, 0x00 },
  { 0x07, 0x44, 0x24, 0x12, 0x2F, 0x40, 0x0F, 0x00 },
  { 0x07, 0x44, 0x34, 0x42, 0x37, 0x40, 0x0F, 0x00 },
  { 0x07, 0x24, 0x54, 0x52, 0x57, 0x50, 0x27, 0x00 },
  { 0x07, 0x54, 0x54, 0x32, 0x37, 0x50, 0x57, 0x00 },
  { 0x07, 0x54, 0x54, 0x3A, 0x37, 0x50, 0x57, 0x00 },
  { 0x07, 0x14, 0x34, 0x32, 0x37, 0x30, 0x77, 0x00 },
  { 0x07, 0x7C, 0x5C, 0x5A, 0x5F, 0x58, 0x4F, 0x00 },
  { 0x07, 0x54, 0x74, 0x52, 0x57, 0x70, 0x57, 0x00 },
  { 0x07, 0x14, 0x34, 0x5A, 0x57, 0x30, 0x17, 0x00 },
  { 0x00, 0x3F, 0x20, 0x20, 0x2A, 0x0A, 0x7F, 0x00 }, // '녀'
  { 0x00, 0x0F, 0x28, 0x28, 0x20, 0x2A, 0x7F, 0x00 },
  { 0x00, 0x0F, 0x28, 0x28, 0x60, 0x2A, 0x7F, 0x00 },
  { 0x0F, 0x28, 0x28, 0x60, 0x4A, 0x3F, 0x40, 0x00 },
  { 0x00, 0x0F, 0x68, 0x48, 0x40, 0x4A, 0x5F, 0x00 },
  { 0x00, 0x07, 0x74, 0x44, 0x50, 0x35, 0x5F, 0x00 },
  { 0x07, 0x74, 0x44, 0x50, 0x35, 0x5F, 0x30, 0x00 },
  { 0x00, 0x07, 0x74, 0x54, 0x50, 0x55, 0x5F, 0x00 },
  { 0x00, 0x07, 0x6C, 0x6C, 0x58, 0x55, 0x5F, 0x00 },
  { 0x00, 0x07, 0x6C, 0x5C, 0x58, 0x15, 0x7F, 0x00 },
  { 0x00, 0x07, 0x6C, 0x5C, 0x78, 0x55, 0x7F, 0x00 },
  { 0x00, 0x07, 0x6C, 0x5C, 0x78, 0x65, 0x7F, 0x00 },
  { 0x07, 0x6C, 0x5C, 0x58, 0x45, 0x2F, 0x40, 0x00 },
  { 0x00, 0x07, 0x6C, 0x5C, 0x78, 0x75, 0x5F, 0x00 },
  { 0x07, 0x6C, 0x5C, 0x78, 0x55, 0x7F, 0x50, 0x00 },
  { 0x07, 0x6C, 0x5C, 0x58, 0x35, 0x5F, 0x30, 0x00 },
  { 0x00, 0x07, 0x74, 0x54, 0x50, 0x55, 0x7F, 0x00 }, // '념'
  { 0x00, 0x07, 0x74, 0x64, 0x60, 0x65, 0x7F, 0x00 },
  { 0x07, 0x74, 0x64, 0x70, 0x45, 0x2F, 0x40, 0x00 },
  { 0x00, 0x07, 0x44, 0x24, 0x10, 0x25, 0x4F, 0x00 },
  { 0x00, 0x07, 0x44, 0x34, 0x40, 0x35, 0x4F, 0x00 },
  { 0x00, 0x07, 0x24, 0x54, 0x50, 0x55, 0x2F, 0x00 },
  { 0x00, 0x07, 0x54, 0x34, 0x10, 0x35, 0x5F, 0x00 },
  { 0x00, 0x07, 0x54, 0x34, 0x18, 0x35, 0x5F, 0x00 },
  { 0x00, 0x07, 0x14, 0x34, 0x30, 0x35, 0x7F, 0x00 },
  { 0x00, 0x07, 0x7C, 0x5C, 0x58, 0x55, 0x4F, 0x00 },
  { 0x00, 0x07, 0x54, 0x74, 0x50, 0x75, 0x5F, 0x00 },
  { 0x00, 0x07, 0x14, 0x34, 0x58, 0x35, 0x1F, 0x00 },
  { 0x3F, 0x20, 0x2A, 0x0A, 0x7F, 0x00, 0x7F, 0x00 },
  { 0x0F, 0x28, 0x28, 0x25, 0x2F, 0x20, 0x6F, 0x00 },
  { 0x0F, 0x28, 0x28, 0x65, 0x2F, 0x20, 0x6F, 0x00 },
  { 0x0F, 0x28, 0x28, 0x65, 0x4F, 0x20, 0x4F, 0x00 },
  { 0x0F, 0x68, 0x48, 0x45, 0x5F, 0x40, 0x5F, 0x00 }, // '녠'
  { 0x0F, 0x68, 0x48, 0x45, 0x5F, 0x30, 0x5F, 0x00 },
  { 0x0F, 0x68, 0x48, 0x55, 0x37, 0x58, 0x37, 0x00 },
  { 0x07, 0x74, 0x50, 0x55, 0x5F, 0x50, 0x5F, 0x00 },
  { 0x07, 0x6C, 0x68, 0x55, 0x5F, 0x58, 0x5F, 0x00 },
  { 0x07, 0x6C, 0x58, 0x55, 0x1F, 0x10, 0x7F, 0x00 },
  { 0x07, 0x6C, 0x58, 0x55, 0x7F, 0x50, 0x7F, 0x00 },
  { 0x07, 0x6C, 0x58, 0x55, 0x7F, 0x60, 0x7F, 0x00 },
  { 0x07, 0x6C, 0x58, 0x55, 0x4F, 0x30, 0x4F, 0x00 },
  { 0x07, 0x6C, 0x58, 0x55, 0x7F, 0x70, 0x5F, 0x00 },
  { 0x07, 0x6C, 0x58, 0x75, 0x5F, 0x70, 0x5F, 0x00 },
  { 0x07, 0x6C, 0x58, 0x55, 0x2F, 0x50, 0x2F, 0x00 },
  { 0x07, 0x74, 0x50, 0x55, 0x5F, 0x50, 0x7F, 0x00 },
  { 0x07, 0x74, 0x60, 0x65, 0x6F, 0x60, 0x7F, 0x00 },
  { 0x07, 0x74, 0x60, 0x75, 0x4F, 0x30, 0x4F, 0x00 },
  { 0x07, 0x44, 0x20, 0x15, 0x2F, 0x40, 0x0F, 0x00 },
  { 0x07, 0x44, 0x30, 0x45, 0x3F, 0x40, 0x0F, 0x00 }, // '녰'
  { 0x07, 0x24, 0x50, 0x55, 0x5F, 0x50, 0x2F, 0x00 },
  { 0x07, 0x54, 0x50, 0x35, 0x3F, 0x50, 0x5F, 0x00 },
  { 0x0F, 0x28, 0x68, 0x35, 0x2F, 0x60, 0x2F, 0x00 },
  { 0x07, 0x14, 0x30, 0x35, 0x3F, 0x30, 0x7F, 0x00 },
  { 0x07, 0x74, 0x70, 0x75, 0x7F, 0x70, 0x5F, 0x00 },
  { 0x07, 0x54, 0x70, 0x55, 0x5F, 0x70, 0x5F, 0x00 },
  { 0x0F, 0x28, 0x68, 0x55, 0x6F, 0x60, 0x2F, 0x00 },
  { 0x20, 0x2F, 0x28, 0x38, 0x28, 0x28, 0x20, 0x00 },
  { 0x08, 0x2B, 0x2A, 0x2E, 0x2A, 0x6A, 0x08, 0x00 },
  { 0x08, 0x2B, 0x2A, 0x6E, 0x2A, 0x6A, 0x08, 0x00 },
  { 0x08, 0x2B, 0x6A, 0x4E, 0x2A, 0x4A, 0x08, 0x00 },
  { 0x08, 0x6B, 0x4A, 0x4E, 0x4A, 0x4A, 0x08, 0x00 },
  { 0x08, 0x6B, 0x4A, 0x5E, 0x3A, 0x5A, 0x08, 0x00 },
  { 0x08, 0x6B, 0x4A, 0x4E, 0x2A, 0x5A, 0x28, 0x00 },
  { 0x08, 0x7B, 0x5A, 0x5E, 0x5A, 0x5A, 0x08, 0x00 },
  { 0x08, 0x6B, 0x6A, 0x5E, 0x5A, 0x5A, 0x08, 0x00 }, // '놀'
  { 0x08, 0x6B, 0x5A, 0x5E, 0x1A, 0x7A, 0x08, 0x00 },
  { 0x08, 0x6B, 0x5A, 0x7E, 0x5A, 0x7A, 0x08, 0x00 },
  { 0x08, 0x6B, 0x5A, 0x7E, 0x6A, 0x7A, 0x08, 0x00 },
  { 0x08, 0x6B, 0x5A, 0x5E, 0x4A, 0x3A, 0x48, 0x00 },
  { 0x08, 0x6B, 0x5A, 0x7E, 0x7A, 0x5A, 0x08, 0x00 },
  { 0x08, 0x6B, 0x5A, 0x7E, 0x5A, 0x7A, 0x58, 0x00 },
  { 0x08, 0x6B, 0x5A, 0x5E, 0x2A, 0x5A, 0x28, 0x00 },
  { 0x08, 0x7B, 0x5A, 0x5E, 0x5A, 0x7A, 0x08, 0x00 },
  { 0x08, 0x7B, 0x6A, 0x6E, 0x6A, 0x7A, 0x08, 0x00 },
  { 0x08, 0x7B, 0x6A, 0x7E, 0x4A, 0x3A, 0x48, 0x00 },
  { 0x08, 0x4B, 0x2A, 0x1E, 0x2A, 0x4A, 0x08, 0x00 },
  { 0x08, 0x4B, 0x3A, 0x4E, 0x3A, 0x4A, 0x08, 0x00 },
  { 0x08, 0x2B, 0x5A, 0x5E, 0x5A, 0x2A, 0x08, 0x00 },
  { 0x08, 0x5B, 0x3A, 0x1E, 0x3A, 0x5A, 0x08, 0x00 },
  { 0x08, 0x2B, 0x6A, 0x3E, 0x6A, 0x2A, 0x08, 0x00 },
  { 0x08, 0x1B, 0x3A, 0x3E, 0x3A, 0x7A, 0x08, 0x00 }, // '놐'
  { 0x08, 0x7B, 0x5A, 0x5E, 0x5A, 0x4A, 0x08, 0x00 },
  { 0x08, 0x5B, 0x7A, 0x5E, 0x7A, 0x5A, 0x08, 0x00 },
  { 0x08, 0x2B, 0x6A, 0x5E, 0x6A, 0x2A, 0x08, 0x00 },
  { 0x2F, 0x28, 0x38, 0x28, 0x20, 0x7F, 0x08, 0x00 },
  { 0x0B, 0x2A, 0x2E, 0x2A, 0x28, 0x6F, 0x02, 0x00 },
  { 0x0B, 0x2A, 0x2E, 0x6A, 0x28, 0x6F, 0x02, 0x00 },
  { 0x0B, 0x2A, 0x2E, 0x6A, 0x48, 0x2F, 0x42, 0x00 },
  { 0x0B, 0x6A, 0x4E, 0x4A, 0x48, 0x5F, 0x04, 0x00 },
  { 0x0B, 0x6A, 0x4E, 0x5A, 0x38, 0x5F, 0x02, 0x00 },
  { 0x0B, 0x6A, 0x4E, 0x4A, 0x28, 0x5F, 0x22, 0x00 },
  { 0x0B, 0x7A, 0x5E, 0x5A, 0x58, 0x5F, 0x02, 0x00 },
  { 0x0B, 0x6A, 0x6E, 0x5A, 0x58, 0x5F, 0x02, 0x00 },
  { 0x0B, 0x6A, 0x5E, 0x5A, 0x18, 0x7F, 0x02, 0x00 },
  { 0x0B, 0x6A, 0x5E, 0x7A, 0x58, 0x7F, 0x02, 0x00 },
  { 0x0B, 0x6A, 0x5E, 0x7A, 0x68, 0x7F, 0x02, 0x00 },
  { 0x0B, 0x6A, 0x5E, 0x5A, 0x48, 0x3F, 0x42, 0x00 }, // '놠'
  { 0x0B, 0x6A, 0x5E, 0x7A, 0x78, 0x5F, 0x02, 0x00 },
  { 0x0B, 0x6A, 0x5E, 0x7A, 0x58, 0x7F, 0x52, 0x00 },
  { 0x0B, 0x6A, 0x5E, 0x5A, 0x28, 0x5F, 0x22, 0x00 },
  { 0x0B, 0x7A, 0x5E, 0x5A, 0x58, 0x7F, 0x02, 0x00 },
  { 0x0B, 0x7A, 0x6E, 0x6A, 0x68, 0x7F, 0x02, 0x00 },
  { 0x0B, 0x7A, 0x6E, 0x7A, 0x48, 0x3F, 0x42, 0x00 },
  { 0x0B, 0x4A, 0x2E, 0x1A, 0x28, 0x4F, 0x02, 0x00 },
  { 0x0B, 0x4A, 0x3E, 0x4A, 0x38, 0x4F, 0x02, 0x00 },
  { 0x0B, 0x2A, 0x5E, 0x5A, 0x58, 0x2F, 0x02, 0x00 },
  { 0x0B, 0x5A, 0x3E, 0x1A, 0x38, 0x5F, 0x02, 0x00 },
  { 0x0B, 0x2A, 0x6E, 0x3A, 0x68, 0x2F, 0x02, 0x00 },
  { 0x0B, 0x1A, 0x3E, 0x3A, 0x38, 0x7F, 0x02, 0x00 },
  { 0x0B, 0x7A, 0x5E, 0x5A, 0x58, 0x4F, 0x02, 0x00 },
  { 0x0B, 0x5A, 0x7E, 0x5A, 0x78, 0x5F, 0x02, 0x00 },
  { 0x0B, 0x2A, 0x6E, 0x5A, 0x68, 0x2F, 0x02, 0x00 },
  { 0x2F, 0x38, 0x28, 0x20, 0x7F, 0x08, 0x7F, 0x00 }, // '놰'
  { 0x0B, 0x2E, 0x2A, 0x28, 0x2F, 0x22, 0x6F, 0x00 },
  { 0x0B, 0x2E, 0x2A, 0x68, 0x2F, 0x22, 0x6F, 0x00 },
  { 0x0B, 0x2E, 0x2A, 0x68, 0x4F, 0x22, 0x4F, 0x00 },
  { 0x0B, 0x6E, 0x4A, 0x48, 0x5F, 0x44, 0x5F, 0x00 },
  { 0x0B, 0x6E, 0x4A, 0x48, 0x5F, 0x32, 0x5F, 0x00 },
  { 0x0B, 0x6E, 0x4A, 0x48, 0x2F, 0x52, 0x2F, 0x00 },
  { 0x0B, 0x7E, 0x5A, 0x58, 0x5F, 0x52, 0x5F, 0x00 },
  { 0x0B, 0x6E, 0x6A, 0x58, 0x5F, 0x5A, 0x5F, 0x00 },
  { 0x0B, 0x6E, 0x5A, 0x58, 0x1F, 0x12, 0x7F, 0x00 },
  { 0x0B, 0x6E, 0x5A, 0x58, 0x7F, 0x52, 0x7F, 0x00 },
  { 0x0B, 0x6E, 0x5A, 0x58, 0x7F, 0x62, 0x7F, 0x00 },
  { 0x0B, 0x6E, 0x5A, 0x58, 0x4F, 0x32, 0x4F, 0x00 },
  { 0x0B, 0x6E, 0x5A, 0x58, 0x7F, 0x72, 0x5F, 0x00 },
  { 0x0B, 0x6E, 0x5A, 0x78, 0x5F, 0x72, 0x5F, 0x00 },
  { 0x0B, 0x6E, 0x5A, 0x58, 0x2F, 0x52, 0x2F, 0x00 },
  { 0x0B, 0x7E, 0x5A, 0x58, 0x5F, 0x52, 0x7F, 0x00 }, // '뇀'
  { 0x0B, 0x7E, 0x6A, 0x68, 0x6F, 0x62, 0x7F, 0x00 },
  { 0x0B, 0x7E, 0x6A, 0x78, 0x4F, 0x32, 0x4F, 0x00 },
  { 0x0B, 0x4E, 0x2A, 0x18, 0x2F, 0x42, 0x0F, 0x00 },
  { 0x0B, 0x4E, 0x3A, 0x48, 0x3F, 0x42, 0x0F, 0x00 },
  { 0x0B, 0x2E, 0x5A, 0x58, 0x5F, 0x52, 0x2F, 0x00 },
  { 0x0B, 0x5E, 0x5A, 0x38, 0x3F, 0x52, 0x5F, 0x00 },
  { 0x0B, 0x2E, 0x6A, 0x38, 0x2F, 0x62, 0x2F, 0x00 },
  { 0x0B, 0x1E, 0x3A, 0x38, 0x3F, 0x32, 0x7F, 0x00 },
  { 0x0B, 0x7E, 0x5A, 0x58, 0x5F, 0x5A, 0x4F, 0x00 },
  { 0x0B, 0x5E, 0x7A, 0x58, 0x5F, 0x72, 0x5F, 0x00 },
  { 0x0B, 0x2E, 0x6A, 0x58, 0x6F, 0x62, 0x2F, 0x00 },
  { 0x00, 0x2F, 0x28, 0x38, 0x28, 0x20, 0x7F, 0x00 },
  { 0x00, 0x0B, 0x2A, 0x2E, 0x2A, 0x28, 0x6F, 0x00 },
  { 0x00, 0x0B, 0x2A, 0x2E, 0x6A, 0x28, 0x6F, 0x00 },
  { 0x0B, 0x2A, 0x2E, 0x6A, 0x48, 0x2F, 0x40, 0x00 },
  { 0x00, 0x0B, 0x6A, 0x4E, 0x4A, 0x48, 0x5F, 0x00 }, // '뇐'
  { 0x00, 0x0B, 0x6A, 0x4E, 0x5A, 0x38, 0x5F, 0x00 },
  { 0x0B, 0x6A, 0x4E, 0x4A, 0x28, 0x5F, 0x20, 0x00 },
  { 0x00, 0x0B, 0x7A, 0x5E, 0x5A, 0x58, 0x5F, 0x00 },
  { 0x00, 0x0B, 0x6A, 0x6E, 0x5A, 0x58, 0x5F, 0x00 },
  { 0x00, 0x0B, 0x6A, 0x5E, 0x5A, 0x18, 0x7F, 0x00 },
  { 0x00, 0x0B, 0x6A, 0x5E, 0x7A, 0x58, 0x7F, 0x00 },
  { 0x00, 0x0B, 0x6A, 0x5E, 0x7A, 0x68, 0x7F, 0x00 },
  { 0x0B, 0x6A, 0x5E, 0x5A, 0x48, 0x3F, 0x40, 0x00 },
  { 0x00, 0x0B, 0x6A, 0x5E, 0x7A, 0x78, 0x5F, 0x00 },
  { 0x0B, 0x6A, 0x5E, 0x7A, 0x58, 0x7F, 0x50, 0x00 },
  { 0x0B, 0x6A, 0x5E, 0x5A, 0x28, 0x5F, 0x20, 0x00 },
  { 0x00, 0x0B, 0x7A, 0x5E, 0x5A, 0x58, 0x7F, 0x00 },
  { 0x00, 0x0B, 0x7A, 0x6E, 0x6A, 0x68, 0x7F, 0x00 },
  { 0x0B, 0x7A, 0x6E, 0x7A, 0x48, 0x3F, 0x40, 0x00 },
  { 0x00, 0x0B, 0x4A, 0x2E, 0x1A, 0x28, 0x4F, 0x00 },
  { 0x00, 0x0B, 0x4A, 0x3E, 0x4A, 0x38, 0x4F, 0x00 }, // '뇠'
  { 0x00, 0x0B, 0x2A, 0x5E, 0x5A, 0x58, 0x2F, 0x00 },
  { 0x00, 0x0B, 0x5A, 0x3E, 0x1A, 0x38, 0x5F, 0x00 },
  { 0x00, 0x0B, 0x2A, 0x6E, 0x3A, 0x68, 0x2F, 0x00 },
  { 0x00, 0x0B, 0x1A, 0x3E, 0x3A, 0x38, 0x7F, 0x00 },
  { 0x00, 0x0B, 0x7A, 0x5E, 0x5A, 0x58, 0x4F, 0x00 },
  { 0x00, 0x0B, 0x5A, 0x7E, 0x5A, 0x78, 0x5F, 0x00 },
  { 0x00, 0x0B, 0x2A, 0x6E, 0x5A, 0x68, 0x2F, 0x00 },
  { 0x20, 0x2F, 0x38, 0x28, 0x38, 0x28, 0x20, 0x00 },
  { 0x08, 0x2B, 0x2E, 0x2A, 0x2E, 0x6A, 0x08, 0x00 },
  { 0x08, 0x2B, 0x2E, 0x6A, 0x2E, 0x6A, 0x08, 0x00 },
  { 0x08, 0x2B, 0x2E, 0x6A, 0x4E, 0x2A, 0x48, 0x00 },
  { 0x08, 0x6B, 0x4E, 0x4A, 0x4E, 0x4A, 0x08, 0x00 },
  { 0x08, 0x6B, 0x4E, 0x5A, 0x3E, 0x5A, 0x08, 0x00 },
  { 0x08, 0x6B, 0x4E, 0x4A, 0x2E, 0x5A, 0x28, 0x00 },
  { 0x08, 0x7B, 0x5E, 0x5A, 0x5E, 0x5A, 0x08, 0x00 },
  { 0x08, 0x6B, 0x6E, 0x5A, 0x5E, 0x5A, 0x08, 0x00 }, // '뇰'
  { 0x08, 0x6B, 0x5E, 0x5A, 0x1E, 0x7A, 0x08, 0x00 },
  { 0x08, 0x6B, 0x5E, 0x7A, 0x5E, 0x7A, 0x08, 0x00 },
  { 0x08, 0x6B, 0x5E, 0x7A, 0x6E, 0x7A, 0x08, 0x00 },
  { 0x08, 0x6B, 0x5E, 0x5A, 0x4E, 0x3A, 0x48, 0x00 },
  { 0x08, 0x6B, 0x5E, 0x7A, 0x7E, 0x5A, 0x08, 0x00 },
  { 0x08, 0x6B, 0x5E, 0x7A, 0x5E, 0x7A, 0x58, 0x00 },
  { 0x08, 0x6B, 0x5E, 0x5A, 0x2E, 0x5A, 0x28, 0x00 },
  { 0x08, 0x7B, 0x5E, 0x5A, 0x5E, 0x7A, 0x08, 0x00 },
  { 0x08, 0x7B, 0x6E, 0x6A, 0x6E, 0x7A, 0x08, 0x00 },
  { 0x08, 0x7B, 0x6E, 0x7A, 0x4E, 0x3A, 0x48, 0x00 },
  { 0x08, 0x4B, 0x2E, 0x1A, 0x2E, 0x4A, 0x08, 0x00 },
  { 0x08, 0x4B, 0x3E, 0x4A, 0x3E, 0x4A, 0x08, 0x00 },
  { 0x08, 0x2B, 0x5E, 0x5A, 0x5E, 0x2A, 0x08, 0x00 },
  { 0x08, 0x5B, 0x3E, 0x1A, 0x3E, 0x5A, 0x08, 0x00 },
  { 0x08, 0x2B, 0x6E, 0x3A, 0x6E, 0x2A, 0x08, 0x00 },
  { 0x08, 0x1B, 0x3E, 0x3A, 0x3E, 0x7A, 0x08, 0x00 }, // '눀'
  { 0x08, 0x7B, 0x5E, 0x5A, 0x5E, 0x4A, 0x08, 0x00 },
  { 0x08, 0x5B, 0x7E, 0x5A, 0x7E, 0x5A, 0x08, 0x00 },
  { 0x08, 0x2B, 0x6E, 0x5A, 0x6E, 0x2A, 0x08, 0x00 },
  { 0x10, 0x17, 0x14, 0x74, 0x14, 0x14, 0x10, 0x00 },
  { 0x08, 0x2B, 0x2A, 0x3A, 0x2A, 0x6A, 0x08, 0x00 },
  { 0x08, 0x2B, 0x2A, 0x7A, 0x2A, 0x6A, 0x08, 0x00 },
  { 0x08, 0x2B, 0x2A, 0x7A, 0x4A, 0x2A, 0x48, 0x00 },
  { 0x08, 0x6B, 0x4A, 0x5A, 0x4A, 0x4A, 0x08, 0x00 },
  { 0x04, 0x77, 0x46, 0x5E, 0x36, 0x56, 0x04, 0x00 },
  { 0x04, 0x77, 0x46, 0x5E, 0x36, 0x56, 0x34, 0x00 },
  { 0x04, 0x77, 0x56, 0x5E, 0x56, 0x56, 0x04, 0x00 },
  { 0x04, 0x17, 0x56, 0x7E, 0x56, 0x46, 0x04, 0x00 },
  { 0x04, 0x57, 0x76, 0x5E, 0x16, 0x76, 0x04, 0x00 },
  { 0x04, 0x57, 0x76, 0x7E, 0x56, 0x76, 0x04, 0x00 },
  { 0x04, 0x57, 0x76, 0x5E, 0x66, 0x76, 0x04, 0x00 },
  { 0x04, 0x57, 0x76, 0x5E, 0x46, 0x36, 0x44, 0x00 }, // '눐'
  { 0x04, 0x57, 0x76, 0x5E, 0x76, 0x76, 0x54, 0x00 },
  { 0x04, 0x57, 0x76, 0x7E, 0x56, 0x76, 0x54, 0x00 },
  { 0x04, 0x57, 0x76, 0x5E, 0x36, 0x56, 0x34, 0x00 },
  { 0x04, 0x77, 0x56, 0x5E, 0x56, 0x76, 0x04, 0x00 },
  { 0x04, 0x77, 0x66, 0x6E, 0x66, 0x76, 0x04, 0x00 },
  { 0x04, 0x77, 0x66, 0x7E, 0x46, 0x36, 0x44, 0x00 },
  { 0x04, 0x47, 0x26, 0x1E, 0x26, 0x46, 0x04, 0x00 },
  { 0x04, 0x47, 0x36, 0x4E, 0x36, 0x46, 0x04, 0x00 },
  { 0x04, 0x27, 0x56, 0x5E, 0x56, 0x26, 0x04, 0x00 },
  { 0x04, 0x57, 0x36, 0x1E, 0x36, 0x56, 0x04, 0x00 },
  { 0x04, 0x27, 0x66, 0x3E, 0x66, 0x26, 0x04, 0x00 },
  { 0x04, 0x17, 0x36, 0x3E, 0x36, 0x76, 0x04, 0x00 },
  { 0x04, 0x77, 0x76, 0x7E, 0x76, 0x56, 0x04, 0x00 },
  { 0x04, 0x57, 0x76, 0x5E, 0x76, 0x56, 0x04, 0x00 },
  { 0x04, 0x27, 0x66, 0x5E, 0x66, 0x26, 0x04, 0x00 },
  { 0x00, 0x17, 0x14, 0x74, 0x14, 0x20, 0x7F, 0x00 }, // '눠'
  { 0x00, 0x0B, 0x2A, 0x3A, 0x2A, 0x30, 0x7F, 0x00 },
  { 0x00, 0x0B, 0x2A, 0x3A, 0x6A, 0x30, 0x7F, 0x00 },
  { 0x0B, 0x2A, 0x3A, 0x6A, 0x50, 0x3F, 0x40, 0x00 },
  { 0x00, 0x0B, 0x6A, 0x5A, 0x4A, 0x50, 0x5F, 0x00 },
  { 0x00, 0x04, 0x77, 0x4E, 0x56, 0x38, 0x5F, 0x00 },
  { 0x04, 0x77, 0x4E, 0x56, 0x38, 0x5F, 0x30, 0x00 },
  { 0x00, 0x04, 0x77, 0x5E, 0x56, 0x58, 0x5F, 0x00 },
  { 0x00, 0x04, 0x17, 0x5E, 0x76, 0x58, 0x4F, 0x00 },
  { 0x00, 0x04, 0x57, 0x7E, 0x56, 0x18, 0x7F, 0x00 },
  { 0x00, 0x04, 0x57, 0x7E, 0x76, 0x58, 0x7F, 0x00 },
  { 0x00, 0x04, 0x57, 0x7E, 0x56, 0x68, 0x7F, 0x00 },
  { 0x04, 0x57, 0x7E, 0x56, 0x48, 0x3F, 0x40, 0x00 },
  { 0x04, 0x57, 0x7E, 0x56, 0x78, 0x7F, 0x50, 0x00 },
  { 0x04, 0x57, 0x7E, 0x76, 0x58, 0x7F, 0x50, 0x00 },
  { 0x04, 0x57, 0x7E, 0x56, 0x28, 0x5F, 0x20, 0x00 },
  { 0x00, 0x04, 0x77, 0x5E, 0x56, 0x58, 0x7F, 0x00 }, // '눰'
  { 0x00, 0x04, 0x77, 0x6E, 0x66, 0x68, 0x7F, 0x00 },
  { 0x04, 0x77, 0x6E, 0x76, 0x48, 0x3F, 0x40, 0x00 },
  { 0x00, 0x04, 0x47, 0x2E, 0x16, 0x28, 0x4F, 0x00 },
  { 0x00, 0x04, 0x4F, 0x36, 0x46, 0x38, 0x4F, 0x00 },
  { 0x00, 0x04, 0x27, 0x5E, 0x56, 0x58, 0x2F, 0x00 },
  { 0x00, 0x04, 0x57, 0x3E, 0x16, 0x38, 0x5F, 0x00 },
  { 0x00, 0x04, 0x27, 0x6E, 0x36, 0x68, 0x2F, 0x00 },
  { 0x00, 0x04, 0x17, 0x3E, 0x36, 0x38, 0x7F, 0x00 },
  { 0x00, 0x04, 0x77, 0x7E, 0x76, 0x78, 0x5F, 0x00 },
  { 0x00, 0x04, 0x57, 0x7E, 0x56, 0x78, 0x5F, 0x00 },
  { 0x00, 0x04, 0x27, 0x6E, 0x56, 0x68, 0x2F, 0x00 },
  { 0x17, 0x74, 0x14, 0x20, 0x7F, 0x00, 0x7F, 0x00 },
  { 0x0B, 0x3A, 0x2A, 0x30, 0x3F, 0x20, 0x7F, 0x00 },
  { 0x0B, 0x3A, 0x2A, 0x70, 0x3F, 0x20, 0x7F, 0x00 },
  { 0x0B, 0x3A, 0x2A, 0x70, 0x5F, 0x20, 0x5F, 0x00 },
  { 0x0B, 0x7A, 0x4A, 0x50, 0x5F, 0x40, 0x5F, 0x00 }, // '뉀'
  { 0x04, 0x6F, 0x46, 0x48, 0x5F, 0x30, 0x5F, 0x00 },
  { 0x04, 0x6F, 0x46, 0x48, 0x2F, 0x50, 0x2F, 0x00 },
  { 0x04, 0x7F, 0x56, 0x58, 0x5F, 0x50, 0x5F, 0x00 },
  { 0x04, 0x1F, 0x56, 0x78, 0x7F, 0x50, 0x4F, 0x00 },
  { 0x04, 0x5F, 0x76, 0x58, 0x1F, 0x10, 0x7F, 0x00 },
  { 0x04, 0x5F, 0x76, 0x58, 0x7F, 0x50, 0x7F, 0x00 },
  { 0x04, 0x5F, 0x76, 0x58, 0x7F, 0x60, 0x7F, 0x00 },
  { 0x04, 0x5F, 0x76, 0x58, 0x4F, 0x30, 0x4F, 0x00 },
  { 0x04, 0x5F, 0x76, 0x58, 0x7F, 0x70, 0x5F, 0x00 },
  { 0x04, 0x5F, 0x76, 0x78, 0x5F, 0x70, 0x5F, 0x00 },
  { 0x04, 0x5F, 0x76, 0x58, 0x2F, 0x50, 0x2F, 0x00 },
  { 0x04, 0x7F, 0x56, 0x58, 0x5F, 0x50, 0x7F, 0x00 },
  { 0x04, 0x7F, 0x66, 0x68, 0x6F, 0x60, 0x7F, 0x00 },
  { 0x04, 0x7F, 0x66, 0x78, 0x4F, 0x30, 0x4F, 0x00 },
  { 0x04, 0x4F, 0x26, 0x18, 0x2F, 0x40, 0x0F, 0x00 },
  { 0x04, 0x4F, 0x36, 0x48, 0x3F, 0x40, 0x0F, 0x00 }, // '뉐'
  { 0x04, 0x2F, 0x56, 0x58, 0x5F, 0x50, 0x2F, 0x00 },
  { 0x04, 0x5F, 0x56, 0x38, 0x3F, 0x50, 0x5F, 0x00 },
  { 0x04, 0x2F, 0x66, 0x38, 0x2F, 0x60, 0x2F, 0x00 },
  { 0x04, 0x1F, 0x36, 0x38, 0x3F, 0x30, 0x7F, 0x00 },
  { 0x04, 0x7F, 0x76, 0x78, 0x7F, 0x70, 0x5F, 0x00 },
  { 0x04, 0x5F, 0x76, 0x58, 0x5F, 0x70, 0x5F, 0x00 },
  { 0x04, 0x2F, 0x66, 0x58, 0x6F, 0x60, 0x2F, 0x00 },
  { 0x00, 0x17, 0x14, 0x74, 0x14, 0x10, 0x7F, 0x00 },
  { 0x00, 0x0B, 0x2A, 0x3A, 0x2A, 0x28, 0x6F, 0x00 },
  { 0x00, 0x0B, 0x2A, 0x3A, 0x6A, 0x28, 0x6F, 0x00 },
  { 0x0B, 0x2A, 0x3A, 0x6A, 0x48, 0x2F, 0x40, 0x00 },
  { 0x00, 0x0B, 0x6A, 0x5A, 0x4A, 0x48, 0x5F, 0x00 },
  { 0x00, 0x04, 0x77, 0x4E, 0x56, 0x34, 0x57, 0x00 },
  { 0x04, 0x77, 0x4E, 0x56, 0x34, 0x5F, 0x30, 0x00 },
  { 0x00, 0x04, 0x77, 0x5E, 0x56, 0x54, 0x57, 0x00 },
  { 0x00, 0x04, 0x17, 0x5E, 0x76, 0x54, 0x4F, 0x00 }, // '뉠'
  { 0x00, 0x04, 0x57, 0x7E, 0x56, 0x14, 0x77, 0x00 },
  { 0x00, 0x04, 0x57, 0x7E, 0x76, 0x54, 0x77, 0x00 },
  { 0x00, 0x04, 0x57, 0x7E, 0x56, 0x64, 0x77, 0x00 },
  { 0x04, 0x57, 0x7E, 0x56, 0x44, 0x37, 0x40, 0x00 },
  { 0x04, 0x57, 0x7E, 0x56, 0x74, 0x77, 0x50, 0x00 },
  { 0x04, 0x57, 0x7E, 0x76, 0x54, 0x77, 0x50, 0x00 },
  { 0x04, 0x57, 0x7E, 0x56, 0x34, 0x5F, 0x30, 0x00 },
  { 0x00, 0x04, 0x77, 0x5E, 0x56, 0x54, 0x77, 0x00 },
  { 0x00, 0x04, 0x77, 0x6E, 0x66, 0x64, 0x77, 0x00 },
  { 0x04, 0x77, 0x6E, 0x76, 0x44, 0x37, 0x40, 0x00 },
  { 0x00, 0x04, 0x47, 0x2E, 0x16, 0x24, 0x4F, 0x00 },
  { 0x00, 0x04, 0x4F, 0x36, 0x46, 0x34, 0x4F, 0x00 },
  { 0x00, 0x04, 0x27, 0x5E, 0x56, 0x54, 0x2F, 0x00 },
  { 0x00, 0x04, 0x57, 0x3E, 0x16, 0x34, 0x57, 0x00 },
  { 0x00, 0x04, 0x27, 0x6E, 0x36, 0x64, 0x2F, 0x00 },
  { 0x00, 0x04, 0x17, 0x3E, 0x36, 0x34, 0x77, 0x00 }, // '뉰'
  { 0x00, 0x04, 0x77, 0x7E, 0x76, 0x74, 0x57, 0x00 },
  { 0x00, 0x04, 0x57, 0x7E, 0x56, 0x74, 0x57, 0x00 },
  { 0x00, 0x04, 0x27, 0x6E, 0x56, 0x64, 0x2F, 0x00 },
  { 0x10, 0x17, 0x74, 0x14, 0x74, 0x14, 0x10, 0x00 },
  { 0x08, 0x2B, 0x3A, 0x2A, 0x3A, 0x6A, 0x08, 0x00 },
  { 0x08, 0x2B, 0x3A, 0x6A, 0x3A, 0x6A, 0x08, 0x00 },
  { 0x08, 0x2B, 0x3A, 0x6A, 0x5A, 0x2A, 0x48, 0x00 },
  { 0x08, 0x6B, 0x5A, 0x4A, 0x5A, 0x4A, 0x08, 0x00 },
  { 0x04, 0x77, 0x4E, 0x56, 0x3E, 0x56, 0x04, 0x00 },
  { 0x04, 0x77, 0x4E, 0x56, 0x3E, 0x56, 0x34, 0x00 },
  { 0x04, 0x77, 0x5E, 0x56, 0x5E, 0x56, 0x04, 0x00 },
  { 0x04, 0x17, 0x5E, 0x76, 0x5E, 0x46, 0x04, 0x00 },
  { 0x04, 0x57, 0x7E, 0x56, 0x1E, 0x76, 0x04, 0x00 },
  { 0x04, 0x57, 0x7E, 0x76, 0x5E, 0x76, 0x04, 0x00 },
  { 0x04, 0x57, 0x7E, 0x56, 0x6E, 0x76, 0x04, 0x00 },
  { 0x04, 0x57, 0x7E, 0x56, 0x4E, 0x36, 0x44, 0x00 }, // '늀'
  { 0x04, 0x57, 0x7E, 0x56, 0x7E, 0x76, 0x54, 0x00 },
  { 0x04, 0x57, 0x7E, 0x76, 0x5E, 0x76, 0x54, 0x00 },
  { 0x04, 0x57, 0x7E, 0x56, 0x3E, 0x56, 0x34, 0x00 },
  { 0x04, 0x77, 0x5E, 0x56, 0x5E, 0x76, 0x04, 0x00 },
  { 0x04, 0x77, 0x6E, 0x66, 0x6E, 0x76, 0x04, 0x00 },
  { 0x04, 0x77, 0x6E, 0x76, 0x4E, 0x36, 0x44, 0x00 },
  { 0x04, 0x47, 0x2E, 0x16, 0x2E, 0x46, 0x04, 0x00 },
  { 0x04, 0x47, 0x2E, 0x46, 0x2E, 0x46, 0x04, 0x00 },
  { 0x04, 0x27, 0x5E, 0x56, 0x5E, 0x26, 0x04, 0x00 },
  { 0x04, 0x57, 0x3E, 0x16, 0x3E, 0x56, 0x04, 0x00 },
  { 0x04, 0x27, 0x6E, 0x36, 0x6E, 0x26, 0x04, 0x00 },
  { 0x04, 0x17, 0x3E, 0x36, 0x3E, 0x76, 0x04, 0x00 },
  { 0x04, 0x77, 0x7E, 0x76, 0x7E, 0x56, 0x04, 0x00 },
  { 0x04, 0x57, 0x7E, 0x56, 0x7E, 0x56, 0x04, 0x00 },
  { 0x04, 0x27, 0x6E, 0x56, 0x6E, 0x26, 0x04, 0x00 },
  { 0x20, 0x2F, 0x28, 0x28, 0x28, 0x28, 0x20, 0x00 }, // '느'
  { 0x08, 0x2B, 0x2A, 0x2A, 0x2A, 0x6A, 0x08, 0x00 },
  { 0x08, 0x2B, 0x2A, 0x6A, 0x2A, 0x6A, 0x08, 0x00 },
  { 0x08, 0x2B, 0x2A, 0x6A, 0x4A, 0x2A, 0x48, 0x00 },
  { 0x08, 0x6B, 0x4A, 0x4A, 0x4A, 0x4A, 0x08, 0x00 },
  { 0x04, 0x77, 0x46, 0x56, 0x36, 0x56, 0x04, 0x00 },
  { 0x04, 0x77, 0x46, 0x56, 0x36, 0x56, 0x34, 0x00 },
  { 0x04, 0x77, 0x56, 0x56, 0x56, 0x56, 0x04, 0x00 },
  { 0x08, 0x6B, 0x6A, 0x5A, 0x5A, 0x5A, 0x08, 0x00 },
  { 0x08, 0x5B, 0x7A, 0x5A, 0x1A, 0x7A, 0x08, 0x00 },
  { 0x08, 0x5B, 0x7A, 0x7A, 0x5A, 0x7A, 0x08, 0x00 },
  { 0x08, 0x5B, 0x7A, 0x5A, 0x6A, 0x7A, 0x08, 0x00 },
  { 0x08, 0x5B, 0x7A, 0x5A, 0x4A, 0x3A, 0x48, 0x00 },
  { 0x08, 0x5B, 0x7A, 0x5A, 0x7A, 0x7A, 0x58, 0x00 },
  { 0x08, 0x5B, 0x7A, 0x7A, 0x5A, 0x7A, 0x58, 0x00 },
  { 0x08, 0x5B, 0x7A, 0x5A, 0x2A, 0x5A, 0x28, 0x00 },
  { 0x04, 0x77, 0x56, 0x56, 0x56, 0x76, 0x04, 0x00 }, // '늠'
  { 0x08, 0x7B, 0x6A, 0x6A, 0x6A, 0x7A, 0x08, 0x00 },
  { 0x08, 0x7B, 0x6A, 0x7A, 0x4A, 0x3A, 0x48, 0x00 },
  { 0x08, 0x4B, 0x2A, 0x1A, 0x2A, 0x4A, 0x08, 0x00 },
  { 0x08, 0x4B, 0x3A, 0x4A, 0x3A, 0x4A, 0x08, 0x00 },
  { 0x08, 0x2B, 0x5A, 0x5A, 0x5A, 0x2A, 0x08, 0x00 },
  { 0x04, 0x57, 0x36, 0x16, 0x36, 0x56, 0x04, 0x00 },
  { 0x04, 0x57, 0x36, 0x1E, 0x36, 0x56, 0x04, 0x00 },
  { 0x04, 0x17, 0x36, 0x36, 0x36, 0x76, 0x04, 0x00 },
  { 0x04, 0x7F, 0x5E, 0x5E, 0x5E, 0x4E, 0x04, 0x00 },
  { 0x04, 0x57, 0x76, 0x56, 0x76, 0x56, 0x04, 0x00 },
  { 0x04, 0x17, 0x36, 0x5E, 0x36, 0x16, 0x04, 0x00 },
  { 0x00, 0x2F, 0x28, 0x28, 0x28, 0x20, 0x7F, 0x00 },
  { 0x00, 0x0B, 0x2A, 0x2A, 0x2A, 0x28, 0x6F, 0x00 },
  { 0x00, 0x0B, 0x2A, 0x2A, 0x6A, 0x28, 0x6F, 0x00 },
  { 0x0B, 0x2A, 0x2A, 0x6A, 0x48, 0x2F, 0x40, 0x00 },
  { 0x00, 0x0B, 0x6A, 0x4A, 0x4A, 0x48, 0x5F, 0x00 }, // '늰'
  { 0x00, 0x04, 0x77, 0x46, 0x56, 0x34, 0x57, 0x00 },
  { 0x04, 0x77, 0x46, 0x56, 0x34, 0x5F, 0x30, 0x00 },
  { 0x00, 0x04, 0x77, 0x56, 0x56, 0x54, 0x57, 0x00 },
  { 0x00, 0x04, 0x6F, 0x6E, 0x5E, 0x5C, 0x5F, 0x00 },
  { 0x00, 0x04, 0x6F, 0x5E, 0x5E, 0x0C, 0x7F, 0x00 },
  { 0x00, 0x04, 0x6F, 0x5E, 0x7E, 0x4C, 0x7F, 0x00 },
  { 0x00, 0x04, 0x6F, 0x5E, 0x7E, 0x54, 0x7F, 0x00 },
  { 0x04, 0x6F, 0x5E, 0x5E, 0x44, 0x37, 0x40, 0x00 },
  { 0x00, 0x04, 0x6F, 0x5E, 0x7E, 0x5C, 0x4F, 0x00 },
  { 0x04, 0x6F, 0x5E, 0x7E, 0x4C, 0x7F, 0x48, 0x00 },
  { 0x04, 0x6F, 0x5E, 0x5E, 0x34, 0x5F, 0x30, 0x00 },
  { 0x00, 0x04, 0x77, 0x56, 0x56, 0x54, 0x77, 0x00 },
  { 0x00, 0x0B, 0x7A, 0x6A, 0x6A, 0x68, 0x7F, 0x00 },
  { 0x0B, 0x7A, 0x6A, 0x7A, 0x48, 0x3F, 0x40, 0x00 },
  { 0x00, 0x0B, 0x4A, 0x2A, 0x1A, 0x28, 0x4F, 0x00 },
  { 0x00, 0x0B, 0x4A, 0x3A, 0x4A, 0x38, 0x4F, 0x00 }, // '닀'
  { 0x00, 0x0B, 0x2A, 0x5A, 0x5A, 0x58, 0x2F, 0x00 },
  { 0x00, 0x04, 0x57, 0x36, 0x16, 0x34, 0x57, 0x00 },
  { 0x00, 0x04, 0x57, 0x36, 0x1E, 0x34, 0x57, 0x00 },
  { 0x00, 0x04, 0x17, 0x36, 0x36, 0x34, 0x77, 0x00 },
  { 0x00, 0x0B, 0x7A, 0x5A, 0x5A, 0x58, 0x4F, 0x00 },
  { 0x00, 0x04, 0x57, 0x76, 0x56, 0x74, 0x57, 0x00 },
  { 0x00, 0x04, 0x17, 0x36, 0x5E, 0x34, 0x17, 0x00 },
  { 0x00, 0x3F, 0x20, 0x20, 0x20, 0x00, 0x7F, 0x00 },
  { 0x00, 0x0F, 0x28, 0x28, 0x28, 0x20, 0x6F, 0x00 },
  { 0x00, 0x0F, 0x28, 0x28, 0x68, 0x20, 0x6F, 0x00 },
  { 0x0F, 0x28, 0x28, 0x68, 0x40, 0x2F, 0x40, 0x00 },
  { 0x00, 0x0F, 0x68, 0x48, 0x48, 0x40, 0x5F, 0x00 },
  { 0x00, 0x07, 0x74, 0x44, 0x54, 0x30, 0x57, 0x00 },
  { 0x07, 0x74, 0x44, 0x54, 0x30, 0x5F, 0x30, 0x00 },
  { 0x00, 0x07, 0x74, 0x54, 0x54, 0x50, 0x57, 0x00 },
  { 0x00, 0x07, 0x6C, 0x6C, 0x5C, 0x58, 0x5F, 0x00 }, // '닐'
  { 0x00, 0x07, 0x6C, 0x5C, 0x5C, 0x08, 0x7F, 0x00 },
  { 0x00, 0x07, 0x6C, 0x5C, 0x7C, 0x48, 0x7F, 0x00 },
  { 0x00, 0x07, 0x6C, 0x5C, 0x7C, 0x50, 0x7F, 0x00 },
  { 0x07, 0x6C, 0x5C, 0x5C, 0x40, 0x37, 0x40, 0x00 },
  { 0x00, 0x07, 0x6C, 0x5C, 0x7C, 0x58, 0x4F, 0x00 },
  { 0x07, 0x6C, 0x5C, 0x7C, 0x48, 0x7F, 0x48, 0x00 },
  { 0x07, 0x6C, 0x5C, 0x5C, 0x30, 0x5F, 0x30, 0x00 },
  { 0x00, 0x07, 0x74, 0x54, 0x54, 0x50, 0x77, 0x00 },
  { 0x00, 0x07, 0x74, 0x64, 0x64, 0x60, 0x77, 0x00 },
  { 0x07, 0x74, 0x64, 0x74, 0x40, 0x37, 0x40, 0x00 },
  { 0x00, 0x07, 0x44, 0x24, 0x14, 0x20, 0x4F, 0x00 },
  { 0x00, 0x07, 0x44, 0x34, 0x44, 0x30, 0x47, 0x00 },
  { 0x00, 0x07, 0x24, 0x54, 0x54, 0x50, 0x27, 0x00 },
  { 0x00, 0x07, 0x54, 0x34, 0x14, 0x30, 0x57, 0x00 },
  { 0x00, 0x07, 0x54, 0x34, 0x1C, 0x30, 0x57, 0x00 },
  { 0x00, 0x07, 0x14, 0x34, 0x34, 0x30, 0x77, 0x00 }, // '닠'
  { 0x00, 0x03, 0x7A, 0x5A, 0x5A, 0x58, 0x4B, 0x00 },
  { 0x00, 0x07, 0x54, 0x74, 0x54, 0x70, 0x57, 0x00 },
  { 0x00, 0x07, 0x14, 0x34, 0x5C, 0x30, 0x17, 0x00 },
  { 0x3F, 0x21, 0x21, 0x21, 0x00, 0x7F, 0x08, 0x00 },
  { 0x0F, 0x29, 0x29, 0x29, 0x20, 0x6F, 0x02, 0x00 },
  { 0x0F, 0x29, 0x29, 0x69, 0x20, 0x6F, 0x02, 0x00 },
  { 0x0F, 0x29, 0x29, 0x69, 0x40, 0x2F, 0x42, 0x00 },
  { 0x0F, 0x69, 0x49, 0x49, 0x40, 0x5F, 0x04, 0x00 },
  { 0x07, 0x75, 0x45, 0x55, 0x30, 0x57, 0x02, 0x00 },
  { 0x07, 0x75, 0x45, 0x55, 0x30, 0x5F, 0x32, 0x00 },
  { 0x07, 0x75, 0x55, 0x55, 0x50, 0x57, 0x02, 0x00 },
  { 0x07, 0x6D, 0x6D, 0x5D, 0x58, 0x5F, 0x02, 0x00 },
  { 0x07, 0x6D, 0x5D, 0x5D, 0x08, 0x7F, 0x02, 0x00 },
  { 0x07, 0x6D, 0x5D, 0x7D, 0x48, 0x7F, 0x02, 0x00 },
  { 0x07, 0x6D, 0x5D, 0x7D, 0x50, 0x7F, 0x02, 0x00 },
  { 0x07, 0x6D, 0x5D, 0x5D, 0x40, 0x37, 0x42, 0x00 }, // '닰'
  { 0x07, 0x6D, 0x5D, 0x7D, 0x58, 0x4F, 0x02, 0x00 },
  { 0x07, 0x6D, 0x5D, 0x7D, 0x48, 0x7F, 0x4A, 0x00 },
  { 0x07, 0x6D, 0x5D, 0x5D, 0x30, 0x5F, 0x32, 0x00 },
  { 0x07, 0x75, 0x55, 0x55, 0x50, 0x77, 0x02, 0x00 },
  { 0x0F, 0x79, 0x69, 0x69, 0x60, 0x7F, 0x02, 0x00 },
  { 0x0F, 0x79, 0x69, 0x79, 0x40, 0x37, 0x42, 0x00 },
  { 0x0F, 0x49, 0x29, 0x19, 0x20, 0x4F, 0x02, 0x00 },
  { 0x0F, 0x49, 0x39, 0x49, 0x30, 0x4F, 0x02, 0x00 },
  { 0x07, 0x25, 0x55, 0x55, 0x50, 0x27, 0x02, 0x00 },
  { 0x07, 0x55, 0x35, 0x15, 0x30, 0x57, 0x02, 0x00 },
  { 0x07, 0x55, 0x35, 0x1D, 0x30, 0x57, 0x02, 0x00 },
  { 0x07, 0x15, 0x35, 0x35, 0x30, 0x77, 0x02, 0x00 },
  { 0x07, 0x7D, 0x5D, 0x5D, 0x58, 0x4F, 0x02, 0x00 },
  { 0x07, 0x55, 0x75, 0x55, 0x70, 0x57, 0x02, 0x00 },
  { 0x07, 0x15, 0x35, 0x5D, 0x30, 0x17, 0x02, 0x00 },
  { 0x3F, 0x21, 0x21, 0x00, 0x7F, 0x08, 0x7F, 0x00 }, // '대'
  { 0x0F, 0x29, 0x29, 0x20, 0x2F, 0x22, 0x6F, 0x00 },
  { 0x0F, 0x29, 0x29, 0x60, 0x2F, 0x22, 0x6F, 0x00 },
  { 0x0F, 0x29, 0x29, 0x60, 0x4F, 0x22, 0x4F, 0x00 },
  { 0x0F, 0x69, 0x49, 0x40, 0x5F, 0x44, 0x5F, 0x00 },
  { 0x07, 0x75, 0x45, 0x40, 0x57, 0x32, 0x57, 0x00 },
  { 0x07, 0x75, 0x45, 0x50, 0x37, 0x5A, 0x37, 0x00 },
  { 0x07, 0x75, 0x55, 0x50, 0x57, 0x52, 0x57, 0x00 },
  { 0x07, 0x6D, 0x6D, 0x58, 0x5F, 0x5A, 0x5F, 0x00 },
  { 0x07, 0x6D, 0x5D, 0x58, 0x0F, 0x0A, 0x7F, 0x00 },
  { 0x07, 0x6D, 0x5D, 0x58, 0x7F, 0x4A, 0x7F, 0x00 },
  { 0x07, 0x6D, 0x5D, 0x58, 0x7F, 0x52, 0x7F, 0x00 },
  { 0x07, 0x6D, 0x5D, 0x58, 0x47, 0x3A, 0x47, 0x00 },
  { 0x07, 0x6D, 0x5D, 0x58, 0x7F, 0x5A, 0x4F, 0x00 },
  { 0x07, 0x6D, 0x5D, 0x78, 0x4F, 0x7A, 0x4F, 0x00 },
  { 0x07, 0x6D, 0x5D, 0x58, 0x37, 0x5A, 0x37, 0x00 },
  { 0x07, 0x75, 0x55, 0x50, 0x57, 0x52, 0x77, 0x00 }, // '댐'
  { 0x0F, 0x79, 0x69, 0x60, 0x6F, 0x62, 0x7F, 0x00 },
  { 0x0F, 0x79, 0x69, 0x70, 0x4F, 0x32, 0x4F, 0x00 },
  { 0x0F, 0x49, 0x29, 0x10, 0x2F, 0x42, 0x0F, 0x00 },
  { 0x07, 0x45, 0x35, 0x40, 0x37, 0x42, 0x0F, 0x00 },
  { 0x07, 0x25, 0x55, 0x50, 0x57, 0x52, 0x27, 0x00 },
  { 0x07, 0x55, 0x55, 0x30, 0x37, 0x52, 0x57, 0x00 },
  { 0x07, 0x55, 0x55, 0x38, 0x37, 0x52, 0x57, 0x00 },
  { 0x07, 0x15, 0x35, 0x30, 0x37, 0x32, 0x77, 0x00 },
  { 0x07, 0x7D, 0x5D, 0x58, 0x5F, 0x5A, 0x4F, 0x00 },
  { 0x07, 0x55, 0x75, 0x50, 0x57, 0x72, 0x57, 0x00 },
  { 0x07, 0x15, 0x35, 0x58, 0x57, 0x32, 0x17, 0x00 },
  { 0x3F, 0x21, 0x21, 0x21, 0x00, 0x7F, 0x12, 0x00 },
  { 0x0F, 0x29, 0x29, 0x29, 0x20, 0x7F, 0x0A, 0x00 },
  { 0x0F, 0x29, 0x29, 0x69, 0x20, 0x7F, 0x0A, 0x00 },
  { 0x0F, 0x29, 0x29, 0x69, 0x40, 0x3F, 0x4A, 0x00 },
  { 0x0F, 0x69, 0x49, 0x49, 0x40, 0x5F, 0x0A, 0x00 }, // '댠'
  { 0x07, 0x75, 0x45, 0x55, 0x30, 0x5F, 0x05, 0x00 },
  { 0x07, 0x75, 0x45, 0x55, 0x30, 0x5F, 0x35, 0x00 },
  { 0x07, 0x75, 0x55, 0x55, 0x50, 0x5F, 0x05, 0x00 },
  { 0x07, 0x6D, 0x6D, 0x5D, 0x58, 0x5F, 0x05, 0x00 },
  { 0x07, 0x6D, 0x5D, 0x5D, 0x10, 0x7F, 0x05, 0x00 },
  { 0x07, 0x6D, 0x5D, 0x7D, 0x50, 0x7F, 0x05, 0x00 },
  { 0x07, 0x6D, 0x5D, 0x7D, 0x60, 0x7F, 0x05, 0x00 },
  { 0x07, 0x6D, 0x5D, 0x5D, 0x40, 0x2F, 0x45, 0x00 },
  { 0x07, 0x6D, 0x5D, 0x7D, 0x70, 0x5F, 0x05, 0x00 },
  { 0x07, 0x6D, 0x5D, 0x7D, 0x50, 0x7F, 0x55, 0x00 },
  { 0x07, 0x6D, 0x5D, 0x5D, 0x30, 0x5F, 0x35, 0x00 },
  { 0x07, 0x75, 0x55, 0x55, 0x50, 0x7F, 0x05, 0x00 },
  { 0x0F, 0x79, 0x69, 0x69, 0x60, 0x7F, 0x0A, 0x00 },
  { 0x0F, 0x79, 0x69, 0x79, 0x40, 0x3F, 0x4A, 0x00 },
  { 0x0F, 0x49, 0x29, 0x19, 0x20, 0x5F, 0x0A, 0x00 },
  { 0x0F, 0x49, 0x39, 0x49, 0x30, 0x4F, 0x0A, 0x00 }, // '댰'
  { 0x07, 0x25, 0x55, 0x55, 0x50, 0x2F, 0x05, 0x00 },
  { 0x07, 0x55, 0x35, 0x15, 0x30, 0x5F, 0x05, 0x00 },
  { 0x07, 0x55, 0x35, 0x1D, 0x30, 0x5F, 0x05, 0x00 },
  { 0x07, 0x15, 0x35, 0x35, 0x30, 0x7F, 0x05, 0x00 },
  { 0x07, 0x7D, 0x5D, 0x5D, 0x58, 0x4F, 0x05, 0x00 },
  { 0x07, 0x55, 0x75, 0x55, 0x70, 0x5F, 0x05, 0x00 },
  { 0x07, 0x15, 0x35, 0x5D, 0x30, 0x1F, 0x05, 0x00 },
  { 0x3F, 0x21, 0x21, 0x00, 0x7F, 0x12, 0x7F, 0x00 },
  { 0x0F, 0x29, 0x29, 0x20, 0x3F, 0x2A, 0x7F, 0x00 },
  { 0x0F, 0x29, 0x29, 0x60, 0x3F, 0x2A, 0x7F, 0x00 },
  { 0x0F, 0x29, 0x29, 0x60, 0x5F, 0x2A, 0x5F, 0x00 },
  { 0x0F, 0x69, 0x49, 0x40, 0x5F, 0x4A, 0x5F, 0x00 },
  { 0x07, 0x75, 0x45, 0x40, 0x5F, 0x35, 0x5F, 0x00 },
  { 0x07, 0x75, 0x45, 0x50, 0x3F, 0x55, 0x3F, 0x00 },
  { 0x07, 0x75, 0x55, 0x50, 0x5F, 0x55, 0x5F, 0x00 },
  { 0x07, 0x6D, 0x6D, 0x58, 0x5F, 0x55, 0x5F, 0x00 }, // '덀'
  { 0x07, 0x6D, 0x5D, 0x58, 0x1F, 0x15, 0x7F, 0x00 },
  { 0x07, 0x6D, 0x5D, 0x58, 0x7F, 0x55, 0x7F, 0x00 },
  { 0x07, 0x6D, 0x5D, 0x58, 0x7F, 0x65, 0x7F, 0x00 },
  { 0x07, 0x6D, 0x5D, 0x58, 0x4F, 0x35, 0x4F, 0x00 },
  { 0x07, 0x6D, 0x5D, 0x58, 0x7F, 0x75, 0x5F, 0x00 },
  { 0x07, 0x6D, 0x5D, 0x78, 0x5F, 0x75, 0x5F, 0x00 },
  { 0x07, 0x6D, 0x5D, 0x58, 0x2F, 0x55, 0x2F, 0x00 },
  { 0x07, 0x75, 0x55, 0x50, 0x5F, 0x55, 0x7F, 0x00 },
  { 0x0F, 0x79, 0x69, 0x60, 0x6F, 0x6A, 0x7F, 0x00 },
  { 0x0F, 0x79, 0x69, 0x70, 0x4F, 0x35, 0x4F, 0x00 },
  { 0x0F, 0x49, 0x29, 0x10, 0x2F, 0x4A, 0x0F, 0x00 },
  { 0x07, 0x45, 0x35, 0x40, 0x3F, 0x45, 0x0F, 0x00 },
  { 0x07, 0x25, 0x55, 0x50, 0x5F, 0x55, 0x3F, 0x00 },
  { 0x07, 0x55, 0x55, 0x30, 0x3F, 0x55, 0x5F, 0x00 },
  { 0x07, 0x55, 0x55, 0x38, 0x37, 0x55, 0x5F, 0x00 },
  { 0x07, 0x15, 0x35, 0x30, 0x3F, 0x35, 0x7F, 0x00 }, // '덐'
  { 0x07, 0x7D, 0x5D, 0x58, 0x5F, 0x55, 0x4F, 0x00 },
  { 0x07, 0x55, 0x75, 0x50, 0x5F, 0x75, 0x5F, 0x00 },
  { 0x07, 0x15, 0x35, 0x58, 0x57, 0x35, 0x1F, 0x00 },
  { 0x00, 0x3F, 0x21, 0x21, 0x25, 0x04, 0x7F, 0x00 },
  { 0x00, 0x0F, 0x29, 0x29, 0x22, 0x22, 0x6F, 0x00 },
  { 0x00, 0x0F, 0x29, 0x29, 0x62, 0x22, 0x6F, 0x00 },
  { 0x0F, 0x29, 0x29, 0x62, 0x42, 0x2F, 0x40, 0x00 },
  { 0x00, 0x0F, 0x69, 0x49, 0x42, 0x42, 0x5F, 0x00 },
  { 0x00, 0x0F, 0x69, 0x49, 0x52, 0x32, 0x5F, 0x00 },
  { 0x0F, 0x69, 0x49, 0x52, 0x32, 0x5F, 0x30, 0x00 },
  { 0x00, 0x07, 0x75, 0x55, 0x52, 0x52, 0x57, 0x00 },
  { 0x00, 0x07, 0x6D, 0x6D, 0x5A, 0x5A, 0x5F, 0x00 },
  { 0x00, 0x07, 0x6D, 0x5D, 0x5A, 0x0A, 0x7F, 0x00 },
  { 0x00, 0x07, 0x6D, 0x5D, 0x7A, 0x4A, 0x7F, 0x00 },
  { 0x00, 0x07, 0x6D, 0x5D, 0x7A, 0x52, 0x7F, 0x00 },
  { 0x07, 0x6D, 0x5D, 0x5A, 0x42, 0x37, 0x40, 0x00 }, // '덠'
  { 0x00, 0x07, 0x6D, 0x5D, 0x7A, 0x5A, 0x4F, 0x00 },
  { 0x07, 0x6D, 0x5D, 0x7A, 0x4A, 0x7F, 0x48, 0x00 },
  { 0x07, 0x6D, 0x5D, 0x5A, 0x32, 0x5F, 0x30, 0x00 },
  { 0x00, 0x07, 0x75, 0x55, 0x52, 0x52, 0x77, 0x00 },
  { 0x00, 0x0F, 0x79, 0x69, 0x62, 0x62, 0x7F, 0x00 },
  { 0x0F, 0x79, 0x69, 0x72, 0x42, 0x37, 0x40, 0x00 },
  { 0x00, 0x0F, 0x49, 0x29, 0x12, 0x22, 0x4F, 0x00 },
  { 0x00, 0x0F, 0x49, 0x39, 0x42, 0x32, 0x4F, 0x00 },
  { 0x00, 0x07, 0x25, 0x55, 0x52, 0x52, 0x27, 0x00 },
  { 0x00, 0x07, 0x55, 0x35, 0x12, 0x32, 0x57, 0x00 },
  { 0x00, 0x07, 0x55, 0x35, 0x1A, 0x32, 0x57, 0x00 },
  { 0x00, 0x07, 0x15, 0x35, 0x32, 0x32, 0x77, 0x00 },
  { 0x00, 0x07, 0x7D, 0x5D, 0x5A, 0x5A, 0x4F, 0x00 },
  { 0x00, 0x07, 0x55, 0x75, 0x52, 0x72, 0x57, 0x00 },
  { 0x00, 0x07, 0x15, 0x35, 0x5A, 0x32, 0x17, 0x00 },
  { 0x3F, 0x21, 0x25, 0x04, 0x7F, 0x00, 0x7F, 0x00 }, // '데'
  { 0x0F, 0x29, 0x29, 0x22, 0x2F, 0x20, 0x6F, 0x00 },
  { 0x0F, 0x29, 0x29, 0x62, 0x2F, 0x20, 0x6F, 0x00 },
  { 0x0F, 0x29, 0x29, 0x62, 0x4F, 0x20, 0x4F, 0x00 },
  { 0x0F, 0x69, 0x49, 0x42, 0x5F, 0x40, 0x5F, 0x00 },
  { 0x07, 0x75, 0x45, 0x42, 0x57, 0x30, 0x57, 0x00 },
  { 0x07, 0x75, 0x45, 0x52, 0x37, 0x58, 0x37, 0x00 },
  { 0x07, 0x75, 0x55, 0x52, 0x57, 0x50, 0x57, 0x00 },
  { 0x07, 0x6D, 0x6D, 0x5A, 0x5F, 0x58, 0x5F, 0x00 },
  { 0x07, 0x6D, 0x5D, 0x5A, 0x0F, 0x08, 0x7F, 0x00 },
  { 0x07, 0x6D, 0x5D, 0x5A, 0x7F, 0x48, 0x7F, 0x00 },
  { 0x07, 0x6D, 0x5D, 0x5A, 0x7F, 0x50, 0x7F, 0x00 },
  { 0x07, 0x6D, 0x5D, 0x5A, 0x67, 0x18, 0x67, 0x00 },
  { 0x07, 0x6D, 0x5D, 0x5A, 0x7F, 0x58, 0x4F, 0x00 },
  { 0x07, 0x6D, 0x5D, 0x7A, 0x4F, 0x78, 0x4F, 0x00 },
  { 0x07, 0x6D, 0x5D, 0x5A, 0x37, 0x58, 0x37, 0x00 },
  { 0x07, 0x75, 0x55, 0x52, 0x57, 0x50, 0x77, 0x00 }, // '뎀'
  { 0x0F, 0x79, 0x69, 0x62, 0x6F, 0x60, 0x7F, 0x00 },
  { 0x0F, 0x79, 0x69, 0x72, 0x4F, 0x30, 0x4F, 0x00 },
  { 0x0F, 0x49, 0x29, 0x12, 0x2F, 0x40, 0x0F, 0x00 },
  { 0x0F, 0x49, 0x39, 0x42, 0x37, 0x40, 0x0F, 0x00 },
  { 0x07, 0x25, 0x55, 0x52, 0x57, 0x50, 0x27, 0x00 },
  { 0x07, 0x55, 0x55, 0x32, 0x37, 0x50, 0x57, 0x00 },
  { 0x07, 0x55, 0x55, 0x3A, 0x37, 0x50, 0x57, 0x00 },
  { 0x07, 0x15, 0x35, 0x32, 0x37, 0x30, 0x77, 0x00 },
  { 0x07, 0x7D, 0x5D, 0x5A, 0x5F, 0x58, 0x4F, 0x00 },
  { 0x07, 0x55, 0x75, 0x52, 0x57, 0x70, 0x57, 0x00 },
  { 0x07, 0x15, 0x35, 0x5A, 0x57, 0x30, 0x17, 0x00 },
  { 0x00, 0x3F, 0x21, 0x21, 0x0A, 0x0A, 0x7F, 0x00 },
  { 0x00, 0x0F, 0x29, 0x29, 0x20, 0x2A, 0x7F, 0x00 },
  { 0x00, 0x0F, 0x29, 0x29, 0x60, 0x2A, 0x7F, 0x00 },
  { 0x0F, 0x29, 0x29, 0x60, 0x4A, 0x3F, 0x40, 0x00 },
  { 0x00, 0x0F, 0x69, 0x49, 0x40, 0x4A, 0x5F, 0x00 }, // '뎐'
  { 0x00, 0x07, 0x75, 0x45, 0x50, 0x35, 0x5F, 0x00 },
  { 0x07, 0x75, 0x45, 0x50, 0x35, 0x5F, 0x30, 0x00 },
  { 0x00, 0x07, 0x75, 0x55, 0x50, 0x55, 0x5F, 0x00 },
  { 0x00, 0x07, 0x6D, 0x6D, 0x58, 0x55, 0x5F, 0x00 },
  { 0x00, 0x07, 0x6D, 0x5D, 0x58, 0x15, 0x7F, 0x00 },
  { 0x00, 0x07, 0x6D, 0x5D, 0x78, 0x55, 0x7F, 0x00 },
  { 0x00, 0x07, 0x6D, 0x5D, 0x78, 0x65, 0x7F, 0x00 },
  { 0x07, 0x6D, 0x5D, 0x58, 0x45, 0x2F, 0x40, 0x00 },
  { 0x00, 0x07, 0x6D, 0x5D, 0x78, 0x75, 0x5F, 0x00 },
  { 0x07, 0x6D, 0x5D, 0x78, 0x55, 0x7F, 0x50, 0x00 },
  { 0x07, 0x6D, 0x5D, 0x58, 0x35, 0x5F, 0x30, 0x00 },
  { 0x00, 0x07, 0x75, 0x55, 0x50, 0x55, 0x7F, 0x00 },
  { 0x00, 0x0F, 0x79, 0x69, 0x60, 0x6A, 0x7F, 0x00 },
  { 0x0F, 0x79, 0x69, 0x70, 0x4A, 0x3F, 0x40, 0x00 },
  { 0x00, 0x0F, 0x49, 0x29, 0x10, 0x2A, 0x4F, 0x00 },
  { 0x00, 0x0F, 0x49, 0x39, 0x40, 0x35, 0x4F, 0x00 }, // '뎠'
  { 0x00, 0x07, 0x25, 0x55, 0x50, 0x55, 0x2F, 0x00 },
  { 0x00, 0x07, 0x55, 0x35, 0x10, 0x35, 0x5F, 0x00 },
  { 0x00, 0x07, 0x55, 0x35, 0x18, 0x35, 0x5F, 0x00 },
  { 0x00, 0x07, 0x15, 0x35, 0x30, 0x35, 0x7F, 0x00 },
  { 0x00, 0x07, 0x7D, 0x5D, 0x58, 0x55, 0x4F, 0x00 },
  { 0x00, 0x07, 0x55, 0x75, 0x50, 0x75, 0x5F, 0x00 },
  { 0x00, 0x07, 0x15, 0x35, 0x58, 0x35, 0x1F, 0x00 },
  { 0x3F, 0x21, 0x21, 0x0A, 0x7F, 0x00, 0x7F, 0x00 },
  { 0x0F, 0x29, 0x29, 0x26, 0x2F, 0x20, 0x6F, 0x00 },
  { 0x0F, 0x29, 0x29, 0x66, 0x2F, 0x20, 0x6F, 0x00 },
  { 0x0F, 0x29, 0x29, 0x66, 0x4F, 0x20, 0x4F, 0x00 },
  { 0x0F, 0x69, 0x49, 0x46, 0x5F, 0x40, 0x5F, 0x00 },
  { 0x0F, 0x69, 0x49, 0x46, 0x5F, 0x30, 0x5F, 0x00 },
  { 0x0F, 0x69, 0x49, 0x56, 0x3F, 0x50, 0x3F, 0x00 },
  { 0x0F, 0x79, 0x59, 0x56, 0x5F, 0x50, 0x5F, 0x00 },
  { 0x0F, 0x69, 0x69, 0x56, 0x5F, 0x58, 0x5F, 0x00 }, // '뎰'
  { 0x0F, 0x69, 0x59, 0x56, 0x1F, 0x10, 0x7F, 0x00 },
  { 0x0F, 0x69, 0x59, 0x56, 0x7F, 0x50, 0x7F, 0x00 },
  { 0x0F, 0x69, 0x59, 0x56, 0x7F, 0x60, 0x7F, 0x00 },
  { 0x0F, 0x69, 0x59, 0x56, 0x4F, 0x30, 0x4F, 0x00 },
  { 0x0F, 0x69, 0x59, 0x56, 0x7F, 0x70, 0x5F, 0x00 },
  { 0x0F, 0x69, 0x59, 0x76, 0x5F, 0x70, 0x5F, 0x00 },
  { 0x0F, 0x69, 0x59, 0x56, 0x2F, 0x50, 0x2F, 0x00 },
  { 0x0F, 0x79, 0x59, 0x56, 0x5F, 0x50, 0x7F, 0x00 },
  { 0x0F, 0x79, 0x69, 0x66, 0x6F, 0x60, 0x7F, 0x00 },
  { 0x0F, 0x79, 0x69, 0x76, 0x4F, 0x30, 0x4F, 0x00 },
  { 0x0F, 0x49, 0x29, 0x16, 0x2F, 0x40, 0x0F, 0x00 },
  { 0x0F, 0x49, 0x29, 0x46, 0x2F, 0x40, 0x0F, 0x00 },
  { 0x0F, 0x29, 0x59, 0x56, 0x5F, 0x50, 0x2F, 0x00 },
  { 0x0F, 0x59, 0x59, 0x36, 0x3F, 0x50, 0x5F, 0x00 },
  { 0x0F, 0x29, 0x69, 0x56, 0x6F, 0x60, 0x2F, 0x00 },
  { 0x0F, 0x19, 0x39, 0x36, 0x3F, 0x30, 0x7F, 0x00 }, // '돀'
  { 0x0F, 0x79, 0x59, 0x56, 0x5F, 0x58, 0x4F, 0x00 },
  { 0x0F, 0x59, 0x79, 0x56, 0x5F, 0x70, 0x5F, 0x00 },
  { 0x0F, 0x29, 0x69, 0x56, 0x6F, 0x60, 0x2F, 0x00 },
  { 0x20, 0x2F, 0x29, 0x39, 0x29, 0x29, 0x20, 0x00 },
  { 0x10, 0x37, 0x35, 0x3D, 0x35, 0x75, 0x10, 0x00 },
  { 0x10, 0x37, 0x35, 0x7D, 0x35, 0x75, 0x10, 0x00 },
  { 0x10, 0x37, 0x75, 0x5D, 0x35, 0x55, 0x10, 0x00 },
  { 0x10, 0x77, 0x55, 0x5D, 0x55, 0x55, 0x10, 0x00 },
  { 0x08, 0x6B, 0x49, 0x5D, 0x39, 0x59, 0x08, 0x00 },
  { 0x08, 0x6B, 0x49, 0x4D, 0x29, 0x59, 0x28, 0x00 },
  { 0x08, 0x7B, 0x59, 0x5D, 0x59, 0x59, 0x08, 0x00 },
  { 0x08, 0x6B, 0x69, 0x5D, 0x59, 0x59, 0x08, 0x00 },
  { 0x08, 0x6B, 0x59, 0x5D, 0x19, 0x79, 0x08, 0x00 },
  { 0x08, 0x6B, 0x59, 0x7D, 0x59, 0x79, 0x08, 0x00 },
  { 0x08, 0x6B, 0x59, 0x7D, 0x69, 0x79, 0x08, 0x00 },
  { 0x08, 0x6B, 0x59, 0x5D, 0x49, 0x39, 0x48, 0x00 }, // '돐'
  { 0x08, 0x6B, 0x59, 0x7D, 0x79, 0x59, 0x08, 0x00 },
  { 0x08, 0x6B, 0x59, 0x7D, 0x59, 0x79, 0x58, 0x00 },
  { 0x08, 0x6B, 0x59, 0x5D, 0x29, 0x59, 0x28, 0x00 },
  { 0x10, 0x77, 0x55, 0x5D, 0x55, 0x75, 0x10, 0x00 },
  { 0x08, 0x7B, 0x69, 0x6D, 0x69, 0x79, 0x08, 0x00 },
  { 0x08, 0x7B, 0x69, 0x7D, 0x49, 0x39, 0x48, 0x00 },
  { 0x10, 0x57, 0x55, 0x3D, 0x55, 0x55, 0x10, 0x00 },
  { 0x10, 0x57, 0x35, 0x5D, 0x35, 0x55, 0x10, 0x00 },
  { 0x10, 0x37, 0x55, 0x5D, 0x55, 0x35, 0x10, 0x00 },
  { 0x08, 0x5B, 0x39, 0x1D, 0x39, 0x59, 0x08, 0x00 },
  { 0x08, 0x2B, 0x69, 0x3D, 0x69, 0x29, 0x08, 0x00 },
  { 0x08, 0x2B, 0x29, 0x2D, 0x29, 0x79, 0x08, 0x00 },
  { 0x08, 0x7B, 0x59, 0x5D, 0x59, 0x49, 0x08, 0x00 },
  { 0x08, 0x5B, 0x79, 0x5D, 0x79, 0x59, 0x08, 0x00 },
  { 0x08, 0x2B, 0x69, 0x5D, 0x69, 0x29, 0x08, 0x00 },
  { 0x2F, 0x29, 0x39, 0x29, 0x20, 0x7F, 0x08, 0x00 }, // '돠'
  { 0x17, 0x35, 0x3D, 0x35, 0x30, 0x7F, 0x04, 0x00 },
  { 0x17, 0x35, 0x3D, 0x75, 0x30, 0x7F, 0x04, 0x00 },
  { 0x17, 0x35, 0x3D, 0x75, 0x50, 0x3F, 0x44, 0x00 },
  { 0x17, 0x75, 0x5D, 0x55, 0x50, 0x5F, 0x04, 0x00 },
  { 0x0B, 0x69, 0x4D, 0x59, 0x38, 0x5F, 0x02, 0x00 },
  { 0x0B, 0x69, 0x4D, 0x49, 0x28, 0x5F, 0x22, 0x00 },
  { 0x0B, 0x79, 0x5D, 0x59, 0x58, 0x5F, 0x02, 0x00 },
  { 0x0B, 0x69, 0x6D, 0x59, 0x58, 0x5F, 0x02, 0x00 },
  { 0x0B, 0x69, 0x5D, 0x59, 0x18, 0x7F, 0x02, 0x00 },
  { 0x0B, 0x69, 0x5D, 0x79, 0x58, 0x7F, 0x02, 0x00 },
  { 0x0B, 0x69, 0x5D, 0x79, 0x68, 0x7F, 0x02, 0x00 },
  { 0x0B, 0x69, 0x5D, 0x59, 0x48, 0x3F, 0x42, 0x00 },
  { 0x0B, 0x69, 0x5D, 0x79, 0x78, 0x5F, 0x02, 0x00 },
  { 0x0B, 0x69, 0x5D, 0x79, 0x58, 0x7F, 0x52, 0x00 },
  { 0x0B, 0x69, 0x5D, 0x59, 0x28, 0x5F, 0x22, 0x00 },
  { 0x0B, 0x79, 0x5D, 0x59, 0x58, 0x7F, 0x02, 0x00 }, // '돰'
  { 0x0B, 0x79, 0x6D, 0x69, 0x68, 0x7F, 0x02, 0x00 },
  { 0x0B, 0x79, 0x6D, 0x79, 0x48, 0x3F, 0x42, 0x00 },
  { 0x17, 0x55, 0x5D, 0x35, 0x50, 0x5F, 0x04, 0x00 },
  { 0x17, 0x55, 0x3D, 0x55, 0x30, 0x5F, 0x04, 0x00 },
  { 0x17, 0x35, 0x5D, 0x55, 0x50, 0x3F, 0x04, 0x00 },
  { 0x0B, 0x59, 0x3D, 0x19, 0x38, 0x5F, 0x02, 0x00 },
  { 0x0B, 0x29, 0x6D, 0x39, 0x68, 0x2F, 0x02, 0x00 },
  { 0x0B, 0x19, 0x3D, 0x39, 0x38, 0x7F, 0x02, 0x00 },
  { 0x0B, 0x79, 0x5D, 0x59, 0x58, 0x4F, 0x02, 0x00 },
  { 0x0B, 0x59, 0x7D, 0x59, 0x78, 0x5F, 0x02, 0x00 },
  { 0x0B, 0x29, 0x6D, 0x59, 0x68, 0x2F, 0x02, 0x00 },
  { 0x2F, 0x39, 0x29, 0x20, 0x7F, 0x08, 0x7F, 0x00 },
  { 0x17, 0x3D, 0x35, 0x30, 0x3F, 0x24, 0x7F, 0x00 },
  { 0x17, 0x3D, 0x35, 0x70, 0x3F, 0x24, 0x7F, 0x00 },
  { 0x17, 0x3D, 0x35, 0x70, 0x5F, 0x24, 0x5F, 0x00 },
  { 0x17, 0x7D, 0x55, 0x50, 0x5F, 0x44, 0x5F, 0x00 }, // '됀'
  { 0x0B, 0x6D, 0x49, 0x48, 0x5F, 0x32, 0x5F, 0x00 },
  { 0x0B, 0x6D, 0x49, 0x48, 0x2F, 0x52, 0x2F, 0x00 },
  { 0x0B, 0x7D, 0x59, 0x58, 0x5F, 0x52, 0x5F, 0x00 },
  { 0x0B, 0x6D, 0x69, 0x58, 0x5F, 0x5A, 0x5F, 0x00 },
  { 0x0B, 0x6D, 0x59, 0x58, 0x1F, 0x12, 0x7F, 0x00 },
  { 0x0B, 0x6D, 0x59, 0x58, 0x7F, 0x52, 0x7F, 0x00 },
  { 0x0B, 0x6D, 0x59, 0x58, 0x7F, 0x62, 0x7F, 0x00 },
  { 0x0B, 0x6D, 0x59, 0x58, 0x4F, 0x32, 0x4F, 0x00 },
  { 0x0B, 0x6D, 0x59, 0x58, 0x7F, 0x72, 0x5F, 0x00 },
  { 0x0B, 0x6D, 0x59, 0x78, 0x5F, 0x72, 0x5F, 0x00 },
  { 0x0B, 0x6D, 0x59, 0x58, 0x37, 0x5A, 0x37, 0x00 },
  { 0x17, 0x7D, 0x55, 0x50, 0x5F, 0x54, 0x7F, 0x00 },
  { 0x0B, 0x7D, 0x69, 0x68, 0x6F, 0x62, 0x7F, 0x00 },
  { 0x0B, 0x7D, 0x69, 0x78, 0x4F, 0x32, 0x4F, 0x00 },
  { 0x17, 0x5D, 0x55, 0x30, 0x5F, 0x44, 0x1F, 0x00 },
  { 0x17, 0x5D, 0x35, 0x50, 0x3F, 0x44, 0x1F, 0x00 }, // '됐'
  { 0x17, 0x3D, 0x55, 0x50, 0x5F, 0x54, 0x3F, 0x00 },
  { 0x0B, 0x5D, 0x59, 0x38, 0x3F, 0x52, 0x5F, 0x00 },
  { 0x0B, 0x2D, 0x69, 0x38, 0x2F, 0x62, 0x2F, 0x00 },
  { 0x0B, 0x1D, 0x39, 0x38, 0x3F, 0x32, 0x7F, 0x00 },
  { 0x0B, 0x7D, 0x59, 0x58, 0x5F, 0x5A, 0x4F, 0x00 },
  { 0x0B, 0x5D, 0x79, 0x58, 0x5F, 0x72, 0x5F, 0x00 },
  { 0x0B, 0x2D, 0x69, 0x58, 0x6F, 0x62, 0x2F, 0x00 },
  { 0x00, 0x2F, 0x29, 0x39, 0x29, 0x20, 0x7F, 0x00 },
  { 0x00, 0x17, 0x35, 0x3D, 0x35, 0x30, 0x7F, 0x00 },
  { 0x00, 0x17, 0x35, 0x3D, 0x75, 0x30, 0x7F, 0x00 },
  { 0x17, 0x35, 0x3D, 0x75, 0x50, 0x3F, 0x40, 0x00 },
  { 0x00, 0x17, 0x75, 0x5D, 0x55, 0x50, 0x5F, 0x00 },
  { 0x00, 0x0B, 0x69, 0x4D, 0x59, 0x38, 0x5F, 0x00 },
  { 0x0B, 0x69, 0x4D, 0x49, 0x28, 0x5F, 0x20, 0x00 },
  { 0x00, 0x0B, 0x79, 0x5D, 0x59, 0x58, 0x5F, 0x00 },
  { 0x00, 0x0B, 0x69, 0x6D, 0x59, 0x58, 0x5F, 0x00 }, // '될'
  { 0x00, 0x0B, 0x69, 0x5D, 0x59, 0x18, 0x7F, 0x00 },
  { 0x00, 0x0B, 0x69, 0x5D, 0x79, 0x58, 0x7F, 0x00 },
  { 0x00, 0x0B, 0x69, 0x5D, 0x79, 0x68, 0x7F, 0x00 },
  { 0x0B, 0x69, 0x5D, 0x59, 0x48, 0x3F, 0x40, 0x00 },
  { 0x00, 0x0B, 0x69, 0x5D, 0x79, 0x78, 0x5F, 0x00 },
  { 0x0B, 0x69, 0x5D, 0x79, 0x58, 0x7F, 0x50, 0x00 },
  { 0x0B, 0x69, 0x5D, 0x59, 0x28, 0x5F, 0x20, 0x00 },
  { 0x00, 0x0B, 0x79, 0x5D, 0x59, 0x58, 0x7F, 0x00 },
  { 0x00, 0x0B, 0x79, 0x6D, 0x69, 0x68, 0x7F, 0x00 },
  { 0x0B, 0x79, 0x6D, 0x79, 0x48, 0x3F, 0x40, 0x00 },
  { 0x00, 0x17, 0x55, 0x5D, 0x35, 0x50, 0x5F, 0x00 },
  { 0x00, 0x17, 0x55, 0x3D, 0x55, 0x30, 0x5F, 0x00 },
  { 0x00, 0x17, 0x35, 0x5D, 0x55, 0x50, 0x3F, 0x00 },
  { 0x00, 0x0B, 0x59, 0x3D, 0x19, 0x38, 0x5F, 0x00 },
  { 0x00, 0x0B, 0x29, 0x6D, 0x39, 0x68, 0x2F, 0x00 },
  { 0x00, 0x0B, 0x19, 0x3D, 0x39, 0x38, 0x7F, 0x00 }, // '됰'
  { 0x00, 0x0B, 0x79, 0x5D, 0x59, 0x58, 0x4F, 0x00 },
  { 0x00, 0x0B, 0x59, 0x7D, 0x59, 0x78, 0x5F, 0x00 },
  { 0x00, 0x0B, 0x29, 0x6D, 0x59, 0x68, 0x2F, 0x00 },
  { 0x20, 0x2F, 0x39, 0x29, 0x39, 0x29, 0x20, 0x00 },
  { 0x10, 0x37, 0x3D, 0x35, 0x3D, 0x75, 0x10, 0x00 },
  { 0x10, 0x37, 0x3D, 0x75, 0x3D, 0x75, 0x10, 0x00 },
  { 0x10, 0x37, 0x3D, 0x75, 0x5D, 0x35, 0x50, 0x00 },
  { 0x10, 0x77, 0x5D, 0x55, 0x5D, 0x55, 0x10, 0x00 },
  { 0x08, 0x6B, 0x4D, 0x59, 0x3D, 0x59, 0x08, 0x00 },
  { 0x08, 0x6B, 0x4D, 0x49, 0x2D, 0x59, 0x28, 0x00 },
  { 0x08, 0x7B, 0x5D, 0x59, 0x5D, 0x59, 0x08, 0x00 },
  { 0x08, 0x6B, 0x6D, 0x59, 0x5D, 0x59, 0x08, 0x00 },
  { 0x08, 0x6B, 0x5D, 0x59, 0x1D, 0x79, 0x08, 0x00 },
  { 0x08, 0x6B, 0x5D, 0x79, 0x5D, 0x79, 0x08, 0x00 },
  { 0x08, 0x6B, 0x5D, 0x79, 0x6D, 0x79, 0x08, 0x00 },
  { 0x08, 0x6B, 0x5D, 0x59, 0x4D, 0x39, 0x48, 0x00 }, // '둀'
  { 0x08, 0x6B, 0x5D, 0x79, 0x7D, 0x59, 0x08, 0x00 },
  { 0x08, 0x6B, 0x5D, 0x79, 0x5D, 0x79, 0x58, 0x00 },
  { 0x08, 0x6B, 0x5D, 0x59, 0x2D, 0x59, 0x28, 0x00 },
  { 0x08, 0x7B, 0x5D, 0x59, 0x5D, 0x79, 0x08, 0x00 },
  { 0x08, 0x7B, 0x6D, 0x69, 0x6D, 0x79, 0x08, 0x00 },
  { 0x08, 0x7B, 0x6D, 0x79, 0x4D, 0x39, 0x48, 0x00 },
  { 0x10, 0x57, 0x5D, 0x35, 0x5D, 0x55, 0x10, 0x00 },
  { 0x10, 0x57, 0x3D, 0x55, 0x3D, 0x55, 0x10, 0x00 },
  { 0x10, 0x37, 0x5D, 0x55, 0x5D, 0x35, 0x10, 0x00 },
  { 0x08, 0x5B, 0x3D, 0x19, 0x3D, 0x59, 0x08, 0x00 },
  { 0x08, 0x2B, 0x6D, 0x39, 0x6D, 0x29, 0x08, 0x00 },
  { 0x08, 0x1B, 0x3D, 0x39, 0x3D, 0x79, 0x08, 0x00 },
  { 0x08, 0x7B, 0x5D, 0x59, 0x5D, 0x49, 0x08, 0x00 },
  { 0x08, 0x5B, 0x7D, 0x59, 0x7D, 0x59, 0x08, 0x00 },
  { 0x08, 0x2B, 0x6D, 0x59, 0x6D, 0x29, 0x08, 0x00 },
  { 0x10, 0x17, 0x15, 0x75, 0x15, 0x15, 0x10, 0x00 }, // '두'
  { 0x08, 0x2F, 0x2D, 0x3D, 0x2D, 0x6D, 0x08, 0x00 },
  { 0x08, 0x2F, 0x2D, 0x7D, 0x2D, 0x6D, 0x08, 0x00 },
  { 0x08, 0x2F, 0x2D, 0x7D, 0x4D, 0x2D, 0x48, 0x00 },
  { 0x08, 0x6F, 0x4D, 0x5D, 0x4D, 0x4D, 0x08, 0x00 },
  { 0x04, 0x77, 0x45, 0x5D, 0x35, 0x55, 0x04, 0x00 },
  { 0x04, 0x77, 0x45, 0x5D, 0x35, 0x55, 0x34, 0x00 },
  { 0x04, 0x77, 0x55, 0x5D, 0x55, 0x55, 0x04, 0x00 },
  { 0x04, 0x17, 0x55, 0x7D, 0x55, 0x45, 0x04, 0x00 },
  { 0x04, 0x57, 0x75, 0x5D, 0x15, 0x75, 0x04, 0x00 },
  { 0x04, 0x57, 0x75, 0x7D, 0x55, 0x75, 0x04, 0x00 },
  { 0x04, 0x57, 0x75, 0x5D, 0x65, 0x75, 0x04, 0x00 },
  { 0x04, 0x57, 0x75, 0x5D, 0x45, 0x35, 0x44, 0x00 },
  { 0x04, 0x57, 0x75, 0x5D, 0x75, 0x75, 0x54, 0x00 },
  { 0x04, 0x57, 0x75, 0x7D, 0x55, 0x75, 0x54, 0x00 },
  { 0x04, 0x57, 0x75, 0x5D, 0x35, 0x55, 0x34, 0x00 },
  { 0x04, 0x77, 0x55, 0x5D, 0x55, 0x75, 0x04, 0x00 }, // '둠'
  { 0x04, 0x77, 0x65, 0x6D, 0x65, 0x75, 0x04, 0x00 },
  { 0x04, 0x77, 0x65, 0x7D, 0x45, 0x35, 0x44, 0x00 },
  { 0x04, 0x47, 0x25, 0x1D, 0x25, 0x45, 0x04, 0x00 },
  { 0x04, 0x47, 0x35, 0x4D, 0x35, 0x45, 0x04, 0x00 },
  { 0x04, 0x27, 0x55, 0x5D, 0x55, 0x25, 0x04, 0x00 },
  { 0x04, 0x57, 0x35, 0x1D, 0x35, 0x55, 0x04, 0x00 },
  { 0x04, 0x27, 0x65, 0x3D, 0x65, 0x25, 0x04, 0x00 },
  { 0x04, 0x17, 0x35, 0x3D, 0x35, 0x75, 0x04, 0x00 },
  { 0x04, 0x77, 0x75, 0x7D, 0x75, 0x55, 0x04, 0x00 },
  { 0x04, 0x57, 0x75, 0x5D, 0x75, 0x55, 0x04, 0x00 },
  { 0x04, 0x27, 0x65, 0x5D, 0x65, 0x25, 0x04, 0x00 },
  { 0x00, 0x17, 0x15, 0x75, 0x15, 0x20, 0x7F, 0x00 },
  { 0x00, 0x04, 0x27, 0x3D, 0x25, 0x28, 0x7F, 0x00 },
  { 0x00, 0x04, 0x27, 0x3D, 0x65, 0x28, 0x7F, 0x00 },
  { 0x04, 0x27, 0x3D, 0x65, 0x48, 0x3F, 0x40, 0x00 },
  { 0x00, 0x04, 0x67, 0x5D, 0x45, 0x48, 0x5F, 0x00 }, // '둰'
  { 0x00, 0x04, 0x77, 0x4D, 0x55, 0x38, 0x5F, 0x00 },
  { 0x04, 0x77, 0x4D, 0x45, 0x28, 0x5F, 0x20, 0x00 },
  { 0x00, 0x04, 0x77, 0x5D, 0x55, 0x58, 0x5F, 0x00 },
  { 0x00, 0x04, 0x17, 0x5D, 0x75, 0x58, 0x4F, 0x00 },
  { 0x00, 0x04, 0x57, 0x7D, 0x55, 0x18, 0x7F, 0x00 },
  { 0x00, 0x04, 0x57, 0x7D, 0x75, 0x58, 0x7F, 0x00 },
  { 0x00, 0x04, 0x57, 0x7D, 0x55, 0x68, 0x7F, 0x00 },
  { 0x04, 0x57, 0x7D, 0x55, 0x48, 0x3F, 0x40, 0x00 },
  { 0x04, 0x57, 0x7D, 0x55, 0x78, 0x7F, 0x50, 0x00 },
  { 0x04, 0x57, 0x7D, 0x75, 0x58, 0x7F, 0x50, 0x00 },
  { 0x04, 0x57, 0x7D, 0x55, 0x28, 0x5F, 0x20, 0x00 },
  { 0x00, 0x04, 0x77, 0x5D, 0x55, 0x58, 0x7F, 0x00 },
  { 0x00, 0x04, 0x77, 0x6D, 0x65, 0x68, 0x7F, 0x00 },
  { 0x04, 0x77, 0x6D, 0x75, 0x48, 0x3F, 0x40, 0x00 },
  { 0x00, 0x04, 0x47, 0x2D, 0x15, 0x28, 0x4F, 0x00 },
  { 0x00, 0x04, 0x4F, 0x35, 0x45, 0x38, 0x4F, 0x00 }, // '뒀'
  { 0x00, 0x04, 0x27, 0x5D, 0x55, 0x58, 0x2F, 0x00 },
  { 0x00, 0x04, 0x57, 0x3D, 0x15, 0x38, 0x5F, 0x00 },
  { 0x00, 0x04, 0x27, 0x6D, 0x35, 0x68, 0x2F, 0x00 },
  { 0x00, 0x04, 0x17, 0x3D, 0x35, 0x38, 0x7F, 0x00 },
  { 0x00, 0x04, 0x77, 0x7D, 0x75, 0x78, 0x5F, 0x00 },
  { 0x00, 0x04, 0x57, 0x7D, 0x55, 0x78, 0x5F, 0x00 },
  { 0x00, 0x04, 0x27, 0x6D, 0x55, 0x68, 0x2F, 0x00 },
  { 0x17, 0x75, 0x15, 0x20, 0x7F, 0x00, 0x7F, 0x00 },
  { 0x07, 0x2D, 0x25, 0x28, 0x2F, 0x20, 0x6F, 0x00 },
  { 0x07, 0x2D, 0x25, 0x68, 0x2F, 0x20, 0x6F, 0x00 },
  { 0x07, 0x2D, 0x25, 0x68, 0x4F, 0x20, 0x4F, 0x00 },
  { 0x07, 0x6D, 0x45, 0x48, 0x5F, 0x40, 0x5F, 0x00 },
  { 0x07, 0x6D, 0x45, 0x48, 0x5F, 0x30, 0x5F, 0x00 },
  { 0x07, 0x6D, 0x45, 0x48, 0x2F, 0x50, 0x2F, 0x00 },
  { 0x07, 0x7D, 0x55, 0x58, 0x5F, 0x50, 0x5F, 0x00 },
  { 0x07, 0x1D, 0x55, 0x78, 0x7F, 0x50, 0x4F, 0x00 }, // '뒐'
  { 0x07, 0x5D, 0x75, 0x58, 0x1F, 0x10, 0x7F, 0x00 },
  { 0x07, 0x5D, 0x75, 0x58, 0x7F, 0x50, 0x7F, 0x00 },
  { 0x07, 0x5D, 0x75, 0x58, 0x7F, 0x60, 0x7F, 0x00 },
  { 0x07, 0x5D, 0x75, 0x58, 0x4F, 0x30, 0x4F, 0x00 },
  { 0x07, 0x5D, 0x75, 0x78, 0x5F, 0x70, 0x5F, 0x00 },
  { 0x07, 0x5D, 0x75, 0x58, 0x7F, 0x70, 0x5F, 0x00 },
  { 0x07, 0x5D, 0x75, 0x58, 0x2F, 0x50, 0x2F, 0x00 },
  { 0x07, 0x7D, 0x55, 0x58, 0x5F, 0x50, 0x7F, 0x00 },
  { 0x07, 0x7D, 0x65, 0x68, 0x6F, 0x60, 0x7F, 0x00 },
  { 0x07, 0x7D, 0x65, 0x78, 0x4F, 0x30, 0x4F, 0x00 },
  { 0x07, 0x4D, 0x25, 0x18, 0x2F, 0x40, 0x0F, 0x00 },
  { 0x07, 0x4D, 0x35, 0x48, 0x3F, 0x40, 0x0F, 0x00 },
  { 0x07, 0x2D, 0x55, 0x58, 0x5F, 0x50, 0x2F, 0x00 },
  { 0x07, 0x5D, 0x55, 0x38, 0x3F, 0x50, 0x5F, 0x00 },
  { 0x07, 0x2D, 0x65, 0x38, 0x2F, 0x60, 0x2F, 0x00 },
  { 0x07, 0x1D, 0x35, 0x38, 0x3F, 0x30, 0x7F, 0x00 }, // '뒠'
  { 0x07, 0x7D, 0x75, 0x78, 0x7F, 0x70, 0x5F, 0x00 },
  { 0x07, 0x5D, 0x75, 0x58, 0x5F, 0x70, 0x5F, 0x00 },
  { 0x07, 0x2D, 0x65, 0x58, 0x6F, 0x60, 0x2F, 0x00 },
  { 0x00, 0x17, 0x15, 0x75, 0x15, 0x10, 0x7F, 0x00 },
  { 0x00, 0x08, 0x2F, 0x3D, 0x2D, 0x28, 0x6F, 0x00 },
  { 0x00, 0x08, 0x2F, 0x3D, 0x6D, 0x28, 0x6F, 0x00 },
  { 0x08, 0x2F, 0x3D, 0x6D, 0x48, 0x2F, 0x40, 0x00 },
  { 0x00, 0x08, 0x6F, 0x5D, 0x4D, 0x48, 0x5F, 0x00 },
  { 0x00, 0x04, 0x77, 0x4D, 0x55, 0x34, 0x57, 0x00 },
  { 0x04, 0x77, 0x4D, 0x55, 0x34, 0x5F, 0x30, 0x00 },
  { 0x00, 0x04, 0x77, 0x5D, 0x55, 0x54, 0x57, 0x00 },
  { 0x00, 0x04, 0x17, 0x5D, 0x75, 0x54, 0x4F, 0x00 },
  { 0x00, 0x04, 0x57, 0x7D, 0x55, 0x14, 0x77, 0x00 },
  { 0x00, 0x04, 0x57, 0x7D, 0x75, 0x54, 0x77, 0x00 },
  { 0x00, 0x04, 0x57, 0x7D, 0x75, 0x64, 0x77, 0x00 },
  { 0x04, 0x57, 0x7D, 0x55, 0x44, 0x37, 0x40, 0x00 }, // '뒰'
  { 0x04, 0x57, 0x7D, 0x55, 0x74, 0x77, 0x50, 0x00 },
  { 0x04, 0x57, 0x7D, 0x75, 0x54, 0x77, 0x50, 0x00 },
  { 0x04, 0x57, 0x7D, 0x55, 0x34, 0x5F, 0x30, 0x00 },
  { 0x00, 0x04, 0x77, 0x5D, 0x55, 0x54, 0x77, 0x00 },
  { 0x00, 0x04, 0x77, 0x6D, 0x65, 0x64, 0x77, 0x00 },
  { 0x04, 0x77, 0x6D, 0x75, 0x44, 0x37, 0x40, 0x00 },
  { 0x00, 0x04, 0x47, 0x2D, 0x15, 0x24, 0x4F, 0x00 },
  { 0x00, 0x04, 0x4F, 0x35, 0x45, 0x34, 0x4F, 0x00 },
  { 0x00, 0x04, 0x27, 0x5D, 0x55, 0x54, 0x27, 0x00 },
  { 0x00, 0x04, 0x57, 0x3D, 0x15, 0x34, 0x57, 0x00 },
  { 0x00, 0x04, 0x27, 0x6D, 0x35, 0x64, 0x2F, 0x00 },
  { 0x00, 0x04, 0x17, 0x3D, 0x35, 0x34, 0x77, 0x00 },
  { 0x00, 0x04, 0x77, 0x7D, 0x75, 0x74, 0x57, 0x00 },
  { 0x00, 0x04, 0x57, 0x7D, 0x55, 0x74, 0x57, 0x00 },
  { 0x00, 0x04, 0x27, 0x6D, 0x55, 0x64, 0x2F, 0x00 },
  { 0x10, 0x17, 0x75, 0x15, 0x75, 0x15, 0x10, 0x00 }, // '듀'
  { 0x08, 0x2F, 0x3D, 0x2D, 0x3D, 0x6D, 0x08, 0x00 },
  { 0x08, 0x2F, 0x3D, 0x6D, 0x3D, 0x6D, 0x08, 0x00 },
  { 0x08, 0x2F, 0x3D, 0x6D, 0x5D, 0x2D, 0x48, 0x00 },
  { 0x08, 0x6F, 0x5D, 0x4D, 0x5D, 0x4D, 0x08, 0x00 },
  { 0x04, 0x77, 0x4D, 0x55, 0x3D, 0x55, 0x04, 0x00 },
  { 0x04, 0x77, 0x4D, 0x45, 0x2D, 0x55, 0x24, 0x00 },
  { 0x04, 0x77, 0x5D, 0x55, 0x5D, 0x55, 0x04, 0x00 },
  { 0x04, 0x17, 0x5D, 0x75, 0x5D, 0x45, 0x04, 0x00 },
  { 0x04, 0x57, 0x7D, 0x55, 0x1D, 0x75, 0x04, 0x00 },
  { 0x04, 0x57, 0x7D, 0x75, 0x5D, 0x75, 0x04, 0x00 },
  { 0x04, 0x57, 0x7D, 0x55, 0x6D, 0x75, 0x04, 0x00 },
  { 0x04, 0x57, 0x7D, 0x55, 0x4D, 0x35, 0x44, 0x00 },
  { 0x04, 0x57, 0x7D, 0x55, 0x7D, 0x75, 0x54, 0x00 },
  { 0x04, 0x57, 0x7D, 0x75, 0x5D, 0x75, 0x54, 0x00 },
  { 0x04, 0x57, 0x7D, 0x55, 0x3D, 0x55, 0x34, 0x00 },
  { 0x04, 0x77, 0x5D, 0x55, 0x5D, 0x75, 0x04, 0x00 }, // '듐'
  { 0x04, 0x77, 0x6D, 0x65, 0x6D, 0x75, 0x04, 0x00 },
  { 0x04, 0x77, 0x6D, 0x75, 0x4D, 0x35, 0x44, 0x00 },
  { 0x04, 0x47, 0x2D, 0x15, 0x2D, 0x45, 0x04, 0x00 },
  { 0x04, 0x47, 0x2D, 0x45, 0x2D, 0x45, 0x04, 0x00 },
  { 0x04, 0x27, 0x5D, 0x55, 0x5D, 0x25, 0x04, 0x00 },
  { 0x04, 0x57, 0x3D, 0x15, 0x3D, 0x55, 0x04, 0x00 },
  { 0x04, 0x27, 0x6D, 0x35, 0x6D, 0x25, 0x04, 0x00 },
  { 0x04, 0x17, 0x3D, 0x35, 0x3D, 0x75, 0x04, 0x00 },
  { 0x04, 0x77, 0x7D, 0x75, 0x7D, 0x55, 0x04, 0x00 },
  { 0x04, 0x57, 0x7D, 0x55, 0x7D, 0x55, 0x04, 0x00 },
  { 0x04, 0x27, 0x6D, 0x55, 0x6D, 0x25, 0x04, 0x00 },
  { 0x20, 0x2F, 0x29, 0x29, 0x29, 0x29, 0x20, 0x00 },
  { 0x08, 0x2F, 0x2D, 0x2D, 0x2D, 0x6D, 0x08, 0x00 },
  { 0x08, 0x2F, 0x2D, 0x6D, 0x2D, 0x6D, 0x08, 0x00 },
  { 0x08, 0x2F, 0x2D, 0x6D, 0x4D, 0x2D, 0x48, 0x00 },
  { 0x10, 0x77, 0x55, 0x55, 0x55, 0x55, 0x10, 0x00 }, // '든'
  { 0x08, 0x6F, 0x4D, 0x5D, 0x3D, 0x5D, 0x08, 0x00 },
  { 0x08, 0x6F, 0x4D, 0x4D, 0x2D, 0x5D, 0x28, 0x00 },
  { 0x08, 0x7F, 0x5D, 0x5D, 0x5D, 0x5D, 0x08, 0x00 },
  { 0x08, 0x6F, 0x6D, 0x5D, 0x5D, 0x5D, 0x08, 0x00 },
  { 0x08, 0x6F, 0x5D, 0x5D, 0x1D, 0x7D, 0x08, 0x00 },
  { 0x08, 0x6F, 0x5D, 0x7D, 0x5D, 0x7D, 0x08, 0x00 },
  { 0x08, 0x6F, 0x5D, 0x7D, 0x6D, 0x7D, 0x08, 0x00 },
  { 0x08, 0x6F, 0x5D, 0x4D, 0x3D, 0x4D, 0x08, 0x00 },
  { 0x08, 0x6F, 0x5D, 0x7D, 0x7D, 0x5D, 0x08, 0x00 },
  { 0x08, 0x6F, 0x5D, 0x7D, 0x5D, 0x7D, 0x58, 0x00 },
  { 0x08, 0x6F, 0x5D, 0x5D, 0x2D, 0x5D, 0x28, 0x00 },
  { 0x08, 0x7F, 0x5D, 0x5D, 0x5D, 0x7D, 0x08, 0x00 },
  { 0x08, 0x7F, 0x6D, 0x6D, 0x6D, 0x7D, 0x08, 0x00 },
  { 0x08, 0x7F, 0x6D, 0x7D, 0x4D, 0x3D, 0x48, 0x00 },
  { 0x08, 0x4F, 0x2D, 0x1D, 0x2D, 0x4D, 0x08, 0x00 },
  { 0x08, 0x4F, 0x3D, 0x4D, 0x3D, 0x4D, 0x08, 0x00 }, // '듰'
  { 0x08, 0x2F, 0x5D, 0x5D, 0x5D, 0x2D, 0x08, 0x00 },
  { 0x08, 0x5F, 0x3D, 0x1D, 0x3D, 0x5D, 0x08, 0x00 },
  { 0x04, 0x57, 0x35, 0x1D, 0x35, 0x55, 0x04, 0x00 },
  { 0x08, 0x1F, 0x3D, 0x3D, 0x3D, 0x7D, 0x08, 0x00 },
  { 0x08, 0x7F, 0x5D, 0x5D, 0x5D, 0x4D, 0x08, 0x00 },
  { 0x08, 0x5F, 0x7D, 0x5D, 0x7D, 0x5D, 0x08, 0x00 },
  { 0x08, 0x2F, 0x6D, 0x5D, 0x6D, 0x2D, 0x08, 0x00 },
  { 0x00, 0x2F, 0x29, 0x29, 0x29, 0x20, 0x7F, 0x00 },
  { 0x00, 0x08, 0x2F, 0x2D, 0x2D, 0x28, 0x6F, 0x00 },
  { 0x00, 0x08, 0x2F, 0x2D, 0x6D, 0x28, 0x6F, 0x00 },
  { 0x08, 0x2F, 0x2D, 0x6D, 0x48, 0x2F, 0x40, 0x00 },
  { 0x00, 0x17, 0x75, 0x55, 0x55, 0x50, 0x5F, 0x00 },
  { 0x00, 0x04, 0x77, 0x45, 0x55, 0x34, 0x57, 0x00 },
  { 0x04, 0x77, 0x45, 0x55, 0x34, 0x5F, 0x30, 0x00 },
  { 0x00, 0x04, 0x77, 0x55, 0x55, 0x54, 0x57, 0x00 },
  { 0x00, 0x04, 0x6F, 0x6D, 0x5D, 0x5C, 0x5F, 0x00 }, // '딀'
  { 0x00, 0x04, 0x6F, 0x5D, 0x5D, 0x0C, 0x7F, 0x00 },
  { 0x00, 0x04, 0x6F, 0x5D, 0x7D, 0x4C, 0x7F, 0x00 },
  { 0x00, 0x04, 0x6F, 0x5D, 0x7D, 0x54, 0x7F, 0x00 },
  { 0x04, 0x6F, 0x5D, 0x5D, 0x44, 0x37, 0x40, 0x00 },
  { 0x00, 0x04, 0x6F, 0x5D, 0x7D, 0x5C, 0x4F, 0x00 },
  { 0x04, 0x6F, 0x5D, 0x7D, 0x4C, 0x7F, 0x48, 0x00 },
  { 0x04, 0x6F, 0x5D, 0x5D, 0x34, 0x5F, 0x30, 0x00 },
  { 0x00, 0x04, 0x77, 0x55, 0x55, 0x54, 0x77, 0x00 },
  { 0x00, 0x08, 0x7F, 0x6D, 0x6D, 0x68, 0x7F, 0x00 },
  { 0x08, 0x7F, 0x6D, 0x7D, 0x48, 0x3F, 0x40, 0x00 },
  { 0x00, 0x04, 0x47, 0x25, 0x15, 0x24, 0x4F, 0x00 },
  { 0x00, 0x04, 0x47, 0x35, 0x45, 0x34, 0x4F, 0x00 },
  { 0x00, 0x04, 0x27, 0x55, 0x55, 0x54, 0x27, 0x00 },
  { 0x00, 0x04, 0x57, 0x35, 0x15, 0x34, 0x57, 0x00 },
  { 0x00, 0x04, 0x57, 0x35, 0x1D, 0x34, 0x57, 0x00 },
  { 0x00, 0x04, 0x17, 0x35, 0x35, 0x34, 0x77, 0x00 }, // '딐'
  { 0x00, 0x04, 0x7F, 0x5D, 0x5D, 0x5C, 0x4F, 0x00 },
  { 0x00, 0x04, 0x57, 0x75, 0x55, 0x74, 0x57, 0x00 },
  { 0x00, 0x04, 0x17, 0x35, 0x5D, 0x34, 0x17, 0x00 },
  { 0x00, 0x3F, 0x21, 0x21, 0x21, 0x00, 0x7F, 0x00 },
  { 0x00, 0x0F, 0x29, 0x29, 0x29, 0x20, 0x6F, 0x00 },
  { 0x00, 0x0F, 0x29, 0x29, 0x69, 0x20, 0x6F, 0x00 },
  { 0x0F, 0x29, 0x29, 0x69, 0x40, 0x2F, 0x40, 0x00 },
  { 0x00, 0x0F, 0x69, 0x49, 0x49, 0x40, 0x5F, 0x00 },
  { 0x00, 0x07, 0x75, 0x45, 0x55, 0x30, 0x57, 0x00 },
  { 0x07, 0x75, 0x45, 0x55, 0x30, 0x5F, 0x30, 0x00 },
  { 0x00, 0x07, 0x75, 0x55, 0x55, 0x50, 0x57, 0x00 },
  { 0x00, 0x07, 0x6D, 0x6D, 0x5D, 0x58, 0x5F, 0x00 },
  { 0x00, 0x07, 0x6D, 0x5D, 0x5D, 0x08, 0x7F, 0x00 },
  { 0x00, 0x07, 0x6D, 0x5D, 0x7D, 0x48, 0x7F, 0x00 },
  { 0x00, 0x07, 0x6D, 0x5D, 0x7D, 0x50, 0x7F, 0x00 },
  { 0x07, 0x6D, 0x5D, 0x5D, 0x40, 0x37, 0x40, 0x00 }, // '딠'
  { 0x00, 0x07, 0x6D, 0x5D, 0x7D, 0x58, 0x4F, 0x00 },
  { 0x07, 0x6D, 0x5D, 0x7D, 0x48, 0x7F, 0x48, 0x00 },
  { 0x07, 0x6D, 0x5D, 0x5D, 0x30, 0x5F, 0x30, 0x00 },
  { 0x00, 0x07, 0x75, 0x55, 0x55, 0x50, 0x77, 0x00 },
  { 0x00, 0x0F, 0x79, 0x69, 0x69, 0x60, 0x7F, 0x00 },
  { 0x0F, 0x79, 0x69, 0x79, 0x40, 0x37, 0x40, 0x00 },
  { 0x00, 0x0F, 0x49, 0x29, 0x19, 0x20, 0x4F, 0x00 },
  { 0x00, 0x0F, 0x49, 0x39, 0x49, 0x30, 0x4F, 0x00 },
  { 0x00, 0x07, 0x25, 0x55, 0x55, 0x50, 0x27, 0x00 },
  { 0x00, 0x07, 0x55, 0x35, 0x15, 0x30, 0x57, 0x00 },
  { 0x00, 0x07, 0x55, 0x35, 0x1D, 0x30, 0x57, 0x00 },
  { 0x00, 0x07, 0x15, 0x35, 0x35, 0x30, 0x77, 0x00 },
  { 0x00, 0x07, 0x7D, 0x5D, 0x5D, 0x58, 0x4F, 0x00 },
  { 0x00, 0x07, 0x55, 0x75, 0x55, 0x70, 0x57, 0x00 },
  { 0x00, 0x07, 0x15, 0x35, 0x5D, 0x30, 0x17, 0x00 },
  { 0x3F, 0x21, 0x3F, 0x21, 0x00, 0x7F, 0x08, 0x00 }, // '따'
  { 0x0F, 0x29, 0x2F, 0x29, 0x20, 0x6F, 0x02, 0x00 },
  { 0x0F, 0x29, 0x2F, 0x69, 0x20, 0x6F, 0x02, 0x00 },
  { 0x0F, 0x29, 0x2F, 0x69, 0x40, 0x2F, 0x42, 0x00 },
  { 0x0F, 0x69, 0x4F, 0x49, 0x40, 0x5F, 0x04, 0x00 },
  { 0x07, 0x75, 0x47, 0x55, 0x30, 0x57, 0x02, 0x00 },
  { 0x07, 0x75, 0x47, 0x55, 0x30, 0x5F, 0x32, 0x00 },
  { 0x07, 0x75, 0x57, 0x55, 0x50, 0x57, 0x02, 0x00 },
  { 0x07, 0x6D, 0x6F, 0x5D, 0x58, 0x5F, 0x02, 0x00 },
  { 0x07, 0x6D, 0x5F, 0x5D, 0x08, 0x7F, 0x02, 0x00 },
  { 0x07, 0x6D, 0x5F, 0x7D, 0x48, 0x7F, 0x02, 0x00 },
  { 0x07, 0x6D, 0x5F, 0x7D, 0x50, 0x7F, 0x02, 0x00 },
  { 0x07, 0x6D, 0x5F, 0x5D, 0x40, 0x37, 0x42, 0x00 },
  { 0x07, 0x6D, 0x5F, 0x7D, 0x58, 0x4F, 0x02, 0x00 },
  { 0x07, 0x6D, 0x5F, 0x7D, 0x48, 0x7F, 0x4A, 0x00 },
  { 0x07, 0x6D, 0x5F, 0x5D, 0x30, 0x5F, 0x32, 0x00 },
  { 0x07, 0x75, 0x57, 0x55, 0x50, 0x77, 0x02, 0x00 }, // '땀'
  { 0x0F, 0x79, 0x6F, 0x69, 0x60, 0x7F, 0x02, 0x00 },
  { 0x0F, 0x79, 0x6F, 0x79, 0x40, 0x37, 0x42, 0x00 },
  { 0x0F, 0x49, 0x2F, 0x19, 0x20, 0x4F, 0x02, 0x00 },
  { 0x0F, 0x49, 0x3F, 0x49, 0x30, 0x4F, 0x02, 0x00 },
  { 0x07, 0x25, 0x57, 0x55, 0x50, 0x27, 0x02, 0x00 },
  { 0x07, 0x55, 0x37, 0x15, 0x30, 0x57, 0x02, 0x00 },
  { 0x07, 0x55, 0x37, 0x1D, 0x30, 0x57, 0x02, 0x00 },
  { 0x07, 0x15, 0x37, 0x35, 0x30, 0x77, 0x02, 0x00 },
  { 0x07, 0x7D, 0x5F, 0x5D, 0x58, 0x4F, 0x02, 0x00 },
  { 0x07, 0x55, 0x77, 0x55, 0x70, 0x57, 0x02, 0x00 },
  { 0x07, 0x15, 0x37, 0x5D, 0x30, 0x17, 0x02, 0x00 },
  { 0x3F, 0x21, 0x3F, 0x21, 0x7F, 0x08, 0x7F, 0x00 },
  { 0x0F, 0x29, 0x2F, 0x29, 0x2F, 0x22, 0x6F, 0x00 },
  { 0x0F, 0x29, 0x2F, 0x69, 0x2F, 0x22, 0x6F, 0x00 },
  { 0x0F, 0x29, 0x2F, 0x69, 0x4F, 0x22, 0x4F, 0x00 },
  { 0x0F, 0x69, 0x4F, 0x49, 0x5F, 0x42, 0x5F, 0x00 }, // '땐'
  { 0x0F, 0x69, 0x4F, 0x49, 0x57, 0x32, 0x57, 0x00 },
  { 0x0F, 0x69, 0x4F, 0x59, 0x37, 0x5A, 0x37, 0x00 },
  { 0x07, 0x75, 0x57, 0x55, 0x57, 0x52, 0x57, 0x00 },
  { 0x07, 0x6D, 0x6F, 0x5D, 0x5F, 0x5A, 0x5F, 0x00 },
  { 0x07, 0x6D, 0x5F, 0x5D, 0x0F, 0x0A, 0x7F, 0x00 },
  { 0x07, 0x6D, 0x5F, 0x5D, 0x7F, 0x4A, 0x7F, 0x00 },
  { 0x07, 0x6D, 0x5F, 0x5D, 0x7F, 0x52, 0x7F, 0x00 },
  { 0x07, 0x6D, 0x5F, 0x5D, 0x67, 0x1A, 0x67, 0x00 },
  { 0x07, 0x6D, 0x5F, 0x5D, 0x7F, 0x5A, 0x4F, 0x00 },
  { 0x07, 0x6D, 0x5F, 0x7D, 0x4F, 0x7A, 0x4F, 0x00 },
  { 0x07, 0x6D, 0x5F, 0x5D, 0x37, 0x5A, 0x37, 0x00 },
  { 0x07, 0x75, 0x57, 0x55, 0x57, 0x52, 0x77, 0x00 },
  { 0x0F, 0x79, 0x6F, 0x69, 0x6F, 0x62, 0x7F, 0x00 },
  { 0x0F, 0x79, 0x6F, 0x79, 0x4F, 0x32, 0x4F, 0x00 },
  { 0x0F, 0x49, 0x2F, 0x19, 0x2F, 0x42, 0x0F, 0x00 },
  { 0x0F, 0x49, 0x3F, 0x49, 0x3F, 0x42, 0x0F, 0x00 }, // '땠'
  { 0x07, 0x25, 0x57, 0x55, 0x57, 0x52, 0x27, 0x00 },
  { 0x07, 0x55, 0x57, 0x35, 0x37, 0x52, 0x57, 0x00 },
  { 0x07, 0x55, 0x57, 0x3D, 0x37, 0x52, 0x57, 0x00 },
  { 0x07, 0x15, 0x37, 0x35, 0x37, 0x32, 0x77, 0x00 },
  { 0x07, 0x7D, 0x5F, 0x5D, 0x5F, 0x5A, 0x4F, 0x00 },
  { 0x07, 0x55, 0x77, 0x55, 0x57, 0x72, 0x57, 0x00 },
  { 0x07, 0x15, 0x37, 0x5D, 0x57, 0x32, 0x17, 0x00 },
  { 0x3F, 0x21, 0x3F, 0x21, 0x00, 0x7F, 0x12, 0x00 },
  { 0x0F, 0x29, 0x2F, 0x29, 0x20, 0x7F, 0x0A, 0x00 },
  { 0x0F, 0x29, 0x2F, 0x69, 0x20, 0x7F, 0x0A, 0x00 },
  { 0x0F, 0x29, 0x2F, 0x69, 0x40, 0x3F, 0x4A, 0x00 },
  { 0x0F, 0x69, 0x4F, 0x49, 0x40, 0x5F, 0x0A, 0x00 },
  { 0x07, 0x75, 0x47, 0x55, 0x30, 0x5F, 0x05, 0x00 },
  { 0x07, 0x75, 0x47, 0x55, 0x30, 0x5F, 0x35, 0x00 },
  { 0x07, 0x75, 0x57, 0x55, 0x50, 0x5F, 0x05, 0x00 },
  { 0x07, 0x6D, 0x6F, 0x5D, 0x58, 0x5F, 0x05, 0x00 }, // '땰'
  { 0x07, 0x6D, 0x5F, 0x5D, 0x08, 0x7F, 0x05, 0x00 },
  { 0x07, 0x6D, 0x5F, 0x7D, 0x48, 0x7F, 0x05, 0x00 },
  { 0x07, 0x6D, 0x5F, 0x7D, 0x50, 0x7F, 0x05, 0x00 },
  { 0x07, 0x6D, 0x5F, 0x5D, 0x40, 0x2F, 0x45, 0x00 },
  { 0x07, 0x6D, 0x5F, 0x7D, 0x58, 0x4F, 0x05, 0x00 },
  { 0x07, 0x6D, 0x5F, 0x7D, 0x50, 0x7F, 0x55, 0x00 },
  { 0x07, 0x6D, 0x5F, 0x5D, 0x30, 0x5F, 0x35, 0x00 },
  { 0x07, 0x75, 0x57, 0x55, 0x50, 0x7F, 0x05, 0x00 },
  { 0x0F, 0x79, 0x6F, 0x69, 0x60, 0x7F, 0x0A, 0x00 },
  { 0x0F, 0x79, 0x6F, 0x79, 0x40, 0x3F, 0x4A, 0x00 },
  { 0x0F, 0x49, 0x2F, 0x19, 0x20, 0x5F, 0x0A, 0x00 },
  { 0x0F, 0x49, 0x3F, 0x49, 0x30, 0x4F, 0x0A, 0x00 },
  { 0x07, 0x25, 0x57, 0x55, 0x50, 0x2F, 0x05, 0x00 },
  { 0x07, 0x55, 0x37, 0x15, 0x30, 0x5F, 0x05, 0x00 },
  { 0x07, 0x55, 0x37, 0x1D, 0x30, 0x5F, 0x05, 0x00 },
  { 0x07, 0x15, 0x37, 0x35, 0x30, 0x7F, 0x05, 0x00 }, // '떀'
  { 0x07, 0x7D, 0x5F, 0x5D, 0x58, 0x4F, 0x05, 0x00 },
  { 0x07, 0x55, 0x77, 0x55, 0x70, 0x5F, 0x05, 0x00 },
  { 0x07, 0x15, 0x37, 0x5D, 0x30, 0x1F, 0x05, 0x00 },
  { 0x3F, 0x21, 0x3F, 0x21, 0x7F, 0x12, 0x7F, 0x00 },
  { 0x0F, 0x29, 0x2F, 0x29, 0x3F, 0x2A, 0x7F, 0x00 },
  { 0x0F, 0x29, 0x2F, 0x69, 0x3F, 0x2A, 0x7F, 0x00 },
  { 0x0F, 0x29, 0x2F, 0x69, 0x5F, 0x2A, 0x5F, 0x00 },
  { 0x0F, 0x69, 0x4F, 0x49, 0x5F, 0x4A, 0x5F, 0x00 },
  { 0x0F, 0x69, 0x4F, 0x49, 0x5F, 0x35, 0x5F, 0x00 },
  { 0x0F, 0x69, 0x4F, 0x49, 0x2F, 0x55, 0x2F, 0x00 },
  { 0x07, 0x75, 0x57, 0x55, 0x5F, 0x55, 0x5F, 0x00 },
  { 0x07, 0x6D, 0x6F, 0x5D, 0x5F, 0x55, 0x5F, 0x00 },
  { 0x07, 0x6D, 0x5F, 0x5D, 0x1F, 0x15, 0x7F, 0x00 },
  { 0x07, 0x6D, 0x5F, 0x5D, 0x7F, 0x55, 0x7F, 0x00 },
  { 0x07, 0x6D, 0x5F, 0x5D, 0x7F, 0x65, 0x7F, 0x00 },
  { 0x07, 0x6D, 0x5F, 0x5D, 0x4F, 0x35, 0x4F, 0x00 }, // '떐'
  { 0x07, 0x6D, 0x5F, 0x5D, 0x7F, 0x75, 0x5F, 0x00 },
  { 0x07, 0x6D, 0x5F, 0x7D, 0x5F, 0x75, 0x5F, 0x00 },
  { 0x07, 0x6D, 0x5F, 0x5D, 0x2F, 0x55, 0x2F, 0x00 },
  { 0x07, 0x75, 0x57, 0x55, 0x5F, 0x55, 0x7F, 0x00 },
  { 0x0F, 0x79, 0x6F, 0x69, 0x6F, 0x6A, 0x7F, 0x00 },
  { 0x0F, 0x79, 0x6F, 0x79, 0x4F, 0x35, 0x4F, 0x00 },
  { 0x0F, 0x49, 0x2F, 0x19, 0x2F, 0x4A, 0x0F, 0x00 },
  { 0x0F, 0x49, 0x3F, 0x49, 0x3F, 0x4A, 0x0F, 0x00 },
  { 0x07, 0x25, 0x57, 0x55, 0x5F, 0x55, 0x2F, 0x00 },
  { 0x07, 0x55, 0x57, 0x35, 0x3F, 0x55, 0x5F, 0x00 },
  { 0x0F, 0x29, 0x6F, 0x39, 0x2F, 0x6A, 0x2F, 0x00 },
  { 0x07, 0x15, 0x37, 0x35, 0x3F, 0x35, 0x7F, 0x00 },
  { 0x07, 0x7D, 0x5F, 0x5D, 0x5F, 0x55, 0x4F, 0x00 },
  { 0x07, 0x55, 0x77, 0x55, 0x5F, 0x75, 0x5F, 0x00 },
  { 0x0F, 0x29, 0x6F, 0x59, 0x6F, 0x6A, 0x2F, 0x00 },
  { 0x00, 0x3F, 0x21, 0x3F, 0x21, 0x04, 0x7F, 0x00 }, // '떠'
  { 0x00, 0x0F, 0x29, 0x2F, 0x29, 0x22, 0x6F, 0x00 },
  { 0x00, 0x0F, 0x29, 0x2F, 0x69, 0x22, 0x6F, 0x00 },
  { 0x0F, 0x29, 0x2F, 0x69, 0x42, 0x2F, 0x40, 0x00 },
  { 0x00, 0x0F, 0x69, 0x4F, 0x49, 0x42, 0x5F, 0x00 },
  { 0x00, 0x07, 0x75, 0x47, 0x55, 0x32, 0x57, 0x00 },
  { 0x07, 0x75, 0x47, 0x55, 0x32, 0x5F, 0x30, 0x00 },
  { 0x00, 0x07, 0x75, 0x57, 0x55, 0x52, 0x57, 0x00 },
  { 0x00, 0x07, 0x6D, 0x6F, 0x5D, 0x5A, 0x5F, 0x00 },
  { 0x00, 0x07, 0x6D, 0x5F, 0x5D, 0x0A, 0x7F, 0x00 },
  { 0x00, 0x07, 0x6D, 0x5F, 0x7D, 0x4A, 0x7F, 0x00 },
  { 0x00, 0x07, 0x6D, 0x5F, 0x7D, 0x52, 0x7F, 0x00 },
  { 0x07, 0x6D, 0x5F, 0x5D, 0x42, 0x37, 0x40, 0x00 },
  { 0x00, 0x07, 0x6D, 0x5F, 0x7D, 0x5A, 0x4F, 0x00 },
  { 0x07, 0x6D, 0x5F, 0x7D, 0x4A, 0x7F, 0x48, 0x00 },
  { 0x07, 0x6D, 0x5F, 0x5D, 0x32, 0x5F, 0x30, 0x00 },
  { 0x00, 0x07, 0x75, 0x57, 0x55, 0x52, 0x77, 0x00 }, // '떰'
  { 0x00, 0x0F, 0x79, 0x6F, 0x69, 0x62, 0x7F, 0x00 },
  { 0x0F, 0x79, 0x6F, 0x79, 0x42, 0x37, 0x40, 0x00 },
  { 0x00, 0x0F, 0x49, 0x2F, 0x19, 0x22, 0x4F, 0x00 },
  { 0x00, 0x0F, 0x49, 0x3F, 0x49, 0x32, 0x4F, 0x00 },
  { 0x00, 0x07, 0x25, 0x57, 0x55, 0x52, 0x2F, 0x00 },
  { 0x00, 0x07, 0x55, 0x37, 0x15, 0x32, 0x57, 0x00 },
  { 0x00, 0x07, 0x55, 0x37, 0x1D, 0x32, 0x57, 0x00 },
  { 0x00, 0x07, 0x15, 0x37, 0x35, 0x32, 0x77, 0x00 },
  { 0x00, 0x07, 0x7D, 0x5F, 0x5D, 0x5A, 0x4F, 0x00 },
  { 0x00, 0x07, 0x55, 0x77, 0x55, 0x72, 0x57, 0x00 },
  { 0x00, 0x07, 0x15, 0x37, 0x5D, 0x32, 0x17, 0x00 },
  { 0x3F, 0x21, 0x3F, 0x21, 0x04, 0x7F, 0x7F, 0x00 },
  { 0x0F, 0x29, 0x2F, 0x29, 0x22, 0x2F, 0x6F, 0x00 },
  { 0x0F, 0x29, 0x2F, 0x69, 0x22, 0x2F, 0x6F, 0x00 },
  { 0x0F, 0x29, 0x2F, 0x69, 0x42, 0x2F, 0x4F, 0x00 },
  { 0x0F, 0x69, 0x4F, 0x49, 0x42, 0x5F, 0x5F, 0x00 }, // '뗀'
  { 0x0F, 0x69, 0x4F, 0x49, 0x52, 0x37, 0x57, 0x00 },
  { 0x0F, 0x69, 0x4F, 0x49, 0x32, 0x5F, 0x37, 0x00 },
  { 0x07, 0x75, 0x57, 0x55, 0x52, 0x57, 0x57, 0x00 },
  { 0x07, 0x6D, 0x6F, 0x5D, 0x5A, 0x5F, 0x5F, 0x00 },
  { 0x07, 0x6D, 0x5F, 0x5D, 0x0A, 0x0F, 0x7F, 0x00 },
  { 0x07, 0x6D, 0x5F, 0x5D, 0x7A, 0x4F, 0x7F, 0x00 },
  { 0x07, 0x6D, 0x5F, 0x5D, 0x7A, 0x57, 0x7F, 0x00 },
  { 0x07, 0x6D, 0x5F, 0x5D, 0x62, 0x1F, 0x67, 0x00 },
  { 0x07, 0x6D, 0x5F, 0x5D, 0x7A, 0x5F, 0x4F, 0x00 },
  { 0x07, 0x6D, 0x5F, 0x7D, 0x4A, 0x7F, 0x4F, 0x00 },
  { 0x07, 0x6D, 0x5F, 0x5D, 0x32, 0x5F, 0x37, 0x00 },
  { 0x07, 0x75, 0x57, 0x55, 0x52, 0x57, 0x77, 0x00 },
  { 0x0F, 0x79, 0x6F, 0x69, 0x62, 0x6F, 0x7F, 0x00 },
  { 0x0F, 0x79, 0x6F, 0x79, 0x42, 0x3F, 0x4F, 0x00 },
  { 0x0F, 0x49, 0x2F, 0x19, 0x22, 0x4F, 0x0F, 0x00 },
  { 0x0F, 0x49, 0x3F, 0x49, 0x32, 0x4F, 0x0F, 0x00 }, // '뗐'
  { 0x07, 0x25, 0x57, 0x55, 0x52, 0x57, 0x27, 0x00 },
  { 0x07, 0x55, 0x57, 0x35, 0x32, 0x57, 0x57, 0x00 },
  { 0x07, 0x55, 0x57, 0x35, 0x3A, 0x57, 0x57, 0x00 },
  { 0x07, 0x15, 0x37, 0x35, 0x32, 0x37, 0x77, 0x00 },
  { 0x07, 0x7D, 0x5F, 0x5D, 0x5A, 0x5F, 0x4F, 0x00 },
  { 0x07, 0x55, 0x77, 0x55, 0x52, 0x77, 0x57, 0x00 },
  { 0x07, 0x15, 0x37, 0x55, 0x5A, 0x37, 0x17, 0x00 },
  { 0x00, 0x3F, 0x21, 0x3F, 0x21, 0x0A, 0x7F, 0x00 },
  { 0x00, 0x0F, 0x29, 0x2F, 0x29, 0x26, 0x6F, 0x00 },
  { 0x00, 0x0F, 0x29, 0x2F, 0x69, 0x26, 0x6F, 0x00 },
  { 0x0F, 0x29, 0x2F, 0x69, 0x46, 0x2F, 0x40, 0x00 },
  { 0x00, 0x0F, 0x69, 0x4F, 0x49, 0x46, 0x5F, 0x00 },
  { 0x00, 0x07, 0x75, 0x47, 0x55, 0x36, 0x5F, 0x00 },
  { 0x07, 0x75, 0x47, 0x55, 0x36, 0x5F, 0x30, 0x00 },
  { 0x00, 0x07, 0x75, 0x57, 0x55, 0x56, 0x5F, 0x00 },
  { 0x00, 0x07, 0x6D, 0x6F, 0x5D, 0x5B, 0x5F, 0x00 }, // '뗠'
  { 0x00, 0x07, 0x6D, 0x5F, 0x5D, 0x0B, 0x7F, 0x00 },
  { 0x00, 0x07, 0x6D, 0x5F, 0x7D, 0x4B, 0x7F, 0x00 },
  { 0x00, 0x07, 0x6D, 0x5F, 0x7D, 0x53, 0x7F, 0x00 },
  { 0x07, 0x6D, 0x5F, 0x5D, 0x46, 0x2F, 0x40, 0x00 },
  { 0x00, 0x07, 0x6D, 0x5F, 0x7D, 0x5B, 0x4F, 0x00 },
  { 0x07, 0x6D, 0x5F, 0x7D, 0x4B, 0x7F, 0x48, 0x00 },
  { 0x07, 0x6D, 0x5F, 0x5D, 0x36, 0x5F, 0x30, 0x00 },
  { 0x00, 0x07, 0x75, 0x57, 0x55, 0x56, 0x7F, 0x00 },
  { 0x00, 0x0F, 0x79, 0x6F, 0x69, 0x66, 0x7F, 0x00 },
  { 0x0F, 0x79, 0x6F, 0x79, 0x46, 0x2F, 0x40, 0x00 },
  { 0x00, 0x0F, 0x49, 0x2F, 0x19, 0x26, 0x4F, 0x00 },
  { 0x00, 0x0F, 0x49, 0x3F, 0x49, 0x36, 0x4F, 0x00 },
  { 0x00, 0x07, 0x25, 0x57, 0x55, 0x56, 0x2F, 0x00 },
  { 0x00, 0x07, 0x55, 0x37, 0x15, 0x36, 0x5F, 0x00 },
  { 0x00, 0x07, 0x55, 0x37, 0x1D, 0x36, 0x5F, 0x00 },
  { 0x00, 0x07, 0x15, 0x37, 0x35, 0x36, 0x7F, 0x00 }, // '뗰'
  { 0x00, 0x07, 0x7D, 0x5F, 0x5D, 0x5B, 0x4F, 0x00 },
  { 0x00, 0x07, 0x55, 0x77, 0x55, 0x76, 0x5F, 0x00 },
  { 0x00, 0x07, 0x15, 0x37, 0x5D, 0x36, 0x1F, 0x00 },
  { 0x3F, 0x21, 0x3F, 0x21, 0x0A, 0x7F, 0x7F, 0x00 },
  { 0x0F, 0x29, 0x2F, 0x29, 0x26, 0x2F, 0x6F, 0x00 },
  { 0x0F, 0x29, 0x2F, 0x69, 0x26, 0x2F, 0x6F, 0x00 },
  { 0x0F, 0x29, 0x2F, 0x69, 0x46, 0x2F, 0x4F, 0x00 },
  { 0x0F, 0x69, 0x4F, 0x49, 0x46, 0x5F, 0x5F, 0x00 },
  { 0x0F, 0x69, 0x4F, 0x49, 0x56, 0x3F, 0x5F, 0x00 },
  { 0x0F, 0x69, 0x4F, 0x49, 0x26, 0x5F, 0x2F, 0x00 },
  { 0x0F, 0x79, 0x5F, 0x59, 0x56, 0x5F, 0x5F, 0x00 },
  { 0x0F, 0x19, 0x5F, 0x79, 0x76, 0x5F, 0x4F, 0x00 },
  { 0x0F, 0x59, 0x7F, 0x59, 0x16, 0x1F, 0x7F, 0x00 },
  { 0x0F, 0x59, 0x7F, 0x59, 0x76, 0x5F, 0x7F, 0x00 },
  { 0x0F, 0x59, 0x7F, 0x59, 0x76, 0x6F, 0x7F, 0x00 },
  { 0x0F, 0x59, 0x7F, 0x59, 0x46, 0x3F, 0x4F, 0x00 }, // '똀'
  { 0x0F, 0x59, 0x7F, 0x59, 0x76, 0x7F, 0x5F, 0x00 },
  { 0x0F, 0x59, 0x7F, 0x79, 0x56, 0x7F, 0x5F, 0x00 },
  { 0x0F, 0x59, 0x7F, 0x59, 0x26, 0x5F, 0x2F, 0x00 },
  { 0x0F, 0x79, 0x5F, 0x59, 0x56, 0x5F, 0x7F, 0x00 },
  { 0x0F, 0x79, 0x6F, 0x69, 0x66, 0x6F, 0x7F, 0x00 },
  { 0x0F, 0x79, 0x6F, 0x79, 0x46, 0x3F, 0x4F, 0x00 },
  { 0x0F, 0x49, 0x2F, 0x19, 0x26, 0x4F, 0x0F, 0x00 },
  { 0x0F, 0x49, 0x3F, 0x49, 0x36, 0x4F, 0x0F, 0x00 },
  { 0x0F, 0x29, 0x5F, 0x59, 0x56, 0x5F, 0x2F, 0x00 },
  { 0x0F, 0x59, 0x5F, 0x39, 0x36, 0x5F, 0x5F, 0x00 },
  { 0x07, 0x55, 0x57, 0x3D, 0x36, 0x57, 0x57, 0x00 },
  { 0x0F, 0x19, 0x3F, 0x39, 0x36, 0x3F, 0x7F, 0x00 },
  { 0x0F, 0x79, 0x5F, 0x59, 0x56, 0x5F, 0x4F, 0x00 },
  { 0x0F, 0x59, 0x7F, 0x59, 0x56, 0x7F, 0x5F, 0x00 },
  { 0x07, 0x15, 0x37, 0x5D, 0x56, 0x37, 0x17, 0x00 },
  { 0x20, 0x2F, 0x29, 0x3F, 0x29, 0x29, 0x20, 0x00 }, // '또'
  { 0x10, 0x37, 0x35, 0x3F, 0x35, 0x75, 0x10, 0x00 },
  { 0x10, 0x37, 0x35, 0x7F, 0x35, 0x75, 0x10, 0x00 },
  { 0x10, 0x37, 0x35, 0x7F, 0x55, 0x35, 0x50, 0x00 },
  { 0x10, 0x77, 0x55, 0x5F, 0x55, 0x55, 0x10, 0x00 },
  { 0x08, 0x6B, 0x49, 0x5F, 0x39, 0x59, 0x08, 0x00 },
  { 0x08, 0x6B, 0x49, 0x4F, 0x29, 0x59, 0x28, 0x00 },
  { 0x08, 0x7B, 0x59, 0x5F, 0x59, 0x59, 0x08, 0x00 },
  { 0x08, 0x6B, 0x69, 0x5F, 0x59, 0x59, 0x08, 0x00 },
  { 0x08, 0x6B, 0x59, 0x5F, 0x19, 0x79, 0x08, 0x00 },
  { 0x08, 0x6B, 0x59, 0x7F, 0x59, 0x79, 0x08, 0x00 },
  { 0x08, 0x6B, 0x59, 0x7F, 0x69, 0x79, 0x08, 0x00 },
  { 0x08, 0x6B, 0x59, 0x5F, 0x49, 0x39, 0x48, 0x00 },
  { 0x08, 0x6B, 0x59, 0x7F, 0x79, 0x59, 0x08, 0x00 },
  { 0x08, 0x6B, 0x59, 0x7F, 0x59, 0x79, 0x58, 0x00 },
  { 0x08, 0x6B, 0x59, 0x5F, 0x29, 0x59, 0x28, 0x00 },
  { 0x10, 0x77, 0x55, 0x5F, 0x55, 0x75, 0x10, 0x00 }, // '똠'
  { 0x08, 0x7B, 0x69, 0x6F, 0x69, 0x79, 0x08, 0x00 },
  { 0x08, 0x7B, 0x69, 0x7F, 0x49, 0x39, 0x48, 0x00 },
  { 0x10, 0x57, 0x55, 0x3F, 0x55, 0x55, 0x10, 0x00 },
  { 0x10, 0x57, 0x35, 0x5F, 0x35, 0x55, 0x10, 0x00 },
  { 0x10, 0x37, 0x55, 0x5F, 0x55, 0x35, 0x10, 0x00 },
  { 0x08, 0x5B, 0x39, 0x1F, 0x39, 0x59, 0x08, 0x00 },
  { 0x08, 0x2B, 0x69, 0x3F, 0x69, 0x29, 0x08, 0x00 },
  { 0x08, 0x1B, 0x39, 0x3F, 0x39, 0x79, 0x08, 0x00 },
  { 0x08, 0x7B, 0x59, 0x5F, 0x59, 0x49, 0x08, 0x00 },
  { 0x08, 0x5B, 0x79, 0x5F, 0x79, 0x59, 0x08, 0x00 },
  { 0x08, 0x2B, 0x69, 0x5F, 0x69, 0x29, 0x08, 0x00 },
  { 0x2F, 0x29, 0x3F, 0x29, 0x20, 0x7F, 0x08, 0x00 },
  { 0x17, 0x35, 0x3F, 0x35, 0x30, 0x7F, 0x04, 0x00 },
  { 0x17, 0x35, 0x3F, 0x75, 0x30, 0x7F, 0x04, 0x00 },
  { 0x17, 0x35, 0x3F, 0x75, 0x50, 0x3F, 0x44, 0x00 },
  { 0x17, 0x75, 0x5F, 0x55, 0x50, 0x5F, 0x04, 0x00 }, // '똰'
  { 0x0B, 0x69, 0x4F, 0x59, 0x38, 0x5F, 0x04, 0x00 },
  { 0x0B, 0x69, 0x4F, 0x49, 0x28, 0x5F, 0x24, 0x00 },
  { 0x0B, 0x79, 0x5F, 0x59, 0x58, 0x5F, 0x04, 0x00 },
  { 0x0B, 0x69, 0x6F, 0x59, 0x58, 0x5F, 0x02, 0x00 },
  { 0x0B, 0x69, 0x5F, 0x59, 0x18, 0x7F, 0x02, 0x00 },
  { 0x0B, 0x69, 0x5F, 0x79, 0x58, 0x7F, 0x02, 0x00 },
  { 0x0B, 0x69, 0x5F, 0x79, 0x68, 0x7F, 0x02, 0x00 },
  { 0x0B, 0x69, 0x5F, 0x59, 0x48, 0x3F, 0x42, 0x00 },
  { 0x0B, 0x69, 0x5F, 0x79, 0x78, 0x5F, 0x02, 0x00 },
  { 0x0B, 0x69, 0x5F, 0x79, 0x58, 0x7F, 0x52, 0x00 },
  { 0x0B, 0x69, 0x5F, 0x59, 0x28, 0x5F, 0x22, 0x00 },
  { 0x17, 0x75, 0x5F, 0x55, 0x50, 0x7F, 0x04, 0x00 },
  { 0x0B, 0x79, 0x6F, 0x69, 0x68, 0x7F, 0x02, 0x00 },
  { 0x0B, 0x79, 0x6F, 0x79, 0x48, 0x3F, 0x42, 0x00 },
  { 0x17, 0x55, 0x5F, 0x35, 0x50, 0x5F, 0x04, 0x00 },
  { 0x17, 0x55, 0x3F, 0x55, 0x30, 0x5F, 0x04, 0x00 }, // '뙀'
  { 0x17, 0x35, 0x5F, 0x55, 0x50, 0x3F, 0x04, 0x00 },
  { 0x0B, 0x59, 0x3F, 0x19, 0x38, 0x5F, 0x02, 0x00 },
  { 0x0B, 0x29, 0x6F, 0x39, 0x68, 0x2F, 0x02, 0x00 },
  { 0x0B, 0x19, 0x3F, 0x39, 0x38, 0x7F, 0x02, 0x00 },
  { 0x0B, 0x79, 0x5F, 0x59, 0x58, 0x4F, 0x02, 0x00 },
  { 0x0B, 0x59, 0x7F, 0x59, 0x78, 0x5F, 0x02, 0x00 },
  { 0x0B, 0x29, 0x6F, 0x59, 0x68, 0x2F, 0x02, 0x00 },
  { 0x2F, 0x29, 0x3F, 0x29, 0x7F, 0x08, 0x7F, 0x00 },
  { 0x17, 0x35, 0x3F, 0x35, 0x3F, 0x24, 0x7F, 0x00 },
  { 0x17, 0x35, 0x3F, 0x75, 0x3F, 0x24, 0x7F, 0x00 },
  { 0x17, 0x35, 0x3F, 0x75, 0x5F, 0x24, 0x5F, 0x00 },
  { 0x17, 0x75, 0x5F, 0x55, 0x5F, 0x44, 0x5F, 0x00 },
  { 0x0B, 0x69, 0x4F, 0x49, 0x5F, 0x32, 0x5F, 0x00 },
  { 0x0B, 0x69, 0x4F, 0x49, 0x2F, 0x52, 0x2F, 0x00 },
  { 0x0B, 0x79, 0x5F, 0x59, 0x5F, 0x52, 0x5F, 0x00 },
  { 0x0B, 0x69, 0x6F, 0x59, 0x5F, 0x5A, 0x5F, 0x00 }, // '뙐'
  { 0x0B, 0x69, 0x5F, 0x59, 0x1F, 0x12, 0x7F, 0x00 },
  { 0x0B, 0x69, 0x5F, 0x59, 0x7F, 0x52, 0x7F, 0x00 },
  { 0x0B, 0x69, 0x5F, 0x59, 0x7F, 0x62, 0x7F, 0x00 },
  { 0x0B, 0x69, 0x5F, 0x59, 0x4F, 0x32, 0x4F, 0x00 },
  { 0x0B, 0x69, 0x5F, 0x59, 0x7F, 0x72, 0x5F, 0x00 },
  { 0x0B, 0x69, 0x5F, 0x79, 0x5F, 0x72, 0x5F, 0x00 },
  { 0x0B, 0x69, 0x5F, 0x59, 0x37, 0x5A, 0x37, 0x00 },
  { 0x17, 0x75, 0x5F, 0x55, 0x5F, 0x54, 0x7F, 0x00 },
  { 0x0B, 0x79, 0x6F, 0x69, 0x6F, 0x62, 0x7F, 0x00 },
  { 0x0B, 0x79, 0x6F, 0x79, 0x4F, 0x32, 0x4F, 0x00 },
  { 0x17, 0x55, 0x5F, 0x35, 0x5F, 0x44, 0x1F, 0x00 },
  { 0x17, 0x55, 0x3F, 0x55, 0x3F, 0x44, 0x1F, 0x00 },
  { 0x17, 0x35, 0x5F, 0x55, 0x5F, 0x54, 0x3F, 0x00 },
  { 0x0B, 0x59, 0x5F, 0x39, 0x3F, 0x52, 0x5F, 0x00 },
  { 0x0B, 0x29, 0x6F, 0x39, 0x2F, 0x62, 0x2F, 0x00 },
  { 0x0B, 0x19, 0x3F, 0x39, 0x3F, 0x32, 0x7F, 0x00 }, // '뙠'
  { 0x0B, 0x79, 0x5F, 0x59, 0x5F, 0x5A, 0x4F, 0x00 },
  { 0x0B, 0x59, 0x7F, 0x59, 0x5F, 0x72, 0x5F, 0x00 },
  { 0x0B, 0x29, 0x6F, 0x59, 0x6F, 0x62, 0x2F, 0x00 },
  { 0x00, 0x2F, 0x29, 0x3F, 0x29, 0x20, 0x7F, 0x00 },
  { 0x00, 0x17, 0x35, 0x3F, 0x35, 0x30, 0x7F, 0x00 },
  { 0x00, 0x17, 0x35, 0x3F, 0x75, 0x30, 0x7F, 0x00 },
  { 0x17, 0x35, 0x3F, 0x75, 0x50, 0x3F, 0x40, 0x00 },
  { 0x00, 0x17, 0x75, 0x5F, 0x55, 0x50, 0x5F, 0x00 },
  { 0x00, 0x0B, 0x69, 0x4F, 0x59, 0x38, 0x5F, 0x00 },
  { 0x0B, 0x69, 0x4F, 0x49, 0x28, 0x5F, 0x20, 0x00 },
  { 0x00, 0x0B, 0x79, 0x5F, 0x59, 0x58, 0x5F, 0x00 },
  { 0x00, 0x0B, 0x69, 0x6F, 0x59, 0x58, 0x5F, 0x00 },
  { 0x00, 0x0B, 0x69, 0x5F, 0x59, 0x18, 0x7F, 0x00 },
  { 0x00, 0x0B, 0x69, 0x5F, 0x79, 0x58, 0x7F, 0x00 },
  { 0x00, 0x0B, 0x69, 0x5F, 0x79, 0x68, 0x7F, 0x00 },
  { 0x0B, 0x69, 0x5F, 0x59, 0x48, 0x3F, 0x40, 0x00 }, // '뙰'
  { 0x00, 0x0B, 0x69, 0x5F, 0x79, 0x78, 0x5F, 0x00 },
  { 0x0B, 0x69, 0x5F, 0x79, 0x58, 0x7F, 0x50, 0x00 },
  { 0x0B, 0x69, 0x5F, 0x59, 0x28, 0x5F, 0x20, 0x00 },
  { 0x00, 0x17, 0x75, 0x5F, 0x55, 0x50, 0x7F, 0x00 },
  { 0x00, 0x0B, 0x79, 0x6F, 0x69, 0x68, 0x7F, 0x00 },
  { 0x0B, 0x79, 0x6F, 0x79, 0x48, 0x3F, 0x40, 0x00 },
  { 0x00, 0x17, 0x55, 0x5F, 0x35, 0x50, 0x5F, 0x00 },
  { 0x00, 0x17, 0x55, 0x3F, 0x55, 0x30, 0x5F, 0x00 },
  { 0x00, 0x17, 0x35, 0x5F, 0x55, 0x50, 0x3F, 0x00 },
  { 0x00, 0x0B, 0x59, 0x3F, 0x19, 0x38, 0x5F, 0x00 },
  { 0x00, 0x0B, 0x29, 0x6F, 0x39, 0x68, 0x2F, 0x00 },
  { 0x00, 0x0B, 0x19, 0x3F, 0x39, 0x38, 0x7F, 0x00 },
  { 0x00, 0x0B, 0x79, 0x5F, 0x59, 0x58, 0x4F, 0x00 },
  { 0x00, 0x0B, 0x59, 0x7F, 0x59, 0x78, 0x5F, 0x00 },
  { 0x00, 0x0B, 0x29, 0x6F, 0x59, 0x68, 0x2F, 0x00 },
  { 0x20, 0x2F, 0x39, 0x2F, 0x39, 0x29, 0x20, 0x00 }, // '뚀'
  { 0x10, 0x37, 0x3D, 0x37, 0x3D, 0x75, 0x10, 0x00 },
  { 0x10, 0x37, 0x3D, 0x77, 0x3D, 0x75, 0x10, 0x00 },
  { 0x10, 0x37, 0x3D, 0x77, 0x5D, 0x35, 0x50, 0x00 },
  { 0x10, 0x77, 0x5D, 0x57, 0x5D, 0x55, 0x10, 0x00 },
  { 0x08, 0x6B, 0x4D, 0x5B, 0x3D, 0x59, 0x08, 0x00 },
  { 0x08, 0x6B, 0x4D, 0x4B, 0x2D, 0x59, 0x28, 0x00 },
  { 0x08, 0x7B, 0x5D, 0x5B, 0x5D, 0x59, 0x08, 0x00 },
  { 0x08, 0x6B, 0x6D, 0x5B, 0x5D, 0x59, 0x08, 0x00 },
  { 0x08, 0x6B, 0x5D, 0x5B, 0x1D, 0x79, 0x08, 0x00 },
  { 0x08, 0x6B, 0x5D, 0x7B, 0x5D, 0x79, 0x08, 0x00 },
  { 0x08, 0x6B, 0x5D, 0x7B, 0x6D, 0x79, 0x08, 0x00 },
  { 0x08, 0x6B, 0x5D, 0x5B, 0x4D, 0x39, 0x48, 0x00 },
  { 0x08, 0x6B, 0x5D, 0x7B, 0x7D, 0x59, 0x08, 0x00 },
  { 0x08, 0x6B, 0x5D, 0x7B, 0x5D, 0x79, 0x58, 0x00 },
  { 0x08, 0x6B, 0x5D, 0x5B, 0x2D, 0x59, 0x28, 0x00 },
  { 0x10, 0x77, 0x5D, 0x57, 0x5D, 0x75, 0x10, 0x00 }, // '뚐'
  { 0x08, 0x7B, 0x6D, 0x6B, 0x6D, 0x79, 0x08, 0x00 },
  { 0x08, 0x7B, 0x6D, 0x7B, 0x4D, 0x39, 0x48, 0x00 },
  { 0x10, 0x57, 0x5D, 0x37, 0x5D, 0x55, 0x10, 0x00 },
  { 0x10, 0x57, 0x3D, 0x57, 0x3D, 0x55, 0x10, 0x00 },
  { 0x10, 0x37, 0x5D, 0x57, 0x5D, 0x35, 0x10, 0x00 },
  { 0x08, 0x5B, 0x3D, 0x1B, 0x3D, 0x59, 0x08, 0x00 },
  { 0x08, 0x2B, 0x6D, 0x3B, 0x6D, 0x29, 0x08, 0x00 },
  { 0x08, 0x1B, 0x3D, 0x3B, 0x3D, 0x79, 0x08, 0x00 },
  { 0x08, 0x7B, 0x5D, 0x5B, 0x5D, 0x49, 0x08, 0x00 },
  { 0x08, 0x5B, 0x7D, 0x5B, 0x7D, 0x59, 0x08, 0x00 },
  { 0x08, 0x2B, 0x6D, 0x5B, 0x6D, 0x29, 0x08, 0x00 },
  { 0x10, 0x17, 0x15, 0x77, 0x15, 0x15, 0x10, 0x00 },
  { 0x08, 0x2F, 0x2D, 0x3F, 0x2D, 0x6D, 0x08, 0x00 },
  { 0x08, 0x2F, 0x2D, 0x7F, 0x2D, 0x6D, 0x08, 0x00 },
  { 0x08, 0x2F, 0x2D, 0x7F, 0x4D, 0x2D, 0x48, 0x00 },
  { 0x08, 0x6F, 0x4D, 0x5F, 0x4D, 0x4D, 0x08, 0x00 }, // '뚠'
  { 0x04, 0x77, 0x45, 0x5F, 0x35, 0x55, 0x04, 0x00 },
  { 0x04, 0x77, 0x45, 0x5F, 0x35, 0x55, 0x34, 0x00 },
  { 0x04, 0x77, 0x55, 0x5F, 0x55, 0x55, 0x04, 0x00 },
  { 0x04, 0x17, 0x55, 0x7F, 0x55, 0x45, 0x04, 0x00 },
  { 0x04, 0x57, 0x75, 0x5F, 0x15, 0x75, 0x04, 0x00 },
  { 0x04, 0x57, 0x75, 0x7F, 0x55, 0x75, 0x04, 0x00 },
  { 0x04, 0x57, 0x75, 0x5F, 0x65, 0x75, 0x04, 0x00 },
  { 0x04, 0x57, 0x75, 0x5F, 0x45, 0x35, 0x44, 0x00 },
  { 0x04, 0x57, 0x75, 0x5F, 0x75, 0x75, 0x54, 0x00 },
  { 0x04, 0x57, 0x75, 0x7F, 0x55, 0x75, 0x54, 0x00 },
  { 0x04, 0x57, 0x75, 0x5F, 0x35, 0x55, 0x34, 0x00 },
  { 0x04, 0x77, 0x55, 0x5F, 0x55, 0x75, 0x04, 0x00 },
  { 0x04, 0x77, 0x65, 0x6F, 0x65, 0x75, 0x04, 0x00 },
  { 0x04, 0x77, 0x65, 0x7F, 0x45, 0x35, 0x44, 0x00 },
  { 0x04, 0x47, 0x25, 0x1F, 0x25, 0x45, 0x04, 0x00 },
  { 0x04, 0x47, 0x35, 0x4F, 0x35, 0x45, 0x04, 0x00 }, // '뚰'
  { 0x04, 0x27, 0x55, 0x5F, 0x55, 0x25, 0x04, 0x00 },
  { 0x04, 0x57, 0x35, 0x1F, 0x35, 0x55, 0x04, 0x00 },
  { 0x04, 0x27, 0x65, 0x3F, 0x65, 0x25, 0x04, 0x00 },
  { 0x04, 0x17, 0x35, 0x3F, 0x35, 0x75, 0x04, 0x00 },
  { 0x04, 0x77, 0x75, 0x7F, 0x75, 0x55, 0x04, 0x00 },
  { 0x04, 0x57, 0x75, 0x5F, 0x75, 0x55, 0x04, 0x00 },
  { 0x04, 0x27, 0x65, 0x5F, 0x65, 0x25, 0x04, 0x00 },
  { 0x00, 0x17, 0x15, 0x77, 0x15, 0x20, 0x7F, 0x00 },
  { 0x00, 0x07, 0x25, 0x3F, 0x25, 0x28, 0x7F, 0x00 },
  { 0x00, 0x07, 0x25, 0x3F, 0x65, 0x28, 0x7F, 0x00 },
  { 0x07, 0x25, 0x3F, 0x65, 0x48, 0x3F, 0x40, 0x00 },
  { 0x00, 0x07, 0x65, 0x5F, 0x45, 0x48, 0x5F, 0x00 },
  { 0x00, 0x07, 0x75, 0x4F, 0x55, 0x38, 0x5F, 0x00 },
  { 0x07, 0x75, 0x4F, 0x45, 0x28, 0x5F, 0x20, 0x00 },
  { 0x00, 0x07, 0x75, 0x5F, 0x55, 0x58, 0x5F, 0x00 },
  { 0x00, 0x07, 0x15, 0x5F, 0x75, 0x58, 0x4F, 0x00 }, // '뛀'
  { 0x00, 0x07, 0x55, 0x7F, 0x55, 0x18, 0x7F, 0x00 },
  { 0x00, 0x07, 0x55, 0x7F, 0x75, 0x58, 0x7F, 0x00 },
  { 0x00, 0x07, 0x55, 0x7F, 0x55, 0x68, 0x7F, 0x00 },
  { 0x07, 0x55, 0x7F, 0x55, 0x48, 0x3F, 0x40, 0x00 },
  { 0x07, 0x55, 0x7F, 0x55, 0x78, 0x7F, 0x50, 0x00 },
  { 0x07, 0x55, 0x7F, 0x75, 0x58, 0x7F, 0x50, 0x00 },
  { 0x07, 0x55, 0x7F, 0x55, 0x28, 0x5F, 0x20, 0x00 },
  { 0x00, 0x07, 0x75, 0x5F, 0x55, 0x58, 0x7F, 0x00 },
  { 0x00, 0x07, 0x75, 0x6F, 0x65, 0x68, 0x7F, 0x00 },
  { 0x07, 0x75, 0x6F, 0x75, 0x48, 0x3F, 0x40, 0x00 },
  { 0x00, 0x07, 0x45, 0x2F, 0x15, 0x28, 0x4F, 0x00 },
  { 0x00, 0x07, 0x4D, 0x37, 0x45, 0x38, 0x4F, 0x00 },
  { 0x00, 0x07, 0x25, 0x5F, 0x55, 0x58, 0x2F, 0x00 },
  { 0x00, 0x07, 0x55, 0x3F, 0x15, 0x38, 0x5F, 0x00 },
  { 0x00, 0x07, 0x25, 0x6F, 0x35, 0x68, 0x2F, 0x00 },
  { 0x00, 0x07, 0x15, 0x3F, 0x35, 0x38, 0x7F, 0x00 }, // '뛐'
  { 0x00, 0x07, 0x75, 0x7F, 0x75, 0x78, 0x5F, 0x00 },
  { 0x00, 0x07, 0x55, 0x7F, 0x55, 0x78, 0x5F, 0x00 },
  { 0x00, 0x07, 0x25, 0x6F, 0x55, 0x68, 0x2F, 0x00 },
  { 0x17, 0x15, 0x77, 0x15, 0x20, 0x7F, 0x7F, 0x00 },
  { 0x07, 0x25, 0x3F, 0x25, 0x28, 0x3F, 0x7F, 0x00 },
  { 0x07, 0x25, 0x3F, 0x65, 0x28, 0x3F, 0x7F, 0x00 },
  { 0x07, 0x25, 0x3F, 0x65, 0x48, 0x3F, 0x5F, 0x00 },
  { 0x07, 0x65, 0x5F, 0x45, 0x48, 0x5F, 0x5F, 0x00 },
  { 0x07, 0x75, 0x4F, 0x45, 0x58, 0x3F, 0x5F, 0x00 },
  { 0x07, 0x75, 0x4F, 0x45, 0x28, 0x5F, 0x2F, 0x00 },
  { 0x07, 0x75, 0x5F, 0x55, 0x58, 0x5F, 0x5F, 0x00 },
  { 0x07, 0x15, 0x5F, 0x75, 0x78, 0x5F, 0x4F, 0x00 },
  { 0x07, 0x55, 0x7F, 0x55, 0x18, 0x1F, 0x7F, 0x00 },
  { 0x07, 0x55, 0x7F, 0x55, 0x78, 0x5F, 0x7F, 0x00 },
  { 0x07, 0x55, 0x7F, 0x55, 0x78, 0x6F, 0x7F, 0x00 },
  { 0x07, 0x55, 0x7F, 0x55, 0x48, 0x3F, 0x4F, 0x00 }, // '뛠'
  { 0x07, 0x55, 0x7F, 0x55, 0x78, 0x7F, 0x5F, 0x00 },
  { 0x07, 0x55, 0x7F, 0x75, 0x58, 0x7F, 0x5F, 0x00 },
  { 0x07, 0x55, 0x7F, 0x55, 0x28, 0x5F, 0x2F, 0x00 },
  { 0x07, 0x75, 0x5F, 0x55, 0x58, 0x5F, 0x7F, 0x00 },
  { 0x07, 0x75, 0x6F, 0x65, 0x68, 0x6F, 0x7F, 0x00 },
  { 0x07, 0x75, 0x6F, 0x75, 0x48, 0x3F, 0x4F, 0x00 },
  { 0x07, 0x4D, 0x27, 0x15, 0x28, 0x4F, 0x0F, 0x00 },
  { 0x07, 0x4D, 0x37, 0x45, 0x38, 0x4F, 0x0F, 0x00 },
  { 0x07, 0x25, 0x5F, 0x55, 0x58, 0x5F, 0x2F, 0x00 },
  { 0x07, 0x55, 0x5F, 0x35, 0x38, 0x5F, 0x5F, 0x00 },
  { 0x07, 0x25, 0x6F, 0x35, 0x28, 0x6F, 0x2F, 0x00 },
  { 0x07, 0x15, 0x3F, 0x35, 0x38, 0x3F, 0x7F, 0x00 },
  { 0x07, 0x75, 0x7F, 0x75, 0x78, 0x7F, 0x5F, 0x00 },
  { 0x07, 0x55, 0x7F, 0x55, 0x58, 0x7F, 0x5F, 0x00 },
  { 0x07, 0x25, 0x6F, 0x55, 0x68, 0x6F, 0x2F, 0x00 },
  { 0x00, 0x17, 0x15, 0x77, 0x15, 0x10, 0x7F, 0x00 }, // '뛰'
  { 0x00, 0x0F, 0x2D, 0x3F, 0x2D, 0x28, 0x7F, 0x00 },
  { 0x00, 0x0F, 0x2D, 0x3F, 0x6D, 0x28, 0x7F, 0x00 },
  { 0x0F, 0x2D, 0x3F, 0x6D, 0x48, 0x3F, 0x40, 0x00 },
  { 0x00, 0x0F, 0x6D, 0x5F, 0x4D, 0x48, 0x5F, 0x00 },
  { 0x00, 0x07, 0x75, 0x4F, 0x55, 0x34, 0x57, 0x00 },
  { 0x07, 0x75, 0x4F, 0x55, 0x34, 0x5F, 0x30, 0x00 },
  { 0x00, 0x07, 0x75, 0x5F, 0x55, 0x54, 0x57, 0x00 },
  { 0x00, 0x07, 0x15, 0x5F, 0x75, 0x54, 0x4F, 0x00 },
  { 0x00, 0x07, 0x55, 0x7F, 0x55, 0x14, 0x77, 0x00 },
  { 0x00, 0x07, 0x55, 0x7F, 0x75, 0x54, 0x77, 0x00 },
  { 0x00, 0x07, 0x55, 0x7F, 0x75, 0x64, 0x77, 0x00 },
  { 0x07, 0x55, 0x7F, 0x55, 0x44, 0x37, 0x40, 0x00 },
  { 0x07, 0x55, 0x7F, 0x55, 0x74, 0x77, 0x50, 0x00 },
  { 0x07, 0x55, 0x7F, 0x75, 0x54, 0x77, 0x50, 0x00 },
  { 0x07, 0x55, 0x7F, 0x55, 0x34, 0x5F, 0x30, 0x00 },
  { 0x00, 0x07, 0x75, 0x5F, 0x55, 0x54, 0x77, 0x00 }, // '뜀'
  { 0x00, 0x07, 0x75, 0x6F, 0x65, 0x64, 0x77, 0x00 },
  { 0x07, 0x75, 0x6F, 0x75, 0x44, 0x37, 0x40, 0x00 },
  { 0x00, 0x07, 0x45, 0x2F, 0x15, 0x24, 0x4F, 0x00 },
  { 0x00, 0x07, 0x4D, 0x37, 0x45, 0x34, 0x4F, 0x00 },
  { 0x00, 0x07, 0x25, 0x5F, 0x55, 0x54, 0x2F, 0x00 },
  { 0x00, 0x07, 0x55, 0x3F, 0x15, 0x34, 0x57, 0x00 },
  { 0x00, 0x07, 0x25, 0x6F, 0x35, 0x64, 0x2F, 0x00 },
  { 0x00, 0x07, 0x15, 0x3F, 0x35, 0x34, 0x77, 0x00 },
  { 0x00, 0x07, 0x75, 0x7F, 0x75, 0x74, 0x57, 0x00 },
  { 0x00, 0x07, 0x55, 0x7F, 0x55, 0x74, 0x57, 0x00 },
  { 0x00, 0x07, 0x25, 0x6F, 0x55, 0x64, 0x2F, 0x00 },
  { 0x10, 0x17, 0x75, 0x17, 0x75, 0x15, 0x10, 0x00 },
  { 0x08, 0x2F, 0x3D, 0x2F, 0x3D, 0x6D, 0x08, 0x00 },
  { 0x08, 0x2F, 0x3D, 0x6F, 0x3D, 0x6D, 0x08, 0x00 },
  { 0x08, 0x2F, 0x3D, 0x6F, 0x5D, 0x2D, 0x48, 0x00 },
  { 0x08, 0x6F, 0x5D, 0x4F, 0x5D, 0x4D, 0x08, 0x00 }, // '뜐'
  { 0x04, 0x77, 0x4D, 0x57, 0x3D, 0x55, 0x04, 0x00 },
  { 0x04, 0x77, 0x4D, 0x57, 0x3D, 0x55, 0x34, 0x00 },
  { 0x04, 0x77, 0x5D, 0x57, 0x5D, 0x55, 0x04, 0x00 },
  { 0x04, 0x17, 0x5D, 0x77, 0x5D, 0x45, 0x04, 0x00 },
  { 0x04, 0x57, 0x7D, 0x57, 0x1D, 0x75, 0x04, 0x00 },
  { 0x04, 0x57, 0x7D, 0x77, 0x5D, 0x75, 0x04, 0x00 },
  { 0x04, 0x57, 0x7D, 0x57, 0x6D, 0x75, 0x04, 0x00 },
  { 0x04, 0x57, 0x7D, 0x57, 0x4D, 0x35, 0x44, 0x00 },
  { 0x04, 0x57, 0x7D, 0x57, 0x7D, 0x75, 0x54, 0x00 },
  { 0x04, 0x57, 0x7D, 0x77, 0x5D, 0x75, 0x54, 0x00 },
  { 0x04, 0x57, 0x7D, 0x57, 0x3D, 0x55, 0x34, 0x00 },
  { 0x04, 0x77, 0x5D, 0x57, 0x5D, 0x75, 0x04, 0x00 },
  { 0x04, 0x77, 0x6D, 0x67, 0x6D, 0x75, 0x04, 0x00 },
  { 0x04, 0x77, 0x6D, 0x77, 0x4D, 0x35, 0x44, 0x00 },
  { 0x04, 0x47, 0x2D, 0x17, 0x2D, 0x45, 0x04, 0x00 },
  { 0x04, 0x47, 0x2D, 0x47, 0x2D, 0x45, 0x04, 0x00 }, // '뜠'
  { 0x04, 0x27, 0x5D, 0x57, 0x5D, 0x25, 0x04, 0x00 },
  { 0x04, 0x57, 0x3D, 0x17, 0x3D, 0x55, 0x04, 0x00 },
  { 0x04, 0x27, 0x6D, 0x37, 0x6D, 0x25, 0x04, 0x00 },
  { 0x04, 0x17, 0x3D, 0x37, 0x3D, 0x75, 0x04, 0x00 },
  { 0x04, 0x77, 0x7D, 0x77, 0x7D, 0x55, 0x04, 0x00 },
  { 0x04, 0x57, 0x7D, 0x57, 0x7D, 0x55, 0x04, 0x00 },
  { 0x04, 0x27, 0x6D, 0x57, 0x6D, 0x25, 0x04, 0x00 },
  { 0x20, 0x2F, 0x29, 0x2F, 0x29, 0x29, 0x20, 0x00 },
  { 0x08, 0x2F, 0x2D, 0x2F, 0x2D, 0x6D, 0x08, 0x00 },
  { 0x08, 0x2F, 0x2D, 0x6F, 0x2D, 0x6D, 0x08, 0x00 },
  { 0x08, 0x2F, 0x2D, 0x6F, 0x4D, 0x2D, 0x48, 0x00 },
  { 0x10, 0x77, 0x55, 0x57, 0x55, 0x55, 0x10, 0x00 },
  { 0x04, 0x77, 0x45, 0x57, 0x35, 0x55, 0x04, 0x00 },
  { 0x04, 0x77, 0x45, 0x57, 0x35, 0x55, 0x34, 0x00 },
  { 0x04, 0x77, 0x55, 0x57, 0x55, 0x55, 0x04, 0x00 },
  { 0x04, 0x6F, 0x6D, 0x5F, 0x5D, 0x5D, 0x04, 0x00 }, // '뜰'
  { 0x04, 0x6F, 0x5D, 0x5F, 0x15, 0x75, 0x04, 0x00 },
  { 0x04, 0x6F, 0x5D, 0x7F, 0x55, 0x75, 0x04, 0x00 },
  { 0x04, 0x6F, 0x5D, 0x7F, 0x55, 0x7D, 0x04, 0x00 },
  { 0x04, 0x6F, 0x5D, 0x5F, 0x45, 0x35, 0x44, 0x00 },
  { 0x04, 0x6F, 0x5D, 0x7F, 0x75, 0x55, 0x04, 0x00 },
  { 0x04, 0x6F, 0x5D, 0x7F, 0x55, 0x75, 0x54, 0x00 },
  { 0x04, 0x6F, 0x5D, 0x5F, 0x35, 0x5D, 0x34, 0x00 },
  { 0x08, 0x7F, 0x5D, 0x5F, 0x5D, 0x7D, 0x08, 0x00 },
  { 0x08, 0x7F, 0x6D, 0x6F, 0x6D, 0x7D, 0x08, 0x00 },
  { 0x08, 0x7F, 0x6D, 0x7F, 0x4D, 0x3D, 0x48, 0x00 },
  { 0x08, 0x4F, 0x2D, 0x1F, 0x2D, 0x4D, 0x08, 0x00 },
  { 0x08, 0x4F, 0x3D, 0x4F, 0x3D, 0x4D, 0x08, 0x00 },
  { 0x04, 0x27, 0x55, 0x57, 0x55, 0x25, 0x04, 0x00 },
  { 0x04, 0x57, 0x35, 0x17, 0x35, 0x55, 0x04, 0x00 },
  { 0x04, 0x57, 0x35, 0x1F, 0x35, 0x55, 0x04, 0x00 },
  { 0x04, 0x17, 0x35, 0x37, 0x35, 0x75, 0x04, 0x00 }, // '띀'
  { 0x04, 0x77, 0x75, 0x77, 0x75, 0x55, 0x04, 0x00 },
  { 0x04, 0x57, 0x75, 0x57, 0x75, 0x55, 0x04, 0x00 },
  { 0x04, 0x17, 0x35, 0x5F, 0x35, 0x15, 0x04, 0x00 },
  { 0x00, 0x2F, 0x29, 0x2F, 0x29, 0x20, 0x7F, 0x00 },
  { 0x00, 0x0F, 0x2D, 0x2F, 0x2D, 0x28, 0x6F, 0x00 },
  { 0x00, 0x0F, 0x2D, 0x2F, 0x6D, 0x28, 0x6F, 0x00 },
  { 0x0F, 0x2D, 0x2F, 0x6D, 0x48, 0x2F, 0x40, 0x00 },
  { 0x00, 0x17, 0x75, 0x57, 0x55, 0x50, 0x5F, 0x00 },
  { 0x00, 0x0F, 0x6D, 0x4F, 0x5D, 0x38, 0x5F, 0x00 },
  { 0x0F, 0x6D, 0x4F, 0x4D, 0x28, 0x5F, 0x20, 0x00 },
  { 0x00, 0x0F, 0x7D, 0x5F, 0x5D, 0x58, 0x5F, 0x00 },
  { 0x00, 0x0F, 0x6D, 0x6F, 0x5D, 0x58, 0x5F, 0x00 },
  { 0x00, 0x0F, 0x6D, 0x5F, 0x5D, 0x18, 0x7F, 0x00 },
  { 0x00, 0x0F, 0x6D, 0x5F, 0x7D, 0x58, 0x7F, 0x00 },
  { 0x00, 0x0F, 0x6D, 0x5F, 0x7D, 0x68, 0x7F, 0x00 },
  { 0x0F, 0x6D, 0x5F, 0x5D, 0x48, 0x3F, 0x40, 0x00 }, // '띐'
  { 0x00, 0x0F, 0x6D, 0x5F, 0x7D, 0x78, 0x5F, 0x00 },
  { 0x0F, 0x6D, 0x5F, 0x7D, 0x58, 0x7F, 0x50, 0x00 },
  { 0x0F, 0x6D, 0x5F, 0x5D, 0x28, 0x5F, 0x20, 0x00 },
  { 0x00, 0x0F, 0x7D, 0x5F, 0x5D, 0x58, 0x7F, 0x00 },
  { 0x00, 0x0F, 0x7D, 0x6F, 0x6D, 0x68, 0x7F, 0x00 },
  { 0x0F, 0x7D, 0x6F, 0x7D, 0x48, 0x3F, 0x40, 0x00 },
  { 0x00, 0x0F, 0x4D, 0x2F, 0x1D, 0x28, 0x4F, 0x00 },
  { 0x00, 0x0F, 0x4D, 0x3F, 0x4D, 0x38, 0x4F, 0x00 },
  { 0x00, 0x0F, 0x2D, 0x5F, 0x5D, 0x58, 0x2F, 0x00 },
  { 0x00, 0x0F, 0x5D, 0x3F, 0x1D, 0x38, 0x5F, 0x00 },
  { 0x00, 0x0F, 0x2D, 0x6F, 0x3D, 0x68, 0x2F, 0x00 },
  { 0x00, 0x0F, 0x1D, 0x3F, 0x3D, 0x38, 0x7F, 0x00 },
  { 0x00, 0x0F, 0x7D, 0x5F, 0x5D, 0x58, 0x4F, 0x00 },
  { 0x00, 0x0F, 0x5D, 0x7F, 0x5D, 0x78, 0x5F, 0x00 },
  { 0x00, 0x0F, 0x2D, 0x6F, 0x5D, 0x68, 0x2F, 0x00 },
  { 0x00, 0x3F, 0x21, 0x3F, 0x21, 0x00, 0x7F, 0x00 }, // '띠'
  { 0x00, 0x0F, 0x29, 0x2F, 0x29, 0x20, 0x6F, 0x00 },
  { 0x00, 0x0F, 0x29, 0x2F, 0x69, 0x20, 0x6F, 0x00 },
  { 0x0F, 0x29, 0x2F, 0x69, 0x40, 0x2F, 0x40, 0x00 },
  { 0x00, 0x0F, 0x69, 0x4F, 0x49, 0x40, 0x5F, 0x00 },
  { 0x00, 0x07, 0x75, 0x47, 0x55, 0x30, 0x57, 0x00 },
  { 0x07, 0x75, 0x47, 0x55, 0x30, 0x5F, 0x30, 0x00 },
  { 0x00, 0x07, 0x75, 0x57, 0x55, 0x50, 0x57, 0x00 },
  { 0x00, 0x07, 0x6D, 0x6F, 0x5D, 0x58, 0x5F, 0x00 },
  { 0x00, 0x07, 0x6D, 0x5F, 0x5D, 0x08, 0x7F, 0x00 },
  { 0x00, 0x07, 0x6D, 0x5F, 0x7D, 0x48, 0x7F, 0x00 },
  { 0x00, 0x07, 0x6D, 0x5F, 0x7D, 0x50, 0x7F, 0x00 },
  { 0x07, 0x6D, 0x5F, 0x5D, 0x40, 0x37, 0x40, 0x00 },
  { 0x00, 0x07, 0x6D, 0x5F, 0x7D, 0x58, 0x4F, 0x00 },
  { 0x07, 0x6D, 0x5F, 0x7D, 0x48, 0x7F, 0x48, 0x00 },
  { 0x07, 0x6D, 0x5F, 0x5D, 0x30, 0x5F, 0x30, 0x00 },
  { 0x00, 0x07, 0x75, 0x57, 0x55, 0x50, 0x77, 0x00 }, // '띰'
  { 0x00, 0x0F, 0x79, 0x6F, 0x69, 0x60, 0x7F, 0x00 },
  { 0x0F, 0x79, 0x6F, 0x79, 0x40, 0x37, 0x40, 0x00 },
  { 0x00, 0x0F, 0x49, 0x2F, 0x19, 0x20, 0x4F, 0x00 },
  { 0x00, 0x0F, 0x49, 0x3F, 0x49, 0x30, 0x4F, 0x00 },
  { 0x00, 0x07, 0x25, 0x57, 0x55, 0x50, 0x27, 0x00 },
  { 0x00, 0x07, 0x55, 0x37, 0x15, 0x30, 0x57, 0x00 },
  { 0x00, 0x07, 0x55, 0x37, 0x1D, 0x30, 0x57, 0x00 },
  { 0x00, 0x07, 0x15, 0x37, 0x35, 0x30, 0x77, 0x00 },
  { 0x00, 0x07, 0x7D, 0x5F, 0x5D, 0x58, 0x4F, 0x00 },
  { 0x00, 0x07, 0x55, 0x77, 0x55, 0x70, 0x57, 0x00 },
  { 0x00, 0x07, 0x15, 0x37, 0x5D, 0x30, 0x17, 0x00 },
  { 0x3D, 0x25, 0x25, 0x27, 0x00, 0x7F, 0x08, 0x00 },
  { 0x0D, 0x2D, 0x2B, 0x2B, 0x20, 0x6F, 0x02, 0x00 },
  { 0x0D, 0x2D, 0x2B, 0x6B, 0x20, 0x6F, 0x02, 0x00 },
  { 0x0D, 0x2D, 0x2B, 0x6B, 0x40, 0x2F, 0x42, 0x00 },
  { 0x0D, 0x6D, 0x4B, 0x4B, 0x40, 0x4F, 0x02, 0x00 }, // '란'
  { 0x0D, 0x6D, 0x4B, 0x5B, 0x30, 0x5F, 0x02, 0x00 },
  { 0x0D, 0x6D, 0x4B, 0x4B, 0x30, 0x5F, 0x32, 0x00 },
  { 0x0D, 0x7D, 0x5B, 0x5B, 0x50, 0x5F, 0x02, 0x00 },
  { 0x0D, 0x6D, 0x6B, 0x5B, 0x58, 0x5F, 0x02, 0x00 },
  { 0x0D, 0x6D, 0x5B, 0x5B, 0x10, 0x7F, 0x02, 0x00 },
  { 0x0D, 0x6D, 0x5B, 0x7B, 0x50, 0x7F, 0x02, 0x00 },
  { 0x0D, 0x6D, 0x5B, 0x7B, 0x60, 0x7F, 0x02, 0x00 },
  { 0x0D, 0x6D, 0x5B, 0x5B, 0x40, 0x37, 0x42, 0x00 },
  { 0x0D, 0x6D, 0x5B, 0x7B, 0x70, 0x5F, 0x02, 0x00 },
  { 0x0D, 0x6D, 0x5B, 0x7B, 0x50, 0x7F, 0x52, 0x00 },
  { 0x0D, 0x6D, 0x5B, 0x5B, 0x30, 0x5F, 0x32, 0x00 },
  { 0x0D, 0x7D, 0x5B, 0x5B, 0x50, 0x7F, 0x02, 0x00 },
  { 0x0D, 0x7D, 0x6B, 0x6B, 0x60, 0x7F, 0x02, 0x00 },
  { 0x0D, 0x7D, 0x6B, 0x7B, 0x40, 0x37, 0x42, 0x00 },
  { 0x0D, 0x4D, 0x2B, 0x1B, 0x20, 0x4F, 0x02, 0x00 },
  { 0x0D, 0x4D, 0x3B, 0x4B, 0x30, 0x4F, 0x02, 0x00 }, // '랐'
  { 0x0D, 0x2D, 0x5B, 0x5B, 0x50, 0x2F, 0x02, 0x00 },
  { 0x0D, 0x5D, 0x3B, 0x1B, 0x30, 0x5F, 0x02, 0x00 },
  { 0x0D, 0x2D, 0x6B, 0x3B, 0x60, 0x2F, 0x02, 0x00 },
  { 0x0D, 0x1D, 0x3B, 0x3B, 0x30, 0x7F, 0x02, 0x00 },
  { 0x0D, 0x7D, 0x5B, 0x5B, 0x58, 0x4F, 0x02, 0x00 },
  { 0x0D, 0x5D, 0x7B, 0x5B, 0x70, 0x5F, 0x02, 0x00 },
  { 0x0D, 0x2D, 0x6B, 0x5B, 0x60, 0x2F, 0x02, 0x00 },
  { 0x3D, 0x25, 0x27, 0x00, 0x7F, 0x08, 0x7F, 0x00 },
  { 0x0D, 0x2B, 0x2B, 0x20, 0x2F, 0x22, 0x6F, 0x00 },
  { 0x0D, 0x2B, 0x2B, 0x60, 0x2F, 0x22, 0x6F, 0x00 },
  { 0x0D, 0x2B, 0x2B, 0x60, 0x4F, 0x22, 0x4F, 0x00 },
  { 0x0D, 0x6B, 0x4B, 0x40, 0x5F, 0x44, 0x5F, 0x00 },
  { 0x0D, 0x6B, 0x4B, 0x40, 0x5F, 0x32, 0x5F, 0x00 },
  { 0x0D, 0x6B, 0x4B, 0x40, 0x2F, 0x52, 0x2F, 0x00 },
  { 0x0D, 0x7B, 0x5B, 0x50, 0x5F, 0x52, 0x5F, 0x00 },
  { 0x0D, 0x6B, 0x6B, 0x58, 0x5F, 0x5A, 0x5F, 0x00 }, // '랠'
  { 0x0D, 0x6B, 0x5B, 0x58, 0x1F, 0x12, 0x7F, 0x00 },
  { 0x0D, 0x6B, 0x5B, 0x58, 0x7F, 0x52, 0x7F, 0x00 },
  { 0x0D, 0x6B, 0x5B, 0x58, 0x7F, 0x62, 0x7F, 0x00 },
  { 0x0D, 0x6B, 0x5B, 0x58, 0x4F, 0x32, 0x4F, 0x00 },
  { 0x0D, 0x6B, 0x5B, 0x58, 0x7F, 0x72, 0x5F, 0x00 },
  { 0x0D, 0x6B, 0x5B, 0x78, 0x5F, 0x72, 0x5F, 0x00 },
  { 0x0D, 0x6B, 0x5B, 0x58, 0x2F, 0x52, 0x2F, 0x00 },
  { 0x0D, 0x7B, 0x5B, 0x50, 0x5F, 0x52, 0x7F, 0x00 },
  { 0x0D, 0x7B, 0x6B, 0x60, 0x6F, 0x62, 0x7F, 0x00 },
  { 0x0D, 0x7B, 0x6B, 0x70, 0x4F, 0x32, 0x4F, 0x00 },
  { 0x0D, 0x4B, 0x2B, 0x10, 0x2F, 0x42, 0x0F, 0x00 },
  { 0x0D, 0x4B, 0x3B, 0x40, 0x37, 0x42, 0x0F, 0x00 },
  { 0x0D, 0x2B, 0x5B, 0x50, 0x5F, 0x52, 0x2F, 0x00 },
  { 0x0D, 0x5B, 0x5B, 0x30, 0x3F, 0x52, 0x5F, 0x00 },
  { 0x0D, 0x2B, 0x6B, 0x30, 0x2F, 0x62, 0x2F, 0x00 },
  { 0x0D, 0x1B, 0x3B, 0x30, 0x3F, 0x32, 0x7F, 0x00 }, // '랰'
  { 0x0D, 0x7B, 0x5B, 0x58, 0x5F, 0x5A, 0x4F, 0x00 },
  { 0x0D, 0x5B, 0x7B, 0x50, 0x5F, 0x72, 0x5F, 0x00 },
  { 0x0D, 0x2B, 0x6B, 0x50, 0x6F, 0x62, 0x2F, 0x00 },
  { 0x3D, 0x25, 0x25, 0x27, 0x00, 0x7F, 0x12, 0x00 },
  { 0x0D, 0x2D, 0x2B, 0x2B, 0x20, 0x7F, 0x0A, 0x00 },
  { 0x0D, 0x2D, 0x2B, 0x6B, 0x20, 0x7F, 0x0A, 0x00 },
  { 0x0D, 0x2D, 0x2B, 0x6B, 0x40, 0x3F, 0x4A, 0x00 },
  { 0x0D, 0x6D, 0x4B, 0x4B, 0x40, 0x5F, 0x0A, 0x00 },
  { 0x0D, 0x6D, 0x4B, 0x4B, 0x50, 0x3F, 0x55, 0x00 },
  { 0x0D, 0x6D, 0x4B, 0x4B, 0x30, 0x5F, 0x35, 0x00 },
  { 0x0D, 0x7D, 0x5B, 0x5B, 0x50, 0x5F, 0x0A, 0x00 },
  { 0x0D, 0x6D, 0x6B, 0x5B, 0x58, 0x5F, 0x05, 0x00 },
  { 0x0D, 0x6D, 0x5B, 0x5B, 0x10, 0x7F, 0x05, 0x00 },
  { 0x0D, 0x6D, 0x5B, 0x7B, 0x50, 0x7F, 0x05, 0x00 },
  { 0x0D, 0x6D, 0x5B, 0x7B, 0x60, 0x7F, 0x05, 0x00 },
  { 0x0D, 0x6D, 0x5B, 0x5B, 0x40, 0x2F, 0x45, 0x00 }, // '럀'
  { 0x0D, 0x6D, 0x5B, 0x7B, 0x70, 0x5F, 0x05, 0x00 },
  { 0x0D, 0x6D, 0x5B, 0x7B, 0x50, 0x7F, 0x55, 0x00 },
  { 0x0D, 0x6D, 0x5B, 0x5B, 0x30, 0x5F, 0x35, 0x00 },
  { 0x0D, 0x7D, 0x5B, 0x5B, 0x50, 0x7F, 0x0A, 0x00 },
  { 0x0D, 0x7D, 0x6B, 0x6B, 0x60, 0x7F, 0x0A, 0x00 },
  { 0x0D, 0x7D, 0x6B, 0x7B, 0x40, 0x3F, 0x4A, 0x00 },
  { 0x0D, 0x4D, 0x2B, 0x1B, 0x20, 0x5F, 0x0A, 0x00 },
  { 0x0D, 0x4D, 0x3B, 0x4B, 0x30, 0x4F, 0x0A, 0x00 },
  { 0x0D, 0x2D, 0x5B, 0x5B, 0x50, 0x2F, 0x0A, 0x00 },
  { 0x0D, 0x5D, 0x3B, 0x1B, 0x30, 0x5F, 0x0A, 0x00 },
  { 0x0D, 0x2D, 0x6B, 0x3B, 0x60, 0x2F, 0x0A, 0x00 },
  { 0x0D, 0x1D, 0x3B, 0x3B, 0x30, 0x7F, 0x0A, 0x00 },
  { 0x0D, 0x7D, 0x5B, 0x5B, 0x58, 0x4F, 0x05, 0x00 },
  { 0x0D, 0x5D, 0x7B, 0x5B, 0x70, 0x5F, 0x0A, 0x00 },
  { 0x0D, 0x2D, 0x6B, 0x5B, 0x60, 0x2F, 0x0A, 0x00 },
  { 0x3D, 0x25, 0x27, 0x00, 0x7F, 0x12, 0x7F, 0x00 }, // '럐'
  { 0x0D, 0x2B, 0x2B, 0x20, 0x3F, 0x2A, 0x7F, 0x00 },
  { 0x0D, 0x2B, 0x2B, 0x60, 0x3F, 0x2A, 0x7F, 0x00 },
  { 0x0D, 0x2B, 0x2B, 0x60, 0x5F, 0x2A, 0x5F, 0x00 },
  { 0x0D, 0x6B, 0x4B, 0x40, 0x5F, 0x4A, 0x5F, 0x00 },
  { 0x0D, 0x6B, 0x4B, 0x40, 0x5F, 0x35, 0x5F, 0x00 },
  { 0x0D, 0x6B, 0x4B, 0x40, 0x2F, 0x55, 0x2F, 0x00 },
  { 0x0D, 0x7B, 0x5B, 0x50, 0x5F, 0x55, 0x5F, 0x00 },
  { 0x0D, 0x6B, 0x6B, 0x58, 0x5F, 0x55, 0x5F, 0x00 },
  { 0x0D, 0x6B, 0x5B, 0x58, 0x1F, 0x15, 0x7F, 0x00 },
  { 0x0D, 0x6B, 0x5B, 0x58, 0x7F, 0x55, 0x7F, 0x00 },
  { 0x0D, 0x6B, 0x5B, 0x58, 0x7F, 0x65, 0x7F, 0x00 },
  { 0x0D, 0x6B, 0x5B, 0x58, 0x4F, 0x35, 0x4F, 0x00 },
  { 0x0D, 0x6B, 0x5B, 0x58, 0x7F, 0x75, 0x5F, 0x00 },
  { 0x0D, 0x6B, 0x5B, 0x78, 0x5F, 0x75, 0x5F, 0x00 },
  { 0x0D, 0x6B, 0x5B, 0x58, 0x2F, 0x55, 0x2F, 0x00 },
  { 0x0D, 0x7B, 0x5B, 0x50, 0x5F, 0x55, 0x7F, 0x00 }, // '럠'
  { 0x0D, 0x7B, 0x6B, 0x60, 0x6F, 0x65, 0x7F, 0x00 },
  { 0x0D, 0x7B, 0x6B, 0x70, 0x4F, 0x35, 0x4F, 0x00 },
  { 0x0D, 0x4B, 0x2B, 0x10, 0x2F, 0x4A, 0x0F, 0x00 },
  { 0x0D, 0x4B, 0x2B, 0x40, 0x2F, 0x4A, 0x0F, 0x00 },
  { 0x0D, 0x2B, 0x5B, 0x50, 0x5F, 0x55, 0x2F, 0x00 },
  { 0x0D, 0x5B, 0x5B, 0x30, 0x3F, 0x55, 0x5F, 0x00 },
  { 0x0D, 0x2B, 0x6B, 0x30, 0x2F, 0x65, 0x2F, 0x00 },
  { 0x0D, 0x1B, 0x3B, 0x30, 0x3F, 0x35, 0x7F, 0x00 },
  { 0x0D, 0x7B, 0x5B, 0x58, 0x5F, 0x55, 0x4F, 0x00 },
  { 0x0D, 0x5B, 0x7B, 0x50, 0x5F, 0x75, 0x5F, 0x00 },
  { 0x0D, 0x2B, 0x6B, 0x50, 0x6F, 0x65, 0x2F, 0x00 },
  { 0x00, 0x3D, 0x25, 0x27, 0x20, 0x04, 0x7F, 0x00 },
  { 0x00, 0x0D, 0x2B, 0x2B, 0x28, 0x22, 0x6F, 0x00 },
  { 0x00, 0x0D, 0x2B, 0x2B, 0x68, 0x22, 0x6F, 0x00 },
  { 0x0D, 0x2B, 0x2B, 0x68, 0x42, 0x2F, 0x40, 0x00 },
  { 0x00, 0x0D, 0x6B, 0x4B, 0x48, 0x42, 0x5F, 0x00 }, // '런'
  { 0x00, 0x0D, 0x6B, 0x4B, 0x50, 0x32, 0x5F, 0x00 },
  { 0x0D, 0x6B, 0x4B, 0x50, 0x32, 0x5F, 0x30, 0x00 },
  { 0x00, 0x0D, 0x7B, 0x5B, 0x58, 0x52, 0x5F, 0x00 },
  { 0x00, 0x0D, 0x6B, 0x6B, 0x58, 0x5A, 0x5F, 0x00 },
  { 0x00, 0x0D, 0x6B, 0x5B, 0x58, 0x12, 0x7F, 0x00 },
  { 0x00, 0x0D, 0x6B, 0x5B, 0x78, 0x52, 0x7F, 0x00 },
  { 0x00, 0x0D, 0x6B, 0x5B, 0x78, 0x62, 0x7F, 0x00 },
  { 0x0D, 0x6B, 0x5B, 0x58, 0x42, 0x37, 0x40, 0x00 },
  { 0x00, 0x0D, 0x6B, 0x5B, 0x78, 0x72, 0x5F, 0x00 },
  { 0x0D, 0x6B, 0x5B, 0x78, 0x52, 0x7F, 0x50, 0x00 },
  { 0x0D, 0x6B, 0x5B, 0x58, 0x32, 0x5F, 0x30, 0x00 },
  { 0x00, 0x0D, 0x7B, 0x5B, 0x58, 0x52, 0x7F, 0x00 },
  { 0x00, 0x0D, 0x7B, 0x6B, 0x68, 0x62, 0x7F, 0x00 },
  { 0x0D, 0x7B, 0x6B, 0x78, 0x42, 0x37, 0x40, 0x00 },
  { 0x00, 0x0D, 0x4B, 0x2B, 0x18, 0x22, 0x4F, 0x00 },
  { 0x00, 0x0D, 0x4B, 0x3B, 0x48, 0x32, 0x4F, 0x00 }, // '렀'
  { 0x00, 0x0D, 0x2B, 0x5B, 0x58, 0x52, 0x2F, 0x00 },
  { 0x00, 0x0D, 0x5B, 0x3B, 0x18, 0x32, 0x5F, 0x00 },
  { 0x00, 0x0D, 0x2B, 0x6B, 0x38, 0x62, 0x2F, 0x00 },
  { 0x00, 0x0D, 0x1B, 0x3B, 0x38, 0x32, 0x7F, 0x00 },
  { 0x00, 0x0D, 0x7B, 0x5B, 0x58, 0x5A, 0x4F, 0x00 },
  { 0x00, 0x0D, 0x5B, 0x7B, 0x58, 0x72, 0x5F, 0x00 },
  { 0x00, 0x0D, 0x2B, 0x6B, 0x58, 0x62, 0x2F, 0x00 },
  { 0x3D, 0x25, 0x27, 0x08, 0x7F, 0x00, 0x7F, 0x00 },
  { 0x0D, 0x2B, 0x2B, 0x24, 0x2F, 0x20, 0x6F, 0x00 },
  { 0x0D, 0x2B, 0x2B, 0x64, 0x2F, 0x20, 0x6F, 0x00 },
  { 0x0D, 0x2B, 0x2B, 0x64, 0x4F, 0x20, 0x4F, 0x00 },
  { 0x0D, 0x6B, 0x4B, 0x44, 0x5F, 0x40, 0x5F, 0x00 },
  { 0x0D, 0x6B, 0x4B, 0x44, 0x5F, 0x30, 0x5F, 0x00 },
  { 0x0D, 0x6B, 0x4B, 0x44, 0x2F, 0x50, 0x2F, 0x00 },
  { 0x0D, 0x7B, 0x5B, 0x54, 0x5F, 0x50, 0x5F, 0x00 },
  { 0x0D, 0x6B, 0x6B, 0x54, 0x5F, 0x58, 0x5F, 0x00 }, // '렐'
  { 0x0D, 0x6B, 0x5B, 0x54, 0x1F, 0x10, 0x7F, 0x00 },
  { 0x0D, 0x6B, 0x5B, 0x54, 0x7F, 0x50, 0x7F, 0x00 },
  { 0x0D, 0x6B, 0x5B, 0x54, 0x7F, 0x60, 0x7F, 0x00 },
  { 0x0D, 0x6B, 0x5B, 0x54, 0x4F, 0x30, 0x4F, 0x00 },
  { 0x0D, 0x6B, 0x5B, 0x54, 0x7F, 0x70, 0x5F, 0x00 },
  { 0x0D, 0x6B, 0x5B, 0x74, 0x5F, 0x70, 0x5F, 0x00 },
  { 0x0D, 0x6B, 0x5B, 0x54, 0x2F, 0x50, 0x2F, 0x00 },
  { 0x0D, 0x7B, 0x5B, 0x54, 0x5F, 0x50, 0x7F, 0x00 },
  { 0x0D, 0x7B, 0x6B, 0x64, 0x6F, 0x60, 0x7F, 0x00 },
  { 0x0D, 0x7B, 0x6B, 0x74, 0x4F, 0x30, 0x4F, 0x00 },
  { 0x0D, 0x4B, 0x2B, 0x14, 0x2F, 0x40, 0x0F, 0x00 },
  { 0x0D, 0x4B, 0x2B, 0x44, 0x2F, 0x40, 0x0F, 0x00 },
  { 0x0D, 0x2B, 0x5B, 0x54, 0x5F, 0x50, 0x2F, 0x00 },
  { 0x0D, 0x5B, 0x5B, 0x34, 0x3F, 0x50, 0x5F, 0x00 },
  { 0x0D, 0x2B, 0x6B, 0x34, 0x2F, 0x60, 0x2F, 0x00 },
  { 0x0D, 0x1B, 0x3B, 0x34, 0x3F, 0x30, 0x7F, 0x00 }, // '렠'
  { 0x0D, 0x7B, 0x7B, 0x74, 0x7F, 0x70, 0x5F, 0x00 },
  { 0x0D, 0x5B, 0x7B, 0x54, 0x5F, 0x70, 0x5F, 0x00 },
  { 0x0D, 0x2B, 0x6B, 0x54, 0x6F, 0x60, 0x2F, 0x00 },
  { 0x00, 0x3D, 0x25, 0x27, 0x20, 0x0A, 0x7F, 0x00 },
  { 0x00, 0x0D, 0x2B, 0x2B, 0x28, 0x25, 0x6F, 0x00 },
  { 0x00, 0x0D, 0x2B, 0x2B, 0x68, 0x25, 0x6F, 0x00 },
  { 0x0D, 0x2B, 0x2B, 0x68, 0x45, 0x2F, 0x40, 0x00 },
  { 0x00, 0x0D, 0x6B, 0x4B, 0x48, 0x45, 0x5F, 0x00 },
  { 0x00, 0x0D, 0x6B, 0x4B, 0x50, 0x35, 0x5F, 0x00 },
  { 0x0D, 0x6B, 0x4B, 0x50, 0x35, 0x5F, 0x30, 0x00 },
  { 0x00, 0x0D, 0x7B, 0x5B, 0x58, 0x55, 0x5F, 0x00 },
  { 0x00, 0x0D, 0x6B, 0x6B, 0x58, 0x55, 0x5F, 0x00 },
  { 0x00, 0x0D, 0x6B, 0x5B, 0x58, 0x15, 0x7F, 0x00 },
  { 0x00, 0x0D, 0x6B, 0x5B, 0x78, 0x55, 0x7F, 0x00 },
  { 0x00, 0x0D, 0x6B, 0x5B, 0x78, 0x65, 0x7F, 0x00 },
  { 0x0D, 0x6B, 0x5B, 0x58, 0x45, 0x2F, 0x40, 0x00 }, // '렰'
  { 0x00, 0x0D, 0x6B, 0x5B, 0x78, 0x75, 0x5F, 0x00 },
  { 0x0D, 0x6B, 0x5B, 0x78, 0x55, 0x7F, 0x50, 0x00 },
  { 0x0D, 0x6B, 0x5B, 0x58, 0x35, 0x5F, 0x30, 0x00 },
  { 0x00, 0x0D, 0x7B, 0x5B, 0x58, 0x55, 0x7F, 0x00 },
  { 0x00, 0x0D, 0x7B, 0x6B, 0x68, 0x65, 0x7F, 0x00 },
  { 0x0D, 0x7B, 0x6B, 0x78, 0x45, 0x2F, 0x40, 0x00 },
  { 0x00, 0x0D, 0x4B, 0x2B, 0x18, 0x25, 0x4F, 0x00 },
  { 0x00, 0x0D, 0x4B, 0x3B, 0x48, 0x35, 0x4F, 0x00 },
  { 0x00, 0x0D, 0x2B, 0x5B, 0x58, 0x55, 0x2F, 0x00 },
  { 0x00, 0x0D, 0x5B, 0x3B, 0x18, 0x35, 0x5F, 0x00 },
  { 0x00, 0x0D, 0x2B, 0x6B, 0x38, 0x65, 0x2F, 0x00 },
  { 0x00, 0x0D, 0x1B, 0x3B, 0x38, 0x35, 0x7F, 0x00 },
  { 0x00, 0x0D, 0x7B, 0x5B, 0x58, 0x55, 0x4F, 0x00 },
  { 0x00, 0x0D, 0x5B, 0x7B, 0x58, 0x75, 0x5F, 0x00 },
  { 0x00, 0x0D, 0x2B, 0x6B, 0x58, 0x65, 0x2F, 0x00 },
  { 0x3D, 0x25, 0x27, 0x0A, 0x7F, 0x00, 0x7F, 0x00 }, // '례'
  { 0x0D, 0x2B, 0x2B, 0x25, 0x2F, 0x20, 0x6F, 0x00 },
  { 0x0D, 0x2B, 0x2B, 0x65, 0x2F, 0x20, 0x6F, 0x00 },
  { 0x0D, 0x2B, 0x2B, 0x65, 0x4F, 0x20, 0x4F, 0x00 },
  { 0x0D, 0x6B, 0x4B, 0x45, 0x5F, 0x40, 0x5F, 0x00 },
  { 0x0D, 0x6B, 0x4B, 0x45, 0x5F, 0x30, 0x5F, 0x00 },
  { 0x0D, 0x6B, 0x4B, 0x45, 0x2F, 0x50, 0x2F, 0x00 },
  { 0x0D, 0x7B, 0x5B, 0x55, 0x5F, 0x50, 0x5F, 0x00 },
  { 0x0D, 0x6B, 0x6B, 0x55, 0x5F, 0x58, 0x5F, 0x00 },
  { 0x0D, 0x6B, 0x5B, 0x55, 0x1F, 0x10, 0x7F, 0x00 },
  { 0x0D, 0x6B, 0x5B, 0x55, 0x7F, 0x50, 0x7F, 0x00 },
  { 0x0D, 0x6B, 0x5B, 0x55, 0x7F, 0x60, 0x7F, 0x00 },
  { 0x0D, 0x6B, 0x5B, 0x55, 0x4F, 0x30, 0x4F, 0x00 },
  { 0x0D, 0x6B, 0x5B, 0x55, 0x7F, 0x70, 0x5F, 0x00 },
  { 0x0D, 0x6B, 0x5B, 0x75, 0x5F, 0x70, 0x5F, 0x00 },
  { 0x0D, 0x6B, 0x5B, 0x55, 0x2F, 0x50, 0x2F, 0x00 },
  { 0x0D, 0x7B, 0x5B, 0x55, 0x5F, 0x50, 0x7F, 0x00 }, // '롐'
  { 0x0D, 0x7B, 0x6B, 0x65, 0x6F, 0x60, 0x7F, 0x00 },
  { 0x0D, 0x7B, 0x6B, 0x75, 0x4F, 0x30, 0x4F, 0x00 },
  { 0x0D, 0x4B, 0x2B, 0x15, 0x2F, 0x40, 0x0F, 0x00 },
  { 0x0D, 0x4B, 0x2B, 0x45, 0x2F, 0x40, 0x0F, 0x00 },
  { 0x0D, 0x2B, 0x5B, 0x55, 0x5F, 0x50, 0x2F, 0x00 },
  { 0x0D, 0x5B, 0x5B, 0x35, 0x3F, 0x50, 0x5F, 0x00 },
  { 0x0D, 0x2B, 0x6B, 0x35, 0x2F, 0x60, 0x2F, 0x00 },
  { 0x0D, 0x1B, 0x3B, 0x35, 0x3F, 0x30, 0x7F, 0x00 },
  { 0x0D, 0x7B, 0x7B, 0x75, 0x7F, 0x70, 0x5F, 0x00 },
  { 0x0D, 0x5B, 0x7B, 0x55, 0x5F, 0x70, 0x5F, 0x00 },
  { 0x0D, 0x2B, 0x6B, 0x55, 0x6F, 0x60, 0x2F, 0x00 },
  { 0x20, 0x2D, 0x2D, 0x3B, 0x2B, 0x2B, 0x20, 0x00 },
  { 0x08, 0x29, 0x2B, 0x2F, 0x2B, 0x6A, 0x08, 0x00 },
  { 0x08, 0x29, 0x2B, 0x6F, 0x2B, 0x6A, 0x08, 0x00 },
  { 0x08, 0x29, 0x2B, 0x6F, 0x4B, 0x2A, 0x48, 0x00 },
  { 0x08, 0x69, 0x4B, 0x4F, 0x4B, 0x4A, 0x08, 0x00 }, // '론'
  { 0x08, 0x69, 0x4B, 0x5F, 0x3B, 0x5A, 0x08, 0x00 },
  { 0x08, 0x69, 0x4B, 0x4F, 0x2B, 0x5A, 0x28, 0x00 },
  { 0x08, 0x79, 0x5B, 0x5F, 0x5B, 0x5A, 0x08, 0x00 },
  { 0x08, 0x69, 0x6B, 0x5F, 0x5B, 0x5A, 0x08, 0x00 },
  { 0x08, 0x69, 0x5B, 0x5F, 0x1B, 0x7A, 0x08, 0x00 },
  { 0x08, 0x69, 0x5B, 0x7F, 0x5B, 0x7A, 0x08, 0x00 },
  { 0x08, 0x69, 0x5B, 0x7F, 0x6B, 0x7A, 0x08, 0x00 },
  { 0x08, 0x69, 0x5B, 0x5F, 0x4B, 0x3A, 0x48, 0x00 },
  { 0x08, 0x69, 0x5B, 0x7F, 0x7B, 0x5A, 0x08, 0x00 },
  { 0x08, 0x69, 0x5B, 0x7F, 0x5B, 0x7A, 0x58, 0x00 },
  { 0x08, 0x69, 0x5B, 0x5F, 0x2B, 0x5A, 0x28, 0x00 },
  { 0x08, 0x79, 0x5B, 0x5F, 0x5B, 0x7A, 0x08, 0x00 },
  { 0x08, 0x79, 0x6B, 0x6F, 0x6B, 0x7A, 0x08, 0x00 },
  { 0x08, 0x79, 0x6B, 0x7F, 0x4B, 0x3A, 0x48, 0x00 },
  { 0x08, 0x49, 0x2B, 0x1F, 0x2B, 0x4A, 0x08, 0x00 },
  { 0x08, 0x49, 0x3B, 0x4F, 0x3B, 0x4A, 0x08, 0x00 }, // '롰'
  { 0x08, 0x29, 0x5B, 0x5F, 0x5B, 0x2A, 0x08, 0x00 },
  { 0x08, 0x59, 0x3B, 0x1F, 0x3B, 0x5A, 0x08, 0x00 },
  { 0x08, 0x29, 0x6B, 0x3F, 0x6B, 0x2A, 0x08, 0x00 },
  { 0x08, 0x19, 0x3B, 0x3F, 0x3B, 0x7A, 0x08, 0x00 },
  { 0x08, 0x79, 0x7B, 0x7F, 0x7B, 0x5A, 0x08, 0x00 },
  { 0x08, 0x59, 0x7B, 0x5F, 0x7B, 0x5A, 0x08, 0x00 },
  { 0x08, 0x29, 0x6B, 0x5F, 0x6B, 0x2A, 0x08, 0x00 },
  { 0x2D, 0x2D, 0x3B, 0x2B, 0x20, 0x7F, 0x08, 0x00 },
  { 0x09, 0x2B, 0x2F, 0x2A, 0x28, 0x6F, 0x02, 0x00 },
  { 0x09, 0x2B, 0x2F, 0x6A, 0x28, 0x6F, 0x02, 0x00 },
  { 0x09, 0x2B, 0x2F, 0x6A, 0x48, 0x2F, 0x42, 0x00 },
  { 0x09, 0x6B, 0x4F, 0x4A, 0x48, 0x5F, 0x04, 0x00 },
  { 0x09, 0x6B, 0x4F, 0x5A, 0x38, 0x5F, 0x02, 0x00 },
  { 0x09, 0x6B, 0x4F, 0x4A, 0x28, 0x5F, 0x22, 0x00 },
  { 0x09, 0x7B, 0x5F, 0x5A, 0x58, 0x5F, 0x02, 0x00 },
  { 0x09, 0x6B, 0x6F, 0x5A, 0x58, 0x5F, 0x02, 0x00 }, // '뢀'
  { 0x09, 0x6B, 0x5F, 0x5A, 0x18, 0x7F, 0x02, 0x00 },
  { 0x09, 0x6B, 0x5F, 0x7A, 0x58, 0x7F, 0x02, 0x00 },
  { 0x09, 0x6B, 0x5F, 0x7A, 0x68, 0x7F, 0x02, 0x00 },
  { 0x09, 0x6B, 0x5F, 0x5A, 0x48, 0x3F, 0x42, 0x00 },
  { 0x09, 0x6B, 0x5F, 0x7A, 0x78, 0x5F, 0x02, 0x00 },
  { 0x09, 0x6B, 0x5F, 0x7A, 0x58, 0x7F, 0x52, 0x00 },
  { 0x09, 0x6B, 0x5F, 0x5A, 0x28, 0x5F, 0x22, 0x00 },
  { 0x09, 0x7B, 0x5F, 0x5A, 0x58, 0x7F, 0x02, 0x00 },
  { 0x09, 0x7B, 0x6F, 0x6A, 0x68, 0x7F, 0x02, 0x00 },
  { 0x09, 0x7B, 0x6F, 0x7A, 0x48, 0x3F, 0x42, 0x00 },
  { 0x09, 0x4B, 0x2F, 0x1A, 0x28, 0x4F, 0x02, 0x00 },
  { 0x09, 0x4B, 0x2F, 0x4A, 0x28, 0x4F, 0x02, 0x00 },
  { 0x09, 0x2B, 0x5F, 0x5A, 0x58, 0x2F, 0x02, 0x00 },
  { 0x09, 0x5B, 0x3F, 0x1A, 0x38, 0x5F, 0x02, 0x00 },
  { 0x09, 0x2B, 0x6F, 0x3A, 0x68, 0x2F, 0x02, 0x00 },
  { 0x09, 0x1B, 0x3F, 0x3A, 0x38, 0x7F, 0x02, 0x00 }, // '뢐'
  { 0x09, 0x7B, 0x7F, 0x7A, 0x78, 0x5F, 0x02, 0x00 },
  { 0x09, 0x5B, 0x7F, 0x5A, 0x78, 0x5F, 0x02, 0x00 },
  { 0x09, 0x2B, 0x6F, 0x5A, 0x68, 0x2F, 0x02, 0x00 },
  { 0x2D, 0x3B, 0x2B, 0x20, 0x7F, 0x08, 0x7F, 0x00 },
  { 0x09, 0x2B, 0x2F, 0x2A, 0x2F, 0x22, 0x6F, 0x00 },
  { 0x09, 0x2B, 0x2F, 0x6A, 0x2F, 0x22, 0x6F, 0x00 },
  { 0x09, 0x2B, 0x2F, 0x6A, 0x4F, 0x22, 0x4F, 0x00 },
  { 0x09, 0x6B, 0x4F, 0x4A, 0x5F, 0x44, 0x5F, 0x00 },
  { 0x09, 0x6B, 0x4F, 0x4A, 0x5F, 0x32, 0x5F, 0x00 },
  { 0x09, 0x6B, 0x4F, 0x4A, 0x2F, 0x52, 0x2F, 0x00 },
  { 0x09, 0x7B, 0x5F, 0x5A, 0x5F, 0x52, 0x5F, 0x00 },
  { 0x09, 0x6B, 0x6F, 0x5A, 0x5F, 0x5A, 0x5F, 0x00 },
  { 0x09, 0x6B, 0x5F, 0x5A, 0x1F, 0x12, 0x7F, 0x00 },
  { 0x09, 0x6B, 0x5F, 0x5A, 0x7F, 0x52, 0x7F, 0x00 },
  { 0x09, 0x6B, 0x5F, 0x5A, 0x7F, 0x62, 0x7F, 0x00 },
  { 0x09, 0x6B, 0x5F, 0x5A, 0x4F, 0x32, 0x4F, 0x00 }, // '뢠'
  { 0x09, 0x6B, 0x5F, 0x5A, 0x7F, 0x72, 0x5F, 0x00 },
  { 0x09, 0x6B, 0x5F, 0x7A, 0x5F, 0x72, 0x5F, 0x00 },
  { 0x09, 0x6B, 0x5F, 0x5A, 0x2F, 0x52, 0x2F, 0x00 },
  { 0x09, 0x7B, 0x5F, 0x5A, 0x5F, 0x52, 0x7F, 0x00 },
  { 0x09, 0x7B, 0x6F, 0x6A, 0x6F, 0x62, 0x7F, 0x00 },
  { 0x09, 0x7B, 0x6F, 0x7A, 0x4F, 0x32, 0x4F, 0x00 },
  { 0x09, 0x4B, 0x2F, 0x1A, 0x2F, 0x42, 0x0F, 0x00 },
  { 0x09, 0x4B, 0x3F, 0x4A, 0x3F, 0x42, 0x0F, 0x00 },
  { 0x09, 0x2B, 0x5F, 0x5A, 0x5F, 0x52, 0x3F, 0x00 },
  { 0x09, 0x5B, 0x5F, 0x3A, 0x3F, 0x52, 0x5F, 0x00 },
  { 0x09, 0x2B, 0x6F, 0x3A, 0x2F, 0x62, 0x2F, 0x00 },
  { 0x09, 0x1B, 0x3F, 0x3A, 0x3F, 0x32, 0x7F, 0x00 },
  { 0x09, 0x7B, 0x5F, 0x5A, 0x5F, 0x5A, 0x4F, 0x00 },
  { 0x09, 0x5B, 0x7F, 0x5A, 0x5F, 0x72, 0x5F, 0x00 },
  { 0x09, 0x2B, 0x6F, 0x5A, 0x6F, 0x62, 0x2F, 0x00 },
  { 0x00, 0x2D, 0x2D, 0x3B, 0x2B, 0x20, 0x7F, 0x00 }, // '뢰'
  { 0x00, 0x09, 0x2B, 0x2F, 0x2A, 0x28, 0x6F, 0x00 },
  { 0x00, 0x09, 0x2B, 0x2F, 0x6A, 0x28, 0x6F, 0x00 },
  { 0x09, 0x2B, 0x2F, 0x6A, 0x48, 0x2F, 0x40, 0x00 },
  { 0x00, 0x09, 0x6B, 0x4F, 0x4A, 0x48, 0x5F, 0x00 },
  { 0x00, 0x09, 0x6B, 0x4F, 0x5A, 0x38, 0x5F, 0x00 },
  { 0x09, 0x6B, 0x4F, 0x4A, 0x28, 0x5F, 0x20, 0x00 },
  { 0x00, 0x09, 0x7B, 0x5F, 0x5A, 0x58, 0x5F, 0x00 },
  { 0x00, 0x09, 0x6B, 0x6F, 0x5A, 0x58, 0x5F, 0x00 },
  { 0x00, 0x09, 0x6B, 0x5F, 0x5A, 0x18, 0x7F, 0x00 },
  { 0x00, 0x09, 0x6B, 0x5F, 0x7A, 0x58, 0x7F, 0x00 },
  { 0x00, 0x09, 0x6B, 0x5F, 0x7A, 0x68, 0x7F, 0x00 },
  { 0x09, 0x6B, 0x5F, 0x5A, 0x48, 0x3F, 0x40, 0x00 },
  { 0x00, 0x09, 0x6B, 0x5F, 0x7A, 0x78, 0x5F, 0x00 },
  { 0x09, 0x6B, 0x5F, 0x7A, 0x58, 0x7F, 0x50, 0x00 },
  { 0x09, 0x6B, 0x5F, 0x5A, 0x28, 0x5F, 0x20, 0x00 },
  { 0x00, 0x09, 0x7B, 0x5F, 0x5A, 0x58, 0x7F, 0x00 }, // '룀'
  { 0x00, 0x09, 0x7B, 0x6F, 0x6A, 0x68, 0x7F, 0x00 },
  { 0x09, 0x7B, 0x6F, 0x7A, 0x48, 0x3F, 0x40, 0x00 },
  { 0x00, 0x09, 0x4B, 0x2F, 0x1A, 0x28, 0x4F, 0x00 },
  { 0x00, 0x09, 0x4B, 0x2F, 0x4A, 0x28, 0x4F, 0x00 },
  { 0x00, 0x09, 0x2B, 0x5F, 0x5A, 0x58, 0x2F, 0x00 },
  { 0x00, 0x09, 0x5B, 0x3F, 0x1A, 0x38, 0x5F, 0x00 },
  { 0x00, 0x09, 0x2B, 0x6F, 0x3A, 0x68, 0x2F, 0x00 },
  { 0x00, 0x09, 0x1B, 0x3F, 0x3A, 0x38, 0x7F, 0x00 },
  { 0x00, 0x09, 0x7B, 0x7F, 0x7A, 0x78, 0x5F, 0x00 },
  { 0x00, 0x09, 0x5B, 0x7F, 0x5A, 0x78, 0x5F, 0x00 },
  { 0x00, 0x09, 0x2B, 0x6F, 0x5A, 0x68, 0x2F, 0x00 },
  { 0x20, 0x2D, 0x3D, 0x2B, 0x3B, 0x2B, 0x20, 0x00 },
  { 0x08, 0x29, 0x2F, 0x2B, 0x2F, 0x6A, 0x08, 0x00 },
  { 0x08, 0x29, 0x2F, 0x6B, 0x2F, 0x6A, 0x08, 0x00 },
  { 0x08, 0x29, 0x2F, 0x6B, 0x4F, 0x2A, 0x48, 0x00 },
  { 0x08, 0x69, 0x4F, 0x4B, 0x4F, 0x4A, 0x08, 0x00 }, // '룐'
  { 0x08, 0x69, 0x4F, 0x5B, 0x3F, 0x5A, 0x08, 0x00 },
  { 0x08, 0x69, 0x4F, 0x4B, 0x2F, 0x5A, 0x28, 0x00 },
  { 0x08, 0x79, 0x5F, 0x5B, 0x5F, 0x5A, 0x08, 0x00 },
  { 0x08, 0x69, 0x6F, 0x5B, 0x5F, 0x5A, 0x08, 0x00 },
  { 0x08, 0x69, 0x5F, 0x5B, 0x1F, 0x7A, 0x08, 0x00 },
  { 0x08, 0x69, 0x5F, 0x7B, 0x5F, 0x7A, 0x08, 0x00 },
  { 0x08, 0x69, 0x5F, 0x7B, 0x6F, 0x7A, 0x08, 0x00 },
  { 0x08, 0x69, 0x5F, 0x5B, 0x4F, 0x3A, 0x48, 0x00 },
  { 0x08, 0x69, 0x5F, 0x7B, 0x7F, 0x5A, 0x08, 0x00 },
  { 0x08, 0x69, 0x5F, 0x7B, 0x5F, 0x7A, 0x58, 0x00 },
  { 0x08, 0x69, 0x5F, 0x5B, 0x2F, 0x5A, 0x28, 0x00 },
  { 0x08, 0x79, 0x5F, 0x5B, 0x5F, 0x7A, 0x08, 0x00 },
  { 0x08, 0x79, 0x6F, 0x6B, 0x6F, 0x7A, 0x08, 0x00 },
  { 0x08, 0x79, 0x6F, 0x7B, 0x4F, 0x3A, 0x48, 0x00 },
  { 0x08, 0x49, 0x2F, 0x1B, 0x2F, 0x4A, 0x08, 0x00 },
  { 0x08, 0x49, 0x3F, 0x4B, 0x3F, 0x4A, 0x08, 0x00 }, // '룠'
  { 0x08, 0x29, 0x5F, 0x5B, 0x5F, 0x2A, 0x08, 0x00 },
  { 0x08, 0x59, 0x3F, 0x1B, 0x3F, 0x5A, 0x08, 0x00 },
  { 0x08, 0x29, 0x6F, 0x3B, 0x6F, 0x2A, 0x08, 0x00 },
  { 0x08, 0x19, 0x3F, 0x3B, 0x3F, 0x7A, 0x08, 0x00 },
  { 0x08, 0x79, 0x7F, 0x7B, 0x7F, 0x5A, 0x08, 0x00 },
  { 0x08, 0x59, 0x7F, 0x5B, 0x7F, 0x5A, 0x08, 0x00 },
  { 0x08, 0x29, 0x6F, 0x5B, 0x6F, 0x2A, 0x08, 0x00 },
  { 0x20, 0x2D, 0x2D, 0x6B, 0x2B, 0x2B, 0x20, 0x00 },
  { 0x08, 0x2D, 0x2D, 0x3B, 0x2B, 0x6B, 0x08, 0x00 },
  { 0x08, 0x2D, 0x2D, 0x7B, 0x2B, 0x6B, 0x08, 0x00 },
  { 0x08, 0x2D, 0x2D, 0x7B, 0x4B, 0x2B, 0x48, 0x00 },
  { 0x08, 0x6D, 0x4D, 0x5B, 0x4B, 0x4B, 0x08, 0x00 },
  { 0x04, 0x75, 0x47, 0x5F, 0x37, 0x56, 0x04, 0x00 },
  { 0x04, 0x75, 0x47, 0x5F, 0x37, 0x56, 0x34, 0x00 },
  { 0x04, 0x75, 0x57, 0x5F, 0x57, 0x56, 0x04, 0x00 },
  { 0x04, 0x15, 0x57, 0x7F, 0x57, 0x46, 0x04, 0x00 }, // '룰'
  { 0x04, 0x55, 0x77, 0x5F, 0x17, 0x76, 0x04, 0x00 },
  { 0x04, 0x55, 0x77, 0x7F, 0x57, 0x76, 0x04, 0x00 },
  { 0x04, 0x55, 0x77, 0x5F, 0x67, 0x76, 0x04, 0x00 },
  { 0x04, 0x55, 0x77, 0x5F, 0x47, 0x36, 0x44, 0x00 },
  { 0x04, 0x55, 0x77, 0x5F, 0x77, 0x76, 0x54, 0x00 },
  { 0x04, 0x55, 0x77, 0x7F, 0x57, 0x76, 0x54, 0x00 },
  { 0x04, 0x55, 0x77, 0x5F, 0x37, 0x56, 0x34, 0x00 },
  { 0x04, 0x75, 0x57, 0x5F, 0x57, 0x76, 0x04, 0x00 },
  { 0x04, 0x75, 0x67, 0x6F, 0x67, 0x76, 0x04, 0x00 },
  { 0x04, 0x75, 0x67, 0x7F, 0x47, 0x36, 0x44, 0x00 },
  { 0x04, 0x45, 0x27, 0x1F, 0x27, 0x46, 0x04, 0x00 },
  { 0x04, 0x45, 0x37, 0x4F, 0x37, 0x46, 0x04, 0x00 },
  { 0x04, 0x25, 0x57, 0x5F, 0x57, 0x26, 0x04, 0x00 },
  { 0x04, 0x55, 0x37, 0x1F, 0x37, 0x56, 0x04, 0x00 },
  { 0x04, 0x25, 0x67, 0x3F, 0x67, 0x26, 0x04, 0x00 },
  { 0x04, 0x15, 0x37, 0x3F, 0x37, 0x76, 0x04, 0x00 }, // '뤀'
  { 0x04, 0x75, 0x77, 0x7F, 0x77, 0x56, 0x04, 0x00 },
  { 0x04, 0x55, 0x77, 0x5F, 0x77, 0x56, 0x04, 0x00 },
  { 0x04, 0x15, 0x37, 0x5F, 0x37, 0x16, 0x04, 0x00 },
  { 0x00, 0x11, 0x17, 0x77, 0x14, 0x20, 0x7F, 0x00 },
  { 0x00, 0x05, 0x27, 0x3F, 0x26, 0x28, 0x7F, 0x00 },
  { 0x00, 0x05, 0x27, 0x3F, 0x66, 0x28, 0x7F, 0x00 },
  { 0x05, 0x27, 0x3F, 0x66, 0x48, 0x3F, 0x40, 0x00 },
  { 0x00, 0x09, 0x6B, 0x5B, 0x4A, 0x50, 0x5F, 0x00 },
  { 0x00, 0x05, 0x77, 0x4F, 0x56, 0x38, 0x5F, 0x00 },
  { 0x05, 0x77, 0x4F, 0x46, 0x28, 0x5F, 0x20, 0x00 },
  { 0x00, 0x05, 0x77, 0x5F, 0x56, 0x58, 0x5F, 0x00 },
  { 0x00, 0x05, 0x17, 0x5F, 0x76, 0x58, 0x4F, 0x00 },
  { 0x00, 0x05, 0x57, 0x7F, 0x56, 0x18, 0x7F, 0x00 },
  { 0x00, 0x05, 0x57, 0x7F, 0x76, 0x58, 0x7F, 0x00 },
  { 0x00, 0x05, 0x57, 0x7F, 0x56, 0x68, 0x7F, 0x00 },
  { 0x05, 0x57, 0x7F, 0x56, 0x48, 0x3F, 0x40, 0x00 }, // '뤐'
  { 0x05, 0x57, 0x7F, 0x56, 0x78, 0x7F, 0x50, 0x00 },
  { 0x05, 0x57, 0x7F, 0x76, 0x58, 0x7F, 0x50, 0x00 },
  { 0x05, 0x57, 0x7F, 0x56, 0x28, 0x5F, 0x20, 0x00 },
  { 0x00, 0x05, 0x77, 0x5F, 0x56, 0x58, 0x7F, 0x00 },
  { 0x00, 0x05, 0x77, 0x6F, 0x66, 0x68, 0x7F, 0x00 },
  { 0x05, 0x77, 0x6F, 0x76, 0x48, 0x3F, 0x40, 0x00 },
  { 0x00, 0x05, 0x47, 0x2F, 0x16, 0x28, 0x4F, 0x00 },
  { 0x00, 0x05, 0x4F, 0x37, 0x46, 0x38, 0x4F, 0x00 },
  { 0x00, 0x05, 0x27, 0x5F, 0x56, 0x58, 0x2F, 0x00 },
  { 0x00, 0x05, 0x57, 0x3F, 0x16, 0x38, 0x5F, 0x00 },
  { 0x00, 0x05, 0x27, 0x6F, 0x36, 0x68, 0x2F, 0x00 },
  { 0x00, 0x05, 0x17, 0x3F, 0x36, 0x38, 0x7F, 0x00 },
  { 0x00, 0x05, 0x77, 0x7F, 0x76, 0x78, 0x5F, 0x00 },
  { 0x00, 0x05, 0x57, 0x7F, 0x56, 0x78, 0x5F, 0x00 },
  { 0x00, 0x05, 0x27, 0x6F, 0x56, 0x68, 0x2F, 0x00 },
  { 0x11, 0x17, 0x77, 0x14, 0x20, 0x7F, 0x7F, 0x00 }, // '뤠'
  { 0x05, 0x27, 0x3F, 0x26, 0x28, 0x3F, 0x7F, 0x00 },
  { 0x05, 0x27, 0x3F, 0x66, 0x28, 0x3F, 0x7F, 0x00 },
  { 0x05, 0x27, 0x3F, 0x66, 0x48, 0x3F, 0x5F, 0x00 },
  { 0x05, 0x67, 0x5F, 0x46, 0x48, 0x5F, 0x5F, 0x00 },
  { 0x05, 0x77, 0x4F, 0x46, 0x58, 0x3F, 0x5F, 0x00 },
  { 0x05, 0x77, 0x4F, 0x46, 0x28, 0x5F, 0x2F, 0x00 },
  { 0x05, 0x77, 0x5F, 0x56, 0x58, 0x5F, 0x5F, 0x00 },
  { 0x05, 0x17, 0x5F, 0x76, 0x78, 0x5F, 0x4F, 0x00 },
  { 0x05, 0x57, 0x7F, 0x56, 0x18, 0x1F, 0x7F, 0x00 },
  { 0x05, 0x57, 0x7F, 0x56, 0x78, 0x5F, 0x7F, 0x00 },
  { 0x05, 0x57, 0x7F, 0x56, 0x78, 0x6F, 0x7F, 0x00 },
  { 0x05, 0x57, 0x7F, 0x56, 0x48, 0x3F, 0x4F, 0x00 },
  { 0x05, 0x57, 0x7F, 0x56, 0x78, 0x7F, 0x5F, 0x00 },
  { 0x05, 0x57, 0x7F, 0x76, 0x58, 0x7F, 0x5F, 0x00 },
  { 0x05, 0x57, 0x7F, 0x56, 0x28, 0x5F, 0x2F, 0x00 },
  { 0x05, 0x77, 0x5F, 0x56, 0x58, 0x5F, 0x7F, 0x00 }, // '뤰'
  { 0x05, 0x77, 0x6F, 0x66, 0x68, 0x6F, 0x7F, 0x00 },
  { 0x05, 0x77, 0x6F, 0x76, 0x48, 0x3F, 0x4F, 0x00 },
  { 0x05, 0x47, 0x2F, 0x16, 0x28, 0x4F, 0x0F, 0x00 },
  { 0x05, 0x4F, 0x37, 0x46, 0x38, 0x4F, 0x0F, 0x00 },
  { 0x05, 0x27, 0x5F, 0x56, 0x58, 0x5F, 0x2F, 0x00 },
  { 0x05, 0x57, 0x5F, 0x36, 0x38, 0x5F, 0x5F, 0x00 },
  { 0x05, 0x27, 0x6F, 0x36, 0x28, 0x6F, 0x2F, 0x00 },
  { 0x05, 0x17, 0x3F, 0x36, 0x38, 0x3F, 0x7F, 0x00 },
  { 0x05, 0x77, 0x7F, 0x76, 0x78, 0x7F, 0x5F, 0x00 },
  { 0x05, 0x57, 0x7F, 0x56, 0x58, 0x7F, 0x5F, 0x00 },
  { 0x05, 0x27, 0x6F, 0x56, 0x68, 0x6F, 0x2F, 0x00 },
  { 0x00, 0x2D, 0x2D, 0x6B, 0x2B, 0x20, 0x7F, 0x00 },
  { 0x00, 0x09, 0x2B, 0x3B, 0x2A, 0x28, 0x6F, 0x00 },
  { 0x00, 0x09, 0x2B, 0x3B, 0x6A, 0x28, 0x6F, 0x00 },
  { 0x09, 0x2B, 0x3B, 0x6A, 0x48, 0x2F, 0x40, 0x00 },
  { 0x00, 0x09, 0x6B, 0x5B, 0x4A, 0x48, 0x5F, 0x00 }, // '륀'
  { 0x00, 0x05, 0x77, 0x4F, 0x56, 0x34, 0x57, 0x00 },
  { 0x05, 0x77, 0x4F, 0x56, 0x34, 0x5F, 0x30, 0x00 },
  { 0x00, 0x05, 0x77, 0x5F, 0x56, 0x54, 0x57, 0x00 },
  { 0x00, 0x05, 0x17, 0x5F, 0x76, 0x54, 0x4F, 0x00 },
  { 0x00, 0x05, 0x57, 0x7F, 0x56, 0x14, 0x77, 0x00 },
  { 0x00, 0x05, 0x57, 0x7F, 0x76, 0x54, 0x77, 0x00 },
  { 0x00, 0x05, 0x57, 0x7F, 0x56, 0x64, 0x77, 0x00 },
  { 0x05, 0x57, 0x7F, 0x56, 0x44, 0x37, 0x40, 0x00 },
  { 0x05, 0x57, 0x7F, 0x56, 0x74, 0x77, 0x50, 0x00 },
  { 0x05, 0x57, 0x7F, 0x76, 0x54, 0x77, 0x50, 0x00 },
  { 0x05, 0x57, 0x7F, 0x56, 0x34, 0x5F, 0x30, 0x00 },
  { 0x00, 0x05, 0x77, 0x5F, 0x56, 0x54, 0x77, 0x00 },
  { 0x00, 0x05, 0x77, 0x6F, 0x66, 0x64, 0x77, 0x00 },
  { 0x05, 0x77, 0x6F, 0x76, 0x44, 0x37, 0x40, 0x00 },
  { 0x00, 0x05, 0x47, 0x2F, 0x16, 0x24, 0x4F, 0x00 },
  { 0x00, 0x05, 0x4F, 0x37, 0x46, 0x34, 0x4F, 0x00 }, // '륐'
  { 0x00, 0x05, 0x27, 0x5F, 0x56, 0x54, 0x2F, 0x00 },
  { 0x00, 0x05, 0x57, 0x3F, 0x16, 0x34, 0x57, 0x00 },
  { 0x00, 0x05, 0x27, 0x6F, 0x36, 0x64, 0x2F, 0x00 },
  { 0x00, 0x05, 0x17, 0x3F, 0x36, 0x34, 0x77, 0x00 },
  { 0x00, 0x05, 0x77, 0x7F, 0x76, 0x74, 0x57, 0x00 },
  { 0x00, 0x05, 0x57, 0x7F, 0x56, 0x74, 0x57, 0x00 },
  { 0x00, 0x05, 0x27, 0x6F, 0x56, 0x64, 0x2F, 0x00 },
  { 0x20, 0x2D, 0x6D, 0x2B, 0x6B, 0x2B, 0x20, 0x00 },
  { 0x08, 0x2D, 0x3D, 0x2B, 0x3B, 0x6B, 0x08, 0x00 },
  { 0x08, 0x2D, 0x3D, 0x6B, 0x3B, 0x6B, 0x08, 0x00 },
  { 0x08, 0x2D, 0x3D, 0x6B, 0x5B, 0x2B, 0x48, 0x00 },
  { 0x08, 0x6D, 0x5D, 0x4B, 0x5B, 0x4B, 0x08, 0x00 },
  { 0x04, 0x75, 0x4F, 0x57, 0x3F, 0x56, 0x04, 0x00 },
  { 0x04, 0x75, 0x4F, 0x57, 0x3F, 0x56, 0x34, 0x00 },
  { 0x04, 0x75, 0x5F, 0x57, 0x5F, 0x56, 0x04, 0x00 },
  { 0x04, 0x15, 0x5F, 0x77, 0x5F, 0x46, 0x04, 0x00 }, // '률'
  { 0x04, 0x55, 0x7F, 0x57, 0x1F, 0x76, 0x04, 0x00 },
  { 0x04, 0x55, 0x7F, 0x77, 0x5F, 0x76, 0x04, 0x00 },
  { 0x04, 0x55, 0x7F, 0x57, 0x6F, 0x76, 0x04, 0x00 },
  { 0x04, 0x55, 0x7F, 0x57, 0x4F, 0x36, 0x44, 0x00 },
  { 0x04, 0x55, 0x7F, 0x57, 0x7F, 0x76, 0x54, 0x00 },
  { 0x04, 0x55, 0x7F, 0x77, 0x5F, 0x76, 0x54, 0x00 },
  { 0x04, 0x55, 0x7F, 0x57, 0x3F, 0x56, 0x34, 0x00 },
  { 0x04, 0x75, 0x5F, 0x57, 0x5F, 0x76, 0x04, 0x00 },
  { 0x04, 0x75, 0x6F, 0x67, 0x6F, 0x76, 0x04, 0x00 },
  { 0x04, 0x75, 0x6F, 0x77, 0x4F, 0x36, 0x44, 0x00 },
  { 0x04, 0x45, 0x2F, 0x17, 0x2F, 0x46, 0x04, 0x00 },
  { 0x04, 0x45, 0x2F, 0x47, 0x2F, 0x46, 0x04, 0x00 },
  { 0x04, 0x25, 0x5F, 0x57, 0x5F, 0x26, 0x04, 0x00 },
  { 0x04, 0x55, 0x3F, 0x17, 0x3F, 0x56, 0x04, 0x00 },
  { 0x04, 0x25, 0x6F, 0x37, 0x6F, 0x26, 0x04, 0x00 },
  { 0x04, 0x15, 0x3F, 0x37, 0x3F, 0x76, 0x04, 0x00 }, // '륰'
  { 0x04, 0x75, 0x7F, 0x77, 0x7F, 0x56, 0x04, 0x00 },
  { 0x04, 0x55, 0x7F, 0x57, 0x7F, 0x56, 0x04, 0x00 },
  { 0x04, 0x25, 0x6F, 0x57, 0x6F, 0x26, 0x04, 0x00 },
  { 0x20, 0x2D, 0x2D, 0x2B, 0x2B, 0x2B, 0x20, 0x00 },
  { 0x08, 0x2D, 0x2D, 0x2B, 0x2B, 0x6B, 0x08, 0x00 },
  { 0x08, 0x2D, 0x2D, 0x6B, 0x2B, 0x6B, 0x08, 0x00 },
  { 0x08, 0x2D, 0x2D, 0x6B, 0x4B, 0x2B, 0x48, 0x00 },
  { 0x08, 0x6D, 0x4D, 0x4B, 0x4B, 0x4B, 0x08, 0x00 },
  { 0x08, 0x6D, 0x4D, 0x5B, 0x3B, 0x5B, 0x08, 0x00 },
  { 0x08, 0x6D, 0x4D, 0x4B, 0x2B, 0x5B, 0x28, 0x00 },
  { 0x08, 0x7D, 0x5D, 0x5B, 0x5B, 0x5B, 0x08, 0x00 },
  { 0x08, 0x6D, 0x6D, 0x5B, 0x5B, 0x5B, 0x08, 0x00 },
  { 0x08, 0x6D, 0x5D, 0x5B, 0x1B, 0x7B, 0x08, 0x00 },
  { 0x08, 0x6D, 0x5D, 0x7B, 0x5B, 0x7B, 0x08, 0x00 },
  { 0x08, 0x6D, 0x5D, 0x7B, 0x6B, 0x7B, 0x08, 0x00 },
  { 0x08, 0x6D, 0x5D, 0x5B, 0x4B, 0x3B, 0x48, 0x00 }, // '릀'
  { 0x08, 0x6D, 0x5D, 0x5B, 0x7B, 0x7B, 0x58, 0x00 },
  { 0x08, 0x6D, 0x5D, 0x7B, 0x5B, 0x7B, 0x58, 0x00 },
  { 0x08, 0x6D, 0x5D, 0x5B, 0x2B, 0x5B, 0x28, 0x00 },
  { 0x08, 0x7D, 0x5D, 0x5B, 0x5B, 0x7B, 0x08, 0x00 },
  { 0x08, 0x7D, 0x6D, 0x6B, 0x6B, 0x7B, 0x08, 0x00 },
  { 0x08, 0x7D, 0x6D, 0x7B, 0x4B, 0x3B, 0x48, 0x00 },
  { 0x08, 0x4D, 0x2D, 0x1B, 0x2B, 0x4B, 0x08, 0x00 },
  { 0x08, 0x4D, 0x3D, 0x4B, 0x3B, 0x4B, 0x08, 0x00 },
  { 0x08, 0x2D, 0x5D, 0x5B, 0x5B, 0x2B, 0x08, 0x00 },
  { 0x08, 0x5D, 0x3D, 0x1B, 0x3B, 0x5B, 0x08, 0x00 },
  { 0x08, 0x2D, 0x6D, 0x3B, 0x6B, 0x2B, 0x08, 0x00 },
  { 0x08, 0x1D, 0x3D, 0x3B, 0x3B, 0x7B, 0x08, 0x00 },
  { 0x08, 0x7D, 0x5D, 0x5B, 0x5B, 0x4B, 0x08, 0x00 },
  { 0x08, 0x5D, 0x7D, 0x5B, 0x7B, 0x5B, 0x08, 0x00 },
  { 0x08, 0x2D, 0x6D, 0x5B, 0x6B, 0x2B, 0x08, 0x00 },
  { 0x00, 0x2D, 0x2D, 0x2B, 0x2B, 0x20, 0x7F, 0x00 }, // '릐'
  { 0x00, 0x09, 0x2B, 0x2B, 0x2A, 0x28, 0x6F, 0x00 },
  { 0x00, 0x09, 0x2B, 0x2B, 0x6A, 0x28, 0x6F, 0x00 },
  { 0x09, 0x2B, 0x2B, 0x6A, 0x48, 0x2F, 0x40, 0x00 },
  { 0x00, 0x09, 0x6B, 0x4B, 0x4A, 0x48, 0x5F, 0x00 },
  { 0x00, 0x05, 0x77, 0x47, 0x56, 0x34, 0x57, 0x00 },
  { 0x05, 0x77, 0x47, 0x56, 0x34, 0x5F, 0x30, 0x00 },
  { 0x00, 0x05, 0x77, 0x57, 0x56, 0x54, 0x57, 0x00 },
  { 0x00, 0x09, 0x6B, 0x6B, 0x5A, 0x58, 0x5F, 0x00 },
  { 0x00, 0x09, 0x6B, 0x5B, 0x5A, 0x18, 0x7F, 0x00 },
  { 0x00, 0x09, 0x6B, 0x5B, 0x7A, 0x58, 0x7F, 0x00 },
  { 0x00, 0x09, 0x6B, 0x5B, 0x7A, 0x68, 0x7F, 0x00 },
  { 0x09, 0x6B, 0x5B, 0x5A, 0x48, 0x3F, 0x40, 0x00 },
  { 0x00, 0x09, 0x6B, 0x5B, 0x7A, 0x78, 0x5F, 0x00 },
  { 0x09, 0x6B, 0x5B, 0x7A, 0x58, 0x7F, 0x50, 0x00 },
  { 0x09, 0x6B, 0x5B, 0x5A, 0x28, 0x5F, 0x20, 0x00 },
  { 0x00, 0x05, 0x77, 0x57, 0x56, 0x54, 0x77, 0x00 }, // '릠'
  { 0x00, 0x09, 0x7B, 0x6B, 0x6A, 0x68, 0x7F, 0x00 },
  { 0x09, 0x7B, 0x6B, 0x7A, 0x48, 0x3F, 0x40, 0x00 },
  { 0x00, 0x09, 0x4B, 0x2B, 0x1A, 0x28, 0x4F, 0x00 },
  { 0x00, 0x09, 0x4B, 0x3B, 0x4A, 0x38, 0x4F, 0x00 },
  { 0x00, 0x09, 0x2B, 0x5B, 0x5A, 0x58, 0x2F, 0x00 },
  { 0x00, 0x05, 0x57, 0x37, 0x16, 0x34, 0x57, 0x00 },
  { 0x00, 0x05, 0x57, 0x37, 0x1E, 0x34, 0x57, 0x00 },
  { 0x00, 0x05, 0x17, 0x37, 0x36, 0x34, 0x77, 0x00 },
  { 0x00, 0x05, 0x7F, 0x5F, 0x5E, 0x5C, 0x4F, 0x00 },
  { 0x00, 0x05, 0x57, 0x77, 0x56, 0x74, 0x57, 0x00 },
  { 0x00, 0x05, 0x17, 0x37, 0x5E, 0x34, 0x17, 0x00 },
  { 0x00, 0x3D, 0x25, 0x25, 0x27, 0x00, 0x7F, 0x00 },
  { 0x00, 0x0D, 0x2D, 0x2B, 0x2B, 0x20, 0x6F, 0x00 },
  { 0x00, 0x0D, 0x2D, 0x2B, 0x6B, 0x20, 0x6F, 0x00 },
  { 0x0D, 0x2D, 0x2B, 0x6B, 0x40, 0x2F, 0x40, 0x00 },
  { 0x00, 0x0D, 0x6D, 0x4B, 0x4B, 0x40, 0x5F, 0x00 }, // '린'
  { 0x00, 0x0D, 0x6D, 0x4B, 0x5B, 0x30, 0x5F, 0x00 },
  { 0x0D, 0x6D, 0x4B, 0x4B, 0x30, 0x5F, 0x30, 0x00 },
  { 0x00, 0x0D, 0x7D, 0x5B, 0x5B, 0x50, 0x5F, 0x00 },
  { 0x00, 0x0D, 0x6D, 0x6B, 0x5B, 0x58, 0x5F, 0x00 },
  { 0x00, 0x0D, 0x6D, 0x5B, 0x5B, 0x10, 0x7F, 0x00 },
  { 0x00, 0x0D, 0x6D, 0x5B, 0x7B, 0x50, 0x7F, 0x00 },
  { 0x00, 0x0D, 0x6D, 0x5B, 0x7B, 0x60, 0x77, 0x00 },
  { 0x0D, 0x6D, 0x5B, 0x5B, 0x40, 0x37, 0x40, 0x00 },
  { 0x0D, 0x6D, 0x5B, 0x5B, 0x78, 0x7F, 0x50, 0x00 },
  { 0x0D, 0x6D, 0x5B, 0x7B, 0x58, 0x7F, 0x50, 0x00 },
  { 0x0D, 0x6D, 0x5B, 0x5B, 0x28, 0x5F, 0x20, 0x00 },
  { 0x00, 0x0D, 0x7D, 0x5B, 0x5B, 0x50, 0x7F, 0x00 },
  { 0x00, 0x0D, 0x7D, 0x6B, 0x6B, 0x60, 0x7F, 0x00 },
  { 0x0D, 0x7D, 0x6B, 0x7B, 0x40, 0x37, 0x40, 0x00 },
  { 0x00, 0x0D, 0x4D, 0x2B, 0x1B, 0x20, 0x4F, 0x00 },
  { 0x00, 0x0D, 0x4D, 0x3B, 0x4B, 0x30, 0x4F, 0x00 }, // '맀'
  { 0x00, 0x0D, 0x2D, 0x5B, 0x5B, 0x50, 0x2F, 0x00 },
  { 0x00, 0x0D, 0x5D, 0x3B, 0x1B, 0x30, 0x5F, 0x00 },
  { 0x00, 0x0D, 0x2D, 0x6B, 0x3B, 0x60, 0x2F, 0x00 },
  { 0x00, 0x0D, 0x1D, 0x3B, 0x3B, 0x30, 0x7F, 0x00 },
  { 0x00, 0x0D, 0x7D, 0x5B, 0x5B, 0x58, 0x4F, 0x00 },
  { 0x00, 0x0D, 0x5D, 0x7B, 0x5B, 0x70, 0x5F, 0x00 },
  { 0x00, 0x0D, 0x2D, 0x6B, 0x5B, 0x60, 0x2F, 0x00 },
  { 0x3F, 0x21, 0x21, 0x3F, 0x00, 0x7F, 0x08, 0x00 },
  { 0x0F, 0x29, 0x29, 0x2F, 0x20, 0x6F, 0x02, 0x00 },
  { 0x0F, 0x29, 0x29, 0x6F, 0x20, 0x6F, 0x02, 0x00 },
  { 0x0F, 0x29, 0x29, 0x6F, 0x40, 0x2F, 0x42, 0x00 },
  { 0x0F, 0x69, 0x49, 0x4F, 0x40, 0x5F, 0x04, 0x00 },
  { 0x07, 0x75, 0x45, 0x47, 0x50, 0x37, 0x52, 0x00 },
  { 0x07, 0x75, 0x45, 0x57, 0x30, 0x5F, 0x32, 0x00 },
  { 0x07, 0x75, 0x55, 0x57, 0x50, 0x57, 0x02, 0x00 },
  { 0x07, 0x6D, 0x6D, 0x5F, 0x58, 0x5F, 0x02, 0x00 }, // '말'
  { 0x07, 0x6D, 0x5D, 0x5F, 0x08, 0x7F, 0x02, 0x00 },
  { 0x07, 0x6D, 0x5D, 0x7F, 0x48, 0x7F, 0x02, 0x00 },
  { 0x07, 0x6D, 0x5D, 0x7F, 0x50, 0x7F, 0x02, 0x00 },
  { 0x07, 0x6D, 0x5D, 0x5F, 0x40, 0x37, 0x42, 0x00 },
  { 0x07, 0x6D, 0x5D, 0x7F, 0x58, 0x4F, 0x02, 0x00 },
  { 0x07, 0x6D, 0x5D, 0x7F, 0x48, 0x7F, 0x4A, 0x00 },
  { 0x07, 0x6D, 0x5D, 0x5F, 0x30, 0x5F, 0x32, 0x00 },
  { 0x07, 0x75, 0x55, 0x57, 0x50, 0x77, 0x02, 0x00 },
  { 0x0F, 0x79, 0x69, 0x6F, 0x60, 0x7F, 0x02, 0x00 },
  { 0x0F, 0x79, 0x69, 0x7F, 0x40, 0x37, 0x42, 0x00 },
  { 0x0F, 0x49, 0x29, 0x1F, 0x20, 0x4F, 0x02, 0x00 },
  { 0x0F, 0x49, 0x39, 0x4F, 0x30, 0x4F, 0x02, 0x00 },
  { 0x07, 0x25, 0x55, 0x57, 0x50, 0x27, 0x02, 0x00 },
  { 0x07, 0x55, 0x35, 0x17, 0x30, 0x57, 0x02, 0x00 },
  { 0x07, 0x55, 0x35, 0x1F, 0x30, 0x57, 0x02, 0x00 },
  { 0x07, 0x15, 0x35, 0x37, 0x30, 0x77, 0x02, 0x00 }, // '맠'
  { 0x07, 0x7D, 0x5D, 0x5F, 0x58, 0x4F, 0x02, 0x00 },
  { 0x07, 0x55, 0x75, 0x57, 0x70, 0x57, 0x02, 0x00 },
  { 0x07, 0x15, 0x35, 0x5F, 0x30, 0x17, 0x02, 0x00 },
  { 0x3F, 0x21, 0x3F, 0x00, 0x7F, 0x08, 0x7F, 0x00 },
  { 0x0F, 0x29, 0x2F, 0x20, 0x2F, 0x22, 0x6F, 0x00 },
  { 0x0F, 0x29, 0x2F, 0x60, 0x2F, 0x22, 0x6F, 0x00 },
  { 0x0F, 0x29, 0x2F, 0x60, 0x4F, 0x22, 0x4F, 0x00 },
  { 0x0F, 0x69, 0x4F, 0x40, 0x5F, 0x44, 0x5F, 0x00 },
  { 0x0F, 0x69, 0x4F, 0x40, 0x57, 0x32, 0x57, 0x00 },
  { 0x0F, 0x69, 0x4F, 0x50, 0x37, 0x5A, 0x37, 0x00 },
  { 0x07, 0x75, 0x57, 0x50, 0x57, 0x52, 0x57, 0x00 },
  { 0x07, 0x6D, 0x6F, 0x58, 0x5F, 0x5A, 0x5F, 0x00 },
  { 0x07, 0x6D, 0x5F, 0x58, 0x0F, 0x0A, 0x7F, 0x00 },
  { 0x07, 0x6D, 0x5F, 0x58, 0x7F, 0x4A, 0x7F, 0x00 },
  { 0x07, 0x6D, 0x5F, 0x58, 0x7F, 0x52, 0x7F, 0x00 },
  { 0x07, 0x6D, 0x5F, 0x58, 0x67, 0x1A, 0x67, 0x00 }, // '맰'
  { 0x07, 0x6D, 0x5F, 0x58, 0x7F, 0x5A, 0x4F, 0x00 },
  { 0x07, 0x6D, 0x5F, 0x78, 0x4F, 0x7A, 0x4F, 0x00 },
  { 0x07, 0x6D, 0x5F, 0x58, 0x37, 0x5A, 0x37, 0x00 },
  { 0x07, 0x75, 0x57, 0x50, 0x57, 0x52, 0x77, 0x00 },
  { 0x0F, 0x79, 0x6F, 0x60, 0x6F, 0x62, 0x7F, 0x00 },
  { 0x0F, 0x79, 0x6F, 0x70, 0x4F, 0x32, 0x4F, 0x00 },
  { 0x0F, 0x49, 0x2F, 0x10, 0x2F, 0x42, 0x0F, 0x00 },
  { 0x0F, 0x49, 0x2F, 0x40, 0x2F, 0x42, 0x0F, 0x00 },
  { 0x07, 0x25, 0x57, 0x50, 0x57, 0x52, 0x27, 0x00 },
  { 0x07, 0x55, 0x37, 0x10, 0x37, 0x52, 0x07, 0x00 },
  { 0x07, 0x55, 0x37, 0x18, 0x37, 0x52, 0x07, 0x00 },
  { 0x07, 0x15, 0x37, 0x30, 0x37, 0x32, 0x77, 0x00 },
  { 0x07, 0x7D, 0x5F, 0x58, 0x5F, 0x5A, 0x4F, 0x00 },
  { 0x07, 0x55, 0x77, 0x50, 0x57, 0x72, 0x57, 0x00 },
  { 0x07, 0x15, 0x37, 0x58, 0x57, 0x32, 0x17, 0x00 },
  { 0x3F, 0x21, 0x21, 0x3F, 0x00, 0x7F, 0x12, 0x00 }, // '먀'
  { 0x0F, 0x29, 0x29, 0x2F, 0x20, 0x7F, 0x0A, 0x00 },
  { 0x0F, 0x29, 0x29, 0x6F, 0x20, 0x7F, 0x0A, 0x00 },
  { 0x0F, 0x29, 0x29, 0x6F, 0x40, 0x3F, 0x4A, 0x00 },
  { 0x0F, 0x69, 0x49, 0x4F, 0x40, 0x5F, 0x0A, 0x00 },
  { 0x07, 0x75, 0x45, 0x47, 0x50, 0x3F, 0x55, 0x00 },
  { 0x07, 0x75, 0x45, 0x57, 0x30, 0x5F, 0x35, 0x00 },
  { 0x07, 0x75, 0x55, 0x57, 0x50, 0x5F, 0x05, 0x00 },
  { 0x07, 0x6D, 0x6D, 0x5F, 0x58, 0x5F, 0x05, 0x00 },
  { 0x07, 0x6D, 0x5D, 0x5F, 0x08, 0x7F, 0x05, 0x00 },
  { 0x07, 0x6D, 0x5D, 0x7F, 0x48, 0x7F, 0x05, 0x00 },
  { 0x07, 0x6D, 0x5D, 0x7F, 0x50, 0x7F, 0x05, 0x00 },
  { 0x07, 0x6D, 0x5D, 0x5F, 0x40, 0x2F, 0x45, 0x00 },
  { 0x07, 0x6D, 0x5D, 0x7F, 0x58, 0x4F, 0x05, 0x00 },
  { 0x07, 0x6D, 0x5D, 0x7F, 0x50, 0x7F, 0x55, 0x00 },
  { 0x07, 0x6D, 0x5D, 0x5F, 0x30, 0x5F, 0x35, 0x00 },
  { 0x07, 0x75, 0x55, 0x57, 0x50, 0x7F, 0x05, 0x00 }, // '먐'
  { 0x0F, 0x79, 0x69, 0x6F, 0x60, 0x7F, 0x0A, 0x00 },
  { 0x0F, 0x79, 0x69, 0x7F, 0x40, 0x3F, 0x4A, 0x00 },
  { 0x0F, 0x49, 0x29, 0x1F, 0x20, 0x5F, 0x0A, 0x00 },
  { 0x0F, 0x49, 0x39, 0x4F, 0x30, 0x4F, 0x0A, 0x00 },
  { 0x07, 0x25, 0x55, 0x57, 0x50, 0x2F, 0x05, 0x00 },
  { 0x07, 0x55, 0x35, 0x17, 0x30, 0x5F, 0x05, 0x00 },
  { 0x07, 0x55, 0x35, 0x1F, 0x30, 0x5F, 0x05, 0x00 },
  { 0x07, 0x15, 0x35, 0x37, 0x30, 0x7F, 0x05, 0x00 },
  { 0x07, 0x7D, 0x5D, 0x5F, 0x58, 0x4F, 0x05, 0x00 },
  { 0x07, 0x55, 0x75, 0x57, 0x70, 0x5F, 0x05, 0x00 },
  { 0x07, 0x15, 0x35, 0x5F, 0x30, 0x1F, 0x05, 0x00 },
  { 0x3F, 0x21, 0x3F, 0x00, 0x7F, 0x12, 0x7F, 0x00 },
  { 0x0F, 0x29, 0x2F, 0x20, 0x3F, 0x2A, 0x7F, 0x00 },
  { 0x0F, 0x29, 0x2F, 0x60, 0x3F, 0x2A, 0x7F, 0x00 },
  { 0x0F, 0x29, 0x2F, 0x60, 0x5F, 0x2A, 0x5F, 0x00 },
  { 0x0F, 0x69, 0x4F, 0x40, 0x5F, 0x4A, 0x5F, 0x00 }, // '먠'
  { 0x0F, 0x69, 0x4F, 0x40, 0x5F, 0x35, 0x5F, 0x00 },
  { 0x0F, 0x69, 0x4F, 0x40, 0x2F, 0x55, 0x2F, 0x00 },
  { 0x07, 0x75, 0x57, 0x50, 0x5F, 0x55, 0x5F, 0x00 },
  { 0x07, 0x6D, 0x6F, 0x58, 0x5F, 0x55, 0x5F, 0x00 },
  { 0x07, 0x6D, 0x5F, 0x58, 0x1F, 0x15, 0x7F, 0x00 },
  { 0x07, 0x6D, 0x5F, 0x58, 0x7F, 0x55, 0x7F, 0x00 },
  { 0x07, 0x6D, 0x5F, 0x58, 0x7F, 0x65, 0x7F, 0x00 },
  { 0x07, 0x6D, 0x5F, 0x58, 0x4F, 0x35, 0x4F, 0x00 },
  { 0x07, 0x6D, 0x5F, 0x58, 0x7F, 0x75, 0x5F, 0x00 },
  { 0x07, 0x6D, 0x5F, 0x78, 0x5F, 0x75, 0x5F, 0x00 },
  { 0x07, 0x6D, 0x5F, 0x58, 0x2F, 0x55, 0x2F, 0x00 },
  { 0x07, 0x75, 0x57, 0x50, 0x5F, 0x55, 0x7F, 0x00 },
  { 0x0F, 0x79, 0x6F, 0x60, 0x6F, 0x6A, 0x7F, 0x00 },
  { 0x0F, 0x79, 0x6F, 0x70, 0x4F, 0x35, 0x4F, 0x00 },
  { 0x0F, 0x49, 0x2F, 0x10, 0x2F, 0x4A, 0x0F, 0x00 },
  { 0x0F, 0x49, 0x2F, 0x40, 0x2F, 0x4A, 0x0F, 0x00 }, // '먰'
  { 0x07, 0x25, 0x57, 0x50, 0x5F, 0x55, 0x2F, 0x00 },
  { 0x07, 0x55, 0x37, 0x10, 0x3F, 0x55, 0x0F, 0x00 },
  { 0x07, 0x55, 0x37, 0x18, 0x3F, 0x55, 0x0F, 0x00 },
  { 0x07, 0x15, 0x37, 0x30, 0x3F, 0x35, 0x7F, 0x00 },
  { 0x07, 0x7D, 0x5F, 0x58, 0x5F, 0x5B, 0x4F, 0x00 },
  { 0x07, 0x55, 0x77, 0x50, 0x5F, 0x75, 0x5F, 0x00 },
  { 0x07, 0x15, 0x37, 0x58, 0x57, 0x35, 0x1F, 0x00 },
  { 0x00, 0x3F, 0x21, 0x21, 0x3F, 0x04, 0x7F, 0x00 },
  { 0x00, 0x0F, 0x29, 0x29, 0x2F, 0x22, 0x6F, 0x00 },
  { 0x00, 0x0F, 0x29, 0x29, 0x6F, 0x22, 0x6F, 0x00 },
  { 0x0F, 0x29, 0x29, 0x6F, 0x42, 0x2F, 0x40, 0x00 },
  { 0x00, 0x0F, 0x69, 0x49, 0x4F, 0x42, 0x5F, 0x00 },
  { 0x07, 0x75, 0x45, 0x47, 0x52, 0x3F, 0x50, 0x00 },
  { 0x07, 0x75, 0x45, 0x57, 0x32, 0x5F, 0x30, 0x00 },
  { 0x00, 0x07, 0x75, 0x55, 0x57, 0x52, 0x57, 0x00 },
  { 0x00, 0x07, 0x6D, 0x6D, 0x5F, 0x5A, 0x5F, 0x00 }, // '멀'
  { 0x00, 0x07, 0x6D, 0x5D, 0x5F, 0x0A, 0x7F, 0x00 },
  { 0x00, 0x07, 0x6D, 0x5D, 0x7F, 0x4A, 0x7F, 0x00 },
  { 0x00, 0x07, 0x6D, 0x5D, 0x7F, 0x52, 0x7F, 0x00 },
  { 0x07, 0x6D, 0x5D, 0x7F, 0x42, 0x37, 0x40, 0x00 },
  { 0x00, 0x07, 0x6D, 0x5D, 0x7F, 0x5A, 0x4F, 0x00 },
  { 0x07, 0x6D, 0x5D, 0x7F, 0x4A, 0x7F, 0x48, 0x00 },
  { 0x07, 0x6D, 0x5D, 0x5F, 0x32, 0x5F, 0x30, 0x00 },
  { 0x00, 0x07, 0x75, 0x55, 0x57, 0x52, 0x77, 0x00 },
  { 0x00, 0x0F, 0x79, 0x69, 0x6F, 0x62, 0x7F, 0x00 },
  { 0x0F, 0x79, 0x69, 0x7F, 0x42, 0x37, 0x40, 0x00 },
  { 0x00, 0x0F, 0x49, 0x29, 0x1F, 0x22, 0x4F, 0x00 },
  { 0x00, 0x0F, 0x49, 0x39, 0x4F, 0x32, 0x4F, 0x00 },
  { 0x00, 0x07, 0x25, 0x55, 0x57, 0x52, 0x27, 0x00 },
  { 0x00, 0x07, 0x55, 0x35, 0x17, 0x32, 0x57, 0x00 },
  { 0x00, 0x07, 0x55, 0x35, 0x1F, 0x32, 0x57, 0x00 },
  { 0x00, 0x07, 0x15, 0x35, 0x37, 0x32, 0x77, 0x00 }, // '멐'
  { 0x00, 0x07, 0x7D, 0x5D, 0x5F, 0x5A, 0x4F, 0x00 },
  { 0x00, 0x07, 0x55, 0x75, 0x57, 0x72, 0x57, 0x00 },
  { 0x00, 0x07, 0x15, 0x35, 0x5F, 0x32, 0x17, 0x00 },
  { 0x3F, 0x21, 0x3F, 0x04, 0x7F, 0x00, 0x7F, 0x00 },
  { 0x0F, 0x29, 0x2F, 0x22, 0x2F, 0x20, 0x6F, 0x00 },
  { 0x0F, 0x29, 0x2F, 0x62, 0x2F, 0x20, 0x6F, 0x00 },
  { 0x0F, 0x29, 0x2F, 0x62, 0x4F, 0x20, 0x4F, 0x00 },
  { 0x0F, 0x69, 0x4F, 0x42, 0x5F, 0x40, 0x5F, 0x00 },
  { 0x07, 0x75, 0x47, 0x42, 0x57, 0x30, 0x57, 0x00 },
  { 0x07, 0x75, 0x47, 0x52, 0x37, 0x58, 0x37, 0x00 },
  { 0x07, 0x75, 0x57, 0x52, 0x57, 0x50, 0x57, 0x00 },
  { 0x07, 0x6D, 0x6F, 0x5A, 0x5F, 0x58, 0x5F, 0x00 },
  { 0x07, 0x6D, 0x5F, 0x5A, 0x0F, 0x08, 0x7F, 0x00 },
  { 0x07, 0x6D, 0x5F, 0x5A, 0x7F, 0x48, 0x7F, 0x00 },
  { 0x07, 0x6D, 0x5F, 0x5A, 0x7F, 0x50, 0x7F, 0x00 },
  { 0x07, 0x6D, 0x5F, 0x5A, 0x67, 0x18, 0x67, 0x00 }, // '멠'
  { 0x07, 0x6D, 0x5F, 0x5A, 0x7F, 0x58, 0x4F, 0x00 },
  { 0x07, 0x6D, 0x5F, 0x7A, 0x4F, 0x78, 0x4F, 0x00 },
  { 0x07, 0x6D, 0x5F, 0x5A, 0x37, 0x58, 0x37, 0x00 },
  { 0x07, 0x75, 0x57, 0x52, 0x57, 0x50, 0x77, 0x00 },
  { 0x0F, 0x79, 0x6F, 0x62, 0x6F, 0x60, 0x7F, 0x00 },
  { 0x0F, 0x79, 0x6F, 0x72, 0x4F, 0x30, 0x4F, 0x00 },
  { 0x0F, 0x49, 0x2F, 0x12, 0x2F, 0x40, 0x0F, 0x00 },
  { 0x0F, 0x49, 0x3F, 0x42, 0x37, 0x40, 0x0F, 0x00 },
  { 0x07, 0x25, 0x57, 0x52, 0x57, 0x50, 0x27, 0x00 },
  { 0x07, 0x55, 0x37, 0x12, 0x37, 0x50, 0x07, 0x00 },
  { 0x07, 0x55, 0x37, 0x1A, 0x37, 0x50, 0x07, 0x00 },
  { 0x07, 0x15, 0x37, 0x32, 0x37, 0x30, 0x77, 0x00 },
  { 0x07, 0x7D, 0x5F, 0x5A, 0x5F, 0x58, 0x4F, 0x00 },
  { 0x07, 0x55, 0x77, 0x52, 0x57, 0x70, 0x57, 0x00 },
  { 0x07, 0x15, 0x37, 0x5A, 0x57, 0x30, 0x17, 0x00 },
  { 0x00, 0x3F, 0x21, 0x21, 0x3F, 0x0A, 0x7F, 0x00 }, // '며'
  { 0x00, 0x0F, 0x29, 0x29, 0x2F, 0x2A, 0x7F, 0x00 },
  { 0x00, 0x0F, 0x29, 0x29, 0x6F, 0x2A, 0x7F, 0x00 },
  { 0x0F, 0x29, 0x29, 0x2F, 0x4A, 0x3F, 0x40, 0x00 },
  { 0x00, 0x0F, 0x69, 0x49, 0x4F, 0x4A, 0x5F, 0x00 },
  { 0x0F, 0x69, 0x49, 0x4F, 0x55, 0x3F, 0x50, 0x00 },
  { 0x0F, 0x69, 0x49, 0x5F, 0x35, 0x5F, 0x30, 0x00 },
  { 0x00, 0x0F, 0x79, 0x59, 0x5F, 0x55, 0x5F, 0x00 },
  { 0x00, 0x07, 0x6D, 0x6D, 0x5F, 0x55, 0x5F, 0x00 },
  { 0x00, 0x07, 0x6D, 0x5D, 0x5F, 0x15, 0x7F, 0x00 },
  { 0x00, 0x07, 0x6D, 0x5D, 0x7F, 0x55, 0x7F, 0x00 },
  { 0x00, 0x07, 0x6D, 0x5D, 0x7F, 0x65, 0x7F, 0x00 },
  { 0x07, 0x6D, 0x5D, 0x5F, 0x45, 0x3F, 0x40, 0x00 },
  { 0x00, 0x07, 0x6D, 0x5D, 0x7F, 0x55, 0x4F, 0x00 },
  { 0x07, 0x6D, 0x5D, 0x7F, 0x55, 0x7F, 0x50, 0x00 },
  { 0x07, 0x6D, 0x5D, 0x5F, 0x35, 0x5F, 0x30, 0x00 },
  { 0x00, 0x0F, 0x79, 0x59, 0x5F, 0x55, 0x7F, 0x00 }, // '몀'
  { 0x00, 0x0F, 0x79, 0x69, 0x6F, 0x6A, 0x7F, 0x00 },
  { 0x0F, 0x79, 0x69, 0x7F, 0x4A, 0x3F, 0x40, 0x00 },
  { 0x00, 0x0F, 0x49, 0x29, 0x1F, 0x2A, 0x4F, 0x00 },
  { 0x00, 0x0F, 0x49, 0x39, 0x4F, 0x35, 0x4F, 0x00 },
  { 0x00, 0x0F, 0x29, 0x59, 0x5F, 0x55, 0x2F, 0x00 },
  { 0x00, 0x07, 0x55, 0x35, 0x17, 0x35, 0x5F, 0x00 },
  { 0x00, 0x07, 0x55, 0x35, 0x1F, 0x35, 0x5F, 0x00 },
  { 0x00, 0x07, 0x15, 0x35, 0x37, 0x35, 0x7F, 0x00 },
  { 0x00, 0x07, 0x7D, 0x5D, 0x5F, 0x55, 0x4F, 0x00 },
  { 0x00, 0x07, 0x55, 0x75, 0x57, 0x75, 0x5F, 0x00 },
  { 0x00, 0x07, 0x15, 0x35, 0x5F, 0x35, 0x1F, 0x00 },
  { 0x3F, 0x21, 0x3F, 0x12, 0x7F, 0x00, 0x7F, 0x00 },
  { 0x0F, 0x29, 0x2F, 0x2A, 0x2F, 0x20, 0x6F, 0x00 },
  { 0x0F, 0x29, 0x2F, 0x6A, 0x2F, 0x20, 0x6F, 0x00 },
  { 0x0F, 0x29, 0x2F, 0x6A, 0x4F, 0x20, 0x4F, 0x00 },
  { 0x0F, 0x69, 0x4F, 0x4A, 0x5F, 0x40, 0x5F, 0x00 }, // '몐'
  { 0x0F, 0x69, 0x4F, 0x45, 0x5F, 0x30, 0x5F, 0x00 },
  { 0x0F, 0x69, 0x4F, 0x45, 0x2F, 0x50, 0x2F, 0x00 },
  { 0x0F, 0x79, 0x5F, 0x55, 0x5F, 0x50, 0x5F, 0x00 },
  { 0x0F, 0x69, 0x6F, 0x55, 0x5F, 0x58, 0x5F, 0x00 },
  { 0x0F, 0x69, 0x5F, 0x55, 0x1F, 0x10, 0x7F, 0x00 },
  { 0x0F, 0x69, 0x5F, 0x55, 0x7F, 0x50, 0x7F, 0x00 },
  { 0x0F, 0x69, 0x5F, 0x55, 0x7F, 0x60, 0x7F, 0x00 },
  { 0x0F, 0x69, 0x5F, 0x55, 0x4F, 0x30, 0x4F, 0x00 },
  { 0x0F, 0x69, 0x5F, 0x55, 0x7F, 0x70, 0x5F, 0x00 },
  { 0x0F, 0x69, 0x5F, 0x75, 0x5F, 0x70, 0x5F, 0x00 },
  { 0x0F, 0x69, 0x5F, 0x55, 0x2F, 0x50, 0x2F, 0x00 },
  { 0x0F, 0x79, 0x5F, 0x55, 0x5F, 0x50, 0x7F, 0x00 },
  { 0x0F, 0x79, 0x6F, 0x6A, 0x6F, 0x60, 0x7F, 0x00 },
  { 0x0F, 0x79, 0x6F, 0x75, 0x4F, 0x30, 0x4F, 0x00 },
  { 0x0F, 0x49, 0x2F, 0x15, 0x2F, 0x40, 0x0F, 0x00 },
  { 0x0F, 0x49, 0x2F, 0x4A, 0x2F, 0x40, 0x0F, 0x00 }, // '몠'
  { 0x0F, 0x29, 0x5F, 0x55, 0x5F, 0x50, 0x2F, 0x00 },
  { 0x0F, 0x59, 0x5F, 0x35, 0x3F, 0x50, 0x5F, 0x00 },
  { 0x0F, 0x29, 0x6F, 0x35, 0x2F, 0x60, 0x2F, 0x00 },
  { 0x0F, 0x19, 0x3F, 0x35, 0x3F, 0x30, 0x7F, 0x00 },
  { 0x0F, 0x79, 0x5F, 0x55, 0x5F, 0x58, 0x4F, 0x00 },
  { 0x0F, 0x59, 0x7F, 0x55, 0x5F, 0x70, 0x5F, 0x00 },
  { 0x0F, 0x29, 0x6F, 0x55, 0x6F, 0x60, 0x2F, 0x00 },
  { 0x20, 0x2F, 0x29, 0x39, 0x29, 0x2F, 0x20, 0x00 },
  { 0x10, 0x37, 0x35, 0x3D, 0x35, 0x77, 0x10, 0x00 },
  { 0x10, 0x37, 0x35, 0x7D, 0x35, 0x77, 0x10, 0x00 },
  { 0x10, 0x37, 0x75, 0x5D, 0x35, 0x57, 0x10, 0x00 },
  { 0x10, 0x77, 0x55, 0x5D, 0x55, 0x57, 0x10, 0x00 },
  { 0x08, 0x6B, 0x49, 0x5D, 0x39, 0x5B, 0x08, 0x00 },
  { 0x08, 0x6B, 0x49, 0x4D, 0x29, 0x5B, 0x28, 0x00 },
  { 0x08, 0x7B, 0x59, 0x5D, 0x59, 0x5B, 0x08, 0x00 },
  { 0x08, 0x6B, 0x69, 0x5D, 0x59, 0x5B, 0x08, 0x00 }, // '몰'
  { 0x08, 0x6B, 0x59, 0x5D, 0x19, 0x7B, 0x08, 0x00 },
  { 0x08, 0x6B, 0x59, 0x7D, 0x59, 0x7B, 0x08, 0x00 },
  { 0x08, 0x6B, 0x59, 0x7D, 0x69, 0x7B, 0x08, 0x00 },
  { 0x08, 0x6B, 0x59, 0x5D, 0x49, 0x3B, 0x48, 0x00 },
  { 0x08, 0x6B, 0x59, 0x7D, 0x79, 0x5B, 0x08, 0x00 },
  { 0x08, 0x6B, 0x59, 0x7D, 0x59, 0x7B, 0x58, 0x00 },
  { 0x08, 0x6B, 0x59, 0x5D, 0x29, 0x5B, 0x28, 0x00 },
  { 0x10, 0x77, 0x55, 0x5D, 0x55, 0x77, 0x10, 0x00 },
  { 0x08, 0x7B, 0x69, 0x6D, 0x69, 0x7B, 0x08, 0x00 },
  { 0x08, 0x7B, 0x69, 0x7D, 0x49, 0x3B, 0x48, 0x00 },
  { 0x10, 0x57, 0x55, 0x3D, 0x55, 0x57, 0x10, 0x00 },
  { 0x10, 0x57, 0x35, 0x5D, 0x35, 0x57, 0x10, 0x00 },
  { 0x10, 0x37, 0x55, 0x5D, 0x55, 0x37, 0x10, 0x00 },
  { 0x08, 0x5B, 0x39, 0x1D, 0x39, 0x5B, 0x08, 0x00 },
  { 0x08, 0x2B, 0x69, 0x3D, 0x69, 0x2B, 0x08, 0x00 },
  { 0x08, 0x1B, 0x39, 0x3D, 0x39, 0x7B, 0x08, 0x00 }, // '뫀'
  { 0x08, 0x7B, 0x79, 0x7D, 0x79, 0x5B, 0x08, 0x00 },
  { 0x08, 0x5B, 0x79, 0x5D, 0x79, 0x5B, 0x08, 0x00 },
  { 0x08, 0x2B, 0x69, 0x5D, 0x69, 0x2B, 0x08, 0x00 },
  { 0x2F, 0x29, 0x39, 0x2F, 0x20, 0x7F, 0x08, 0x00 },
  { 0x17, 0x35, 0x3D, 0x37, 0x30, 0x7F, 0x04, 0x00 },
  { 0x17, 0x35, 0x3D, 0x77, 0x30, 0x7F, 0x04, 0x00 },
  { 0x17, 0x35, 0x3D, 0x77, 0x50, 0x3F, 0x44, 0x00 },
  { 0x17, 0x75, 0x5D, 0x57, 0x50, 0x5F, 0x04, 0x00 },
  { 0x0B, 0x69, 0x4D, 0x5B, 0x38, 0x5F, 0x02, 0x00 },
  { 0x0B, 0x69, 0x4D, 0x4B, 0x28, 0x5F, 0x22, 0x00 },
  { 0x0B, 0x79, 0x5D, 0x5B, 0x58, 0x5F, 0x02, 0x00 },
  { 0x0B, 0x69, 0x6D, 0x5B, 0x58, 0x5F, 0x02, 0x00 },
  { 0x0B, 0x69, 0x5D, 0x5B, 0x18, 0x7F, 0x02, 0x00 },
  { 0x0B, 0x69, 0x5D, 0x7B, 0x58, 0x7F, 0x02, 0x00 },
  { 0x0B, 0x69, 0x5D, 0x7B, 0x68, 0x7F, 0x02, 0x00 },
  { 0x0B, 0x69, 0x5D, 0x5B, 0x48, 0x3F, 0x42, 0x00 }, // '뫐'
  { 0x0B, 0x69, 0x5D, 0x7B, 0x78, 0x5F, 0x02, 0x00 },
  { 0x0B, 0x69, 0x5D, 0x7B, 0x58, 0x7F, 0x52, 0x00 },
  { 0x0B, 0x69, 0x5D, 0x5B, 0x28, 0x5F, 0x22, 0x00 },
  { 0x17, 0x75, 0x5D, 0x57, 0x50, 0x7F, 0x04, 0x00 },
  { 0x0B, 0x79, 0x6D, 0x6B, 0x68, 0x7F, 0x02, 0x00 },
  { 0x0B, 0x79, 0x6D, 0x7B, 0x48, 0x3F, 0x42, 0x00 },
  { 0x17, 0x55, 0x5D, 0x37, 0x50, 0x5F, 0x04, 0x00 },
  { 0x17, 0x55, 0x3D, 0x57, 0x30, 0x5F, 0x04, 0x00 },
  { 0x17, 0x35, 0x5D, 0x57, 0x50, 0x3F, 0x04, 0x00 },
  { 0x0B, 0x59, 0x3D, 0x1B, 0x38, 0x5F, 0x02, 0x00 },
  { 0x0B, 0x29, 0x6D, 0x3B, 0x68, 0x2F, 0x02, 0x00 },
  { 0x0B, 0x19, 0x3D, 0x3B, 0x38, 0x7F, 0x02, 0x00 },
  { 0x0B, 0x79, 0x5D, 0x5B, 0x58, 0x4F, 0x02, 0x00 },
  { 0x0B, 0x59, 0x7D, 0x5B, 0x78, 0x5F, 0x02, 0x00 },
  { 0x0B, 0x29, 0x6D, 0x5B, 0x68, 0x2F, 0x02, 0x00 },
  { 0x2F, 0x39, 0x2F, 0x20, 0x7F, 0x08, 0x7F, 0x00 }, // '뫠'
  { 0x17, 0x3D, 0x37, 0x30, 0x3F, 0x24, 0x7F, 0x00 },
  { 0x17, 0x3D, 0x37, 0x70, 0x3F, 0x24, 0x7F, 0x00 },
  { 0x17, 0x3D, 0x37, 0x70, 0x5F, 0x24, 0x5F, 0x00 },
  { 0x17, 0x7D, 0x57, 0x50, 0x5F, 0x44, 0x5F, 0x00 },
  { 0x0B, 0x6D, 0x4B, 0x48, 0x5F, 0x32, 0x5F, 0x00 },
  { 0x0B, 0x6D, 0x4B, 0x48, 0x2F, 0x52, 0x2F, 0x00 },
  { 0x0B, 0x7D, 0x5B, 0x58, 0x5F, 0x52, 0x5F, 0x00 },
  { 0x0B, 0x6D, 0x6B, 0x58, 0x5F, 0x5A, 0x5F, 0x00 },
  { 0x0B, 0x6D, 0x5B, 0x58, 0x1F, 0x12, 0x7F, 0x00 },
  { 0x0B, 0x6D, 0x5B, 0x58, 0x7F, 0x52, 0x7F, 0x00 },
  { 0x0B, 0x6D, 0x5B, 0x58, 0x7F, 0x62, 0x7F, 0x00 },
  { 0x0B, 0x6D, 0x5B, 0x58, 0x4F, 0x32, 0x4F, 0x00 },
  { 0x0B, 0x6D, 0x5B, 0x58, 0x7F, 0x72, 0x5F, 0x00 },
  { 0x0B, 0x6D, 0x5B, 0x78, 0x5F, 0x72, 0x5F, 0x00 },
  { 0x0B, 0x6D, 0x5B, 0x58, 0x2F, 0x52, 0x2F, 0x00 },
  { 0x17, 0x7D, 0x57, 0x50, 0x5F, 0x54, 0x7F, 0x00 }, // '뫰'
  { 0x0B, 0x7D, 0x6B, 0x68, 0x6F, 0x62, 0x7F, 0x00 },
  { 0x0B, 0x7D, 0x6B, 0x78, 0x4F, 0x32, 0x4F, 0x00 },
  { 0x17, 0x5D, 0x57, 0x30, 0x5F, 0x44, 0x1F, 0x00 },
  { 0x17, 0x5D, 0x37, 0x50, 0x3F, 0x44, 0x1F, 0x00 },
  { 0x17, 0x3D, 0x57, 0x50, 0x5F, 0x54, 0x3F, 0x00 },
  { 0x0B, 0x5D, 0x5B, 0x38, 0x3F, 0x52, 0x5F, 0x00 },
  { 0x0B, 0x2D, 0x6B, 0x38, 0x2F, 0x62, 0x2F, 0x00 },
  { 0x0B, 0x1D, 0x3B, 0x38, 0x3F, 0x32, 0x7F, 0x00 },
  { 0x0B, 0x7D, 0x5B, 0x58, 0x5F, 0x5A, 0x4F, 0x00 },
  { 0x0B, 0x5D, 0x7B, 0x58, 0x5F, 0x72, 0x5F, 0x00 },
  { 0x0B, 0x2D, 0x6B, 0x58, 0x6F, 0x62, 0x2F, 0x00 },
  { 0x00, 0x2F, 0x29, 0x39, 0x2F, 0x20, 0x7F, 0x00 },
  { 0x00, 0x17, 0x35, 0x3D, 0x37, 0x30, 0x7F, 0x00 },
  { 0x00, 0x17, 0x35, 0x3D, 0x77, 0x30, 0x7F, 0x00 },
  { 0x17, 0x35, 0x3D, 0x77, 0x50, 0x3F, 0x40, 0x00 },
  { 0x00, 0x17, 0x75, 0x5D, 0x57, 0x50, 0x5F, 0x00 }, // '묀'
  { 0x00, 0x0B, 0x69, 0x4D, 0x5B, 0x38, 0x5F, 0x00 },
  { 0x0B, 0x69, 0x4D, 0x4B, 0x28, 0x5F, 0x20, 0x00 },
  { 0x00, 0x0B, 0x79, 0x5D, 0x5B, 0x58, 0x5F, 0x00 },
  { 0x00, 0x0B, 0x69, 0x6D, 0x5B, 0x58, 0x5F, 0x00 },
  { 0x00, 0x0B, 0x69, 0x5D, 0x5B, 0x18, 0x7F, 0x00 },
  { 0x00, 0x0B, 0x69, 0x5D, 0x7B, 0x58, 0x7F, 0x00 },
  { 0x00, 0x0B, 0x69, 0x5D, 0x7B, 0x68, 0x7F, 0x00 },
  { 0x0B, 0x69, 0x5D, 0x5B, 0x48, 0x3F, 0x40, 0x00 },
  { 0x00, 0x0B, 0x69, 0x5D, 0x7B, 0x78, 0x5F, 0x00 },
  { 0x0B, 0x69, 0x5D, 0x7B, 0x58, 0x7F, 0x50, 0x00 },
  { 0x0B, 0x69, 0x5D, 0x5B, 0x28, 0x5F, 0x20, 0x00 },
  { 0x00, 0x17, 0x75, 0x5D, 0x57, 0x50, 0x7F, 0x00 },
  { 0x00, 0x0B, 0x79, 0x6D, 0x6B, 0x68, 0x7F, 0x00 },
  { 0x0B, 0x79, 0x6D, 0x7B, 0x48, 0x3F, 0x40, 0x00 },
  { 0x00, 0x17, 0x55, 0x5D, 0x37, 0x50, 0x5F, 0x00 },
  { 0x00, 0x17, 0x55, 0x3D, 0x57, 0x30, 0x5F, 0x00 }, // '묐'
  { 0x00, 0x17, 0x35, 0x5D, 0x57, 0x50, 0x3F, 0x00 },
  { 0x00, 0x0B, 0x59, 0x3D, 0x1B, 0x38, 0x5F, 0x00 },
  { 0x00, 0x0B, 0x29, 0x6D, 0x3B, 0x68, 0x2F, 0x00 },
  { 0x00, 0x0B, 0x19, 0x3D, 0x3B, 0x38, 0x7F, 0x00 },
  { 0x00, 0x0B, 0x79, 0x5D, 0x5B, 0x58, 0x4F, 0x00 },
  { 0x00, 0x0B, 0x59, 0x7D, 0x5B, 0x78, 0x5F, 0x00 },
  { 0x00, 0x0B, 0x29, 0x6D, 0x5B, 0x68, 0x2F, 0x00 },
  { 0x20, 0x2F, 0x39, 0x29, 0x39, 0x2F, 0x20, 0x00 },
  { 0x10, 0x37, 0x3D, 0x35, 0x3D, 0x77, 0x10, 0x00 },
  { 0x10, 0x37, 0x3D, 0x75, 0x3D, 0x77, 0x10, 0x00 },
  { 0x10, 0x37, 0x3D, 0x75, 0x5D, 0x37, 0x50, 0x00 },
  { 0x10, 0x77, 0x5D, 0x55, 0x5D, 0x57, 0x10, 0x00 },
  { 0x08, 0x6B, 0x4D, 0x59, 0x3D, 0x5B, 0x08, 0x00 },
  { 0x08, 0x6B, 0x4D, 0x49, 0x2D, 0x5B, 0x28, 0x00 },
  { 0x08, 0x7B, 0x5D, 0x59, 0x5D, 0x5B, 0x08, 0x00 },
  { 0x08, 0x6B, 0x6D, 0x59, 0x5D, 0x5B, 0x08, 0x00 }, // '묠'
  { 0x08, 0x6B, 0x5D, 0x59, 0x1D, 0x7B, 0x08, 0x00 },
  { 0x08, 0x6B, 0x5D, 0x79, 0x5D, 0x7B, 0x08, 0x00 },
  { 0x08, 0x6B, 0x5D, 0x79, 0x6D, 0x7B, 0x08, 0x00 },
  { 0x08, 0x6B, 0x5D, 0x59, 0x4D, 0x3B, 0x48, 0x00 },
  { 0x08, 0x6B, 0x5D, 0x79, 0x7D, 0x5B, 0x08, 0x00 },
  { 0x08, 0x6B, 0x5D, 0x79, 0x5D, 0x7B, 0x58, 0x00 },
  { 0x08, 0x6B, 0x5D, 0x59, 0x2D, 0x5B, 0x28, 0x00 },
  { 0x10, 0x77, 0x5D, 0x55, 0x5D, 0x77, 0x10, 0x00 },
  { 0x08, 0x7B, 0x6D, 0x69, 0x6D, 0x7B, 0x08, 0x00 },
  { 0x08, 0x7B, 0x6D, 0x79, 0x4D, 0x3B, 0x48, 0x00 },
  { 0x10, 0x57, 0x5D, 0x35, 0x5D, 0x57, 0x10, 0x00 },
  { 0x10, 0x57, 0x3D, 0x55, 0x3D, 0x57, 0x10, 0x00 },
  { 0x10, 0x37, 0x5D, 0x55, 0x5D, 0x37, 0x10, 0x00 },
  { 0x08, 0x5B, 0x3D, 0x19, 0x3D, 0x5B, 0x08, 0x00 },
  { 0x08, 0x2B, 0x6D, 0x39, 0x6D, 0x2B, 0x08, 0x00 },
  { 0x08, 0x1B, 0x3D, 0x39, 0x3D, 0x7B, 0x08, 0x00 }, // '묰'
  { 0x08, 0x7B, 0x7D, 0x79, 0x7D, 0x5B, 0x08, 0x00 },
  { 0x08, 0x5B, 0x7D, 0x59, 0x7D, 0x5B, 0x08, 0x00 },
  { 0x08, 0x2B, 0x6D, 0x59, 0x6D, 0x2B, 0x08, 0x00 },
  { 0x10, 0x17, 0x15, 0x75, 0x15, 0x17, 0x10, 0x00 },
  { 0x08, 0x2F, 0x2D, 0x3D, 0x2D, 0x6F, 0x08, 0x00 },
  { 0x08, 0x2F, 0x2D, 0x7D, 0x2D, 0x6F, 0x08, 0x00 },
  { 0x08, 0x2F, 0x2D, 0x7D, 0x4D, 0x2F, 0x48, 0x00 },
  { 0x08, 0x6F, 0x4D, 0x5D, 0x4D, 0x4F, 0x08, 0x00 },
  { 0x04, 0x77, 0x45, 0x5D, 0x35, 0x57, 0x04, 0x00 },
  { 0x04, 0x77, 0x45, 0x4D, 0x35, 0x57, 0x34, 0x00 },
  { 0x04, 0x77, 0x55, 0x5D, 0x55, 0x57, 0x04, 0x00 },
  { 0x04, 0x17, 0x55, 0x7D, 0x55, 0x47, 0x04, 0x00 },
  { 0x04, 0x57, 0x75, 0x5D, 0x15, 0x77, 0x04, 0x00 },
  { 0x04, 0x57, 0x75, 0x7D, 0x55, 0x77, 0x04, 0x00 },
  { 0x04, 0x57, 0x75, 0x5D, 0x65, 0x77, 0x04, 0x00 },
  { 0x04, 0x57, 0x75, 0x5D, 0x45, 0x37, 0x44, 0x00 }, // '뭀'
  { 0x04, 0x57, 0x75, 0x5D, 0x75, 0x77, 0x54, 0x00 },
  { 0x04, 0x57, 0x75, 0x7D, 0x55, 0x77, 0x54, 0x00 },
  { 0x04, 0x57, 0x75, 0x5D, 0x35, 0x57, 0x34, 0x00 },
  { 0x04, 0x77, 0x55, 0x5D, 0x55, 0x77, 0x04, 0x00 },
  { 0x04, 0x77, 0x65, 0x6D, 0x65, 0x77, 0x04, 0x00 },
  { 0x04, 0x77, 0x65, 0x7D, 0x45, 0x37, 0x44, 0x00 },
  { 0x04, 0x47, 0x25, 0x1D, 0x25, 0x47, 0x04, 0x00 },
  { 0x04, 0x47, 0x35, 0x4D, 0x35, 0x47, 0x04, 0x00 },
  { 0x04, 0x27, 0x55, 0x5D, 0x55, 0x27, 0x04, 0x00 },
  { 0x04, 0x57, 0x35, 0x1D, 0x35, 0x57, 0x04, 0x00 },
  { 0x04, 0x27, 0x65, 0x3D, 0x65, 0x27, 0x04, 0x00 },
  { 0x04, 0x17, 0x35, 0x3D, 0x35, 0x77, 0x04, 0x00 },
  { 0x04, 0x77, 0x75, 0x7D, 0x75, 0x57, 0x04, 0x00 },
  { 0x04, 0x57, 0x75, 0x5D, 0x75, 0x57, 0x04, 0x00 },
  { 0x04, 0x27, 0x65, 0x5D, 0x65, 0x27, 0x04, 0x00 },
  { 0x00, 0x17, 0x15, 0x75, 0x17, 0x20, 0x7F, 0x00 }, // '뭐'
  { 0x00, 0x04, 0x27, 0x3D, 0x27, 0x28, 0x7F, 0x00 },
  { 0x00, 0x04, 0x27, 0x3D, 0x67, 0x28, 0x7F, 0x00 },
  { 0x04, 0x27, 0x3D, 0x67, 0x48, 0x3F, 0x40, 0x00 },
  { 0x00, 0x04, 0x67, 0x5D, 0x47, 0x48, 0x5F, 0x00 },
  { 0x00, 0x04, 0x77, 0x4D, 0x57, 0x38, 0x5F, 0x00 },
  { 0x04, 0x77, 0x4D, 0x47, 0x28, 0x5F, 0x20, 0x00 },
  { 0x00, 0x04, 0x77, 0x5D, 0x57, 0x58, 0x5F, 0x00 },
  { 0x00, 0x04, 0x17, 0x5D, 0x77, 0x58, 0x4F, 0x00 },
  { 0x00, 0x04, 0x57, 0x7D, 0x57, 0x18, 0x7F, 0x00 },
  { 0x00, 0x04, 0x57, 0x7D, 0x77, 0x58, 0x7F, 0x00 },
  { 0x00, 0x04, 0x57, 0x7D, 0x57, 0x68, 0x7F, 0x00 },
  { 0x04, 0x57, 0x7D, 0x57, 0x48, 0x3F, 0x40, 0x00 },
  { 0x04, 0x57, 0x7D, 0x57, 0x78, 0x7F, 0x50, 0x00 },
  { 0x04, 0x57, 0x7D, 0x77, 0x58, 0x7F, 0x50, 0x00 },
  { 0x04, 0x57, 0x7D, 0x57, 0x28, 0x5F, 0x20, 0x00 },
  { 0x00, 0x04, 0x77, 0x5D, 0x57, 0x58, 0x7F, 0x00 }, // '뭠'
  { 0x00, 0x04, 0x77, 0x6D, 0x67, 0x68, 0x7F, 0x00 },
  { 0x04, 0x77, 0x6D, 0x77, 0x48, 0x3F, 0x40, 0x00 },
  { 0x00, 0x04, 0x47, 0x2D, 0x17, 0x28, 0x4F, 0x00 },
  { 0x00, 0x04, 0x4F, 0x35, 0x47, 0x38, 0x4F, 0x00 },
  { 0x00, 0x04, 0x27, 0x5D, 0x57, 0x58, 0x2F, 0x00 },
  { 0x00, 0x04, 0x57, 0x3D, 0x17, 0x38, 0x5F, 0x00 },
  { 0x00, 0x04, 0x27, 0x6D, 0x37, 0x68, 0x2F, 0x00 },
  { 0x00, 0x04, 0x17, 0x3D, 0x37, 0x38, 0x7F, 0x00 },
  { 0x00, 0x04, 0x77, 0x7D, 0x77, 0x78, 0x5F, 0x00 },
  { 0x00, 0x04, 0x57, 0x7D, 0x57, 0x78, 0x5F, 0x00 },
  { 0x00, 0x04, 0x27, 0x6D, 0x57, 0x68, 0x2F, 0x00 },
  { 0x17, 0x75, 0x17, 0x20, 0x7F, 0x00, 0x7F, 0x00 },
  { 0x07, 0x3D, 0x27, 0x28, 0x3F, 0x20, 0x7F, 0x00 },
  { 0x07, 0x3D, 0x27, 0x68, 0x3F, 0x20, 0x7F, 0x00 },
  { 0x07, 0x3D, 0x27, 0x68, 0x5F, 0x20, 0x5F, 0x00 },
  { 0x07, 0x6D, 0x47, 0x48, 0x5F, 0x40, 0x5F, 0x00 }, // '뭰'
  { 0x07, 0x6D, 0x47, 0x48, 0x5F, 0x30, 0x5F, 0x00 },
  { 0x07, 0x6D, 0x47, 0x48, 0x2F, 0x50, 0x2F, 0x00 },
  { 0x07, 0x7D, 0x57, 0x58, 0x5F, 0x50, 0x5F, 0x00 },
  { 0x07, 0x1D, 0x57, 0x78, 0x7F, 0x50, 0x4F, 0x00 },
  { 0x07, 0x5D, 0x77, 0x58, 0x1F, 0x10, 0x7F, 0x00 },
  { 0x07, 0x5D, 0x77, 0x58, 0x7F, 0x50, 0x7F, 0x00 },
  { 0x07, 0x5D, 0x77, 0x58, 0x7F, 0x60, 0x7F, 0x00 },
  { 0x07, 0x5D, 0x77, 0x58, 0x4F, 0x30, 0x4F, 0x00 },
  { 0x07, 0x5D, 0x77, 0x58, 0x7F, 0x70, 0x5F, 0x00 },
  { 0x07, 0x5D, 0x77, 0x78, 0x5F, 0x70, 0x5F, 0x00 },
  { 0x07, 0x5D, 0x77, 0x58, 0x2F, 0x50, 0x2F, 0x00 },
  { 0x07, 0x7D, 0x57, 0x58, 0x5F, 0x50, 0x7F, 0x00 },
  { 0x07, 0x7D, 0x67, 0x68, 0x6F, 0x60, 0x7F, 0x00 },
  { 0x07, 0x7D, 0x67, 0x78, 0x4F, 0x30, 0x4F, 0x00 },
  { 0x07, 0x4D, 0x27, 0x18, 0x2F, 0x40, 0x0F, 0x00 },
  { 0x07, 0x4D, 0x37, 0x48, 0x3F, 0x40, 0x0F, 0x00 }, // '뮀'
  { 0x07, 0x2D, 0x57, 0x58, 0x5F, 0x50, 0x2F, 0x00 },
  { 0x07, 0x5D, 0x57, 0x38, 0x3F, 0x50, 0x5F, 0x00 },
  { 0x07, 0x2D, 0x67, 0x38, 0x2F, 0x60, 0x2F, 0x00 },
  { 0x07, 0x1D, 0x37, 0x38, 0x3F, 0x30, 0x7F, 0x00 },
  { 0x07, 0x7D, 0x77, 0x78, 0x7F, 0x70, 0x5F, 0x00 },
  { 0x07, 0x5D, 0x77, 0x58, 0x5F, 0x70, 0x5F, 0x00 },
  { 0x07, 0x2D, 0x67, 0x58, 0x6F, 0x60, 0x2F, 0x00 },
  { 0x00, 0x17, 0x15, 0x75, 0x17, 0x10, 0x7F, 0x00 },
  { 0x00, 0x08, 0x2F, 0x3D, 0x2F, 0x28, 0x6F, 0x00 },
  { 0x00, 0x08, 0x2F, 0x3D, 0x6F, 0x28, 0x6F, 0x00 },
  { 0x08, 0x2F, 0x3D, 0x6F, 0x48, 0x2F, 0x40, 0x00 },
  { 0x00, 0x08, 0x6F, 0x5D, 0x4F, 0x48, 0x5F, 0x00 },
  { 0x00, 0x04, 0x77, 0x4D, 0x57, 0x34, 0x57, 0x00 },
  { 0x04, 0x77, 0x4D, 0x57, 0x34, 0x5F, 0x30, 0x00 },
  { 0x00, 0x04, 0x77, 0x5D, 0x57, 0x54, 0x57, 0x00 },
  { 0x00, 0x04, 0x17, 0x5D, 0x77, 0x54, 0x4F, 0x00 }, // '뮐'
  { 0x00, 0x04, 0x57, 0x7D, 0x57, 0x14, 0x77, 0x00 },
  { 0x00, 0x04, 0x57, 0x7D, 0x77, 0x54, 0x77, 0x00 },
  { 0x00, 0x04, 0x57, 0x7D, 0x77, 0x64, 0x77, 0x00 },
  { 0x04, 0x57, 0x7D, 0x57, 0x44, 0x37, 0x40, 0x00 },
  { 0x04, 0x57, 0x7D, 0x57, 0x74, 0x77, 0x50, 0x00 },
  { 0x04, 0x57, 0x7D, 0x77, 0x54, 0x77, 0x50, 0x00 },
  { 0x04, 0x57, 0x7D, 0x57, 0x34, 0x5F, 0x30, 0x00 },
  { 0x00, 0x04, 0x77, 0x5D, 0x57, 0x54, 0x77, 0x00 },
  { 0x00, 0x04, 0x77, 0x6D, 0x67, 0x64, 0x77, 0x00 },
  { 0x04, 0x77, 0x6D, 0x77, 0x44, 0x37, 0x40, 0x00 },
  { 0x00, 0x04, 0x47, 0x2D, 0x17, 0x24, 0x4F, 0x00 },
  { 0x00, 0x04, 0x4F, 0x35, 0x47, 0x34, 0x4F, 0x00 },
  { 0x00, 0x04, 0x27, 0x5D, 0x57, 0x54, 0x2F, 0x00 },
  { 0x00, 0x04, 0x57, 0x3D, 0x17, 0x34, 0x57, 0x00 },
  { 0x00, 0x04, 0x27, 0x6D, 0x37, 0x64, 0x2F, 0x00 },
  { 0x00, 0x04, 0x17, 0x3D, 0x37, 0x34, 0x77, 0x00 }, // '뮠'
  { 0x00, 0x04, 0x77, 0x7D, 0x77, 0x74, 0x57, 0x00 },
  { 0x00, 0x04, 0x57, 0x7D, 0x57, 0x74, 0x57, 0x00 },
  { 0x00, 0x04, 0x27, 0x6D, 0x57, 0x64, 0x2F, 0x00 },
  { 0x10, 0x17, 0x75, 0x15, 0x75, 0x17, 0x10, 0x00 },
  { 0x08, 0x2F, 0x3D, 0x2D, 0x3D, 0x6F, 0x08, 0x00 },
  { 0x08, 0x2F, 0x3D, 0x6D, 0x3D, 0x6F, 0x08, 0x00 },
  { 0x08, 0x2F, 0x3D, 0x6D, 0x5D, 0x2F, 0x48, 0x00 },
  { 0x08, 0x6F, 0x5D, 0x4D, 0x5D, 0x4F, 0x08, 0x00 },
  { 0x04, 0x77, 0x4D, 0x55, 0x3D, 0x57, 0x04, 0x00 },
  { 0x04, 0x77, 0x4D, 0x55, 0x3D, 0x57, 0x34, 0x00 },
  { 0x04, 0x77, 0x5D, 0x55, 0x5D, 0x57, 0x04, 0x00 },
  { 0x04, 0x17, 0x5D, 0x75, 0x5D, 0x47, 0x04, 0x00 },
  { 0x04, 0x57, 0x7D, 0x55, 0x1D, 0x77, 0x04, 0x00 },
  { 0x04, 0x57, 0x7D, 0x75, 0x5D, 0x77, 0x04, 0x00 },
  { 0x04, 0x57, 0x7D, 0x55, 0x6D, 0x77, 0x04, 0x00 },
  { 0x04, 0x57, 0x7D, 0x55, 0x4D, 0x37, 0x44, 0x00 }, // '뮰'
  { 0x04, 0x57, 0x7D, 0x55, 0x7D, 0x77, 0x54, 0x00 },
  { 0x04, 0x57, 0x7D, 0x75, 0x5D, 0x77, 0x54, 0x00 },
  { 0x04, 0x57, 0x7D, 0x55, 0x3D, 0x57, 0x34, 0x00 },
  { 0x04, 0x77, 0x5D, 0x55, 0x5D, 0x77, 0x04, 0x00 },
  { 0x04, 0x77, 0x6D, 0x65, 0x6D, 0x77, 0x04, 0x00 },
  { 0x04, 0x77, 0x6D, 0x75, 0x4D, 0x37, 0x44, 0x00 },
  { 0x04, 0x47, 0x2D, 0x15, 0x2D, 0x47, 0x04, 0x00 },
  { 0x04, 0x47, 0x2D, 0x45, 0x2D, 0x47, 0x04, 0x00 },
  { 0x04, 0x27, 0x5D, 0x55, 0x5D, 0x27, 0x04, 0x00 },
  { 0x04, 0x57, 0x3D, 0x15, 0x3D, 0x57, 0x04, 0x00 },
  { 0x04, 0x27, 0x6D, 0x35, 0x6D, 0x27, 0x04, 0x00 },
  { 0x04, 0x17, 0x3D, 0x35, 0x3D, 0x77, 0x04, 0x00 },
  { 0x04, 0x77, 0x7D, 0x75, 0x7D, 0x57, 0x04, 0x00 },
  { 0x04, 0x57, 0x7D, 0x55, 0x7D, 0x57, 0x04, 0x00 },
  { 0x04, 0x27, 0x6D, 0x55, 0x6D, 0x27, 0x04, 0x00 },
  { 0x20, 0x2F, 0x29, 0x29, 0x29, 0x2F, 0x20, 0x00 }, // '므'
  { 0x08, 0x2F, 0x2D, 0x2D, 0x2D, 0x6F, 0x08, 0x00 },
  { 0x08, 0x2F, 0x2D, 0x6D, 0x2D, 0x6F, 0x08, 0x00 },
  { 0x08, 0x2F, 0x2D, 0x6D, 0x4D, 0x2F, 0x48, 0x00 },
  { 0x10, 0x77, 0x55, 0x55, 0x55, 0x57, 0x10, 0x00 },
  { 0x04, 0x77, 0x45, 0x55, 0x35, 0x57, 0x04, 0x00 },
  { 0x04, 0x77, 0x45, 0x55, 0x35, 0x57, 0x34, 0x00 },
  { 0x04, 0x77, 0x55, 0x55, 0x55, 0x57, 0x04, 0x00 },
  { 0x04, 0x6F, 0x6D, 0x5D, 0x5D, 0x5F, 0x04, 0x00 },
  { 0x04, 0x6F, 0x5D, 0x5D, 0x0D, 0x7F, 0x04, 0x00 },
  { 0x04, 0x6F, 0x5D, 0x7D, 0x4D, 0x7F, 0x04, 0x00 },
  { 0x04, 0x6F, 0x5D, 0x7D, 0x55, 0x7F, 0x04, 0x00 },
  { 0x04, 0x6F, 0x5D, 0x5D, 0x65, 0x1F, 0x64, 0x00 },
  { 0x04, 0x6F, 0x5D, 0x7D, 0x5D, 0x4F, 0x04, 0x00 },
  { 0x04, 0x6F, 0x5D, 0x7D, 0x4D, 0x7F, 0x4C, 0x00 },
  { 0x04, 0x6F, 0x5D, 0x5D, 0x35, 0x5F, 0x34, 0x00 },
  { 0x04, 0x77, 0x55, 0x55, 0x55, 0x77, 0x04, 0x00 }, // '믐'
  { 0x04, 0x77, 0x65, 0x65, 0x65, 0x77, 0x04, 0x00 },
  { 0x04, 0x77, 0x65, 0x75, 0x45, 0x37, 0x44, 0x00 },
  { 0x08, 0x4F, 0x2D, 0x1D, 0x2D, 0x4F, 0x08, 0x00 },
  { 0x08, 0x4F, 0x3D, 0x4D, 0x3D, 0x4F, 0x08, 0x00 },
  { 0x04, 0x27, 0x55, 0x55, 0x55, 0x27, 0x04, 0x00 },
  { 0x04, 0x57, 0x35, 0x15, 0x35, 0x57, 0x04, 0x00 },
  { 0x04, 0x57, 0x35, 0x1D, 0x35, 0x57, 0x04, 0x00 },
  { 0x04, 0x17, 0x35, 0x35, 0x35, 0x77, 0x04, 0x00 },
  { 0x04, 0x7F, 0x5D, 0x5D, 0x5D, 0x4F, 0x04, 0x00 },
  { 0x04, 0x57, 0x75, 0x55, 0x75, 0x57, 0x04, 0x00 },
  { 0x04, 0x17, 0x35, 0x5D, 0x35, 0x17, 0x04, 0x00 },
  { 0x00, 0x2F, 0x29, 0x29, 0x2F, 0x20, 0x7F, 0x00 },
  { 0x00, 0x08, 0x2F, 0x2D, 0x2F, 0x28, 0x6F, 0x00 },
  { 0x00, 0x08, 0x2F, 0x2D, 0x6F, 0x28, 0x6F, 0x00 },
  { 0x08, 0x2F, 0x2D, 0x6F, 0x48, 0x2F, 0x40, 0x00 },
  { 0x00, 0x17, 0x75, 0x55, 0x57, 0x50, 0x5F, 0x00 }, // '믠'
  { 0x00, 0x04, 0x77, 0x45, 0x57, 0x34, 0x57, 0x00 },
  { 0x04, 0x77, 0x45, 0x57, 0x34, 0x5F, 0x30, 0x00 },
  { 0x00, 0x04, 0x77, 0x55, 0x57, 0x54, 0x57, 0x00 },
  { 0x00, 0x04, 0x6F, 0x6D, 0x5F, 0x5C, 0x5F, 0x00 },
  { 0x00, 0x04, 0x6F, 0x5D, 0x5F, 0x0C, 0x7F, 0x00 },
  { 0x00, 0x04, 0x6F, 0x5D, 0x7F, 0x4C, 0x7F, 0x00 },
  { 0x00, 0x04, 0x6F, 0x5D, 0x7F, 0x54, 0x7F, 0x00 },
  { 0x04, 0x6F, 0x5D, 0x5F, 0x44, 0x37, 0x40, 0x00 },
  { 0x00, 0x04, 0x6F, 0x5D, 0x7F, 0x5C, 0x4F, 0x00 },
  { 0x04, 0x6F, 0x5D, 0x7F, 0x4C, 0x7F, 0x48, 0x00 },
  { 0x04, 0x6F, 0x5D, 0x5F, 0x34, 0x5F, 0x30, 0x00 },
  { 0x00, 0x04, 0x77, 0x55, 0x57, 0x54, 0x77, 0x00 },
  { 0x00, 0x08, 0x7F, 0x6D, 0x6F, 0x68, 0x7F, 0x00 },
  { 0x08, 0x7F, 0x6D, 0x7F, 0x48, 0x3F, 0x40, 0x00 },
  { 0x00, 0x08, 0x4F, 0x2D, 0x1F, 0x28, 0x4F, 0x00 },
  { 0x00, 0x08, 0x4F, 0x3D, 0x4F, 0x38, 0x4F, 0x00 }, // '믰'
  { 0x00, 0x04, 0x27, 0x55, 0x57, 0x54, 0x2F, 0x00 },
  { 0x00, 0x04, 0x57, 0x35, 0x17, 0x34, 0x57, 0x00 },
  { 0x00, 0x04, 0x57, 0x35, 0x1F, 0x34, 0x57, 0x00 },
  { 0x00, 0x04, 0x17, 0x35, 0x37, 0x34, 0x77, 0x00 },
  { 0x00, 0x04, 0x7F, 0x5D, 0x5F, 0x5C, 0x4F, 0x00 },
  { 0x00, 0x04, 0x57, 0x75, 0x57, 0x74, 0x57, 0x00 },
  { 0x00, 0x04, 0x17, 0x35, 0x5F, 0x34, 0x17, 0x00 },
  { 0x00, 0x3F, 0x21, 0x21, 0x3F, 0x00, 0x7F, 0x00 },
  { 0x00, 0x0F, 0x29, 0x29, 0x2F, 0x20, 0x6F, 0x00 },
  { 0x00, 0x0F, 0x29, 0x29, 0x6F, 0x20, 0x6F, 0x00 },
  { 0x0F, 0x29, 0x29, 0x6F, 0x40, 0x2F, 0x40, 0x00 },
  { 0x00, 0x0F, 0x69, 0x49, 0x4F, 0x40, 0x5F, 0x00 },
  { 0x00, 0x07, 0x75, 0x45, 0x57, 0x30, 0x57, 0x00 },
  { 0x07, 0x75, 0x45, 0x57, 0x30, 0x5F, 0x30, 0x00 },
  { 0x00, 0x07, 0x75, 0x55, 0x57, 0x50, 0x57, 0x00 },
  { 0x00, 0x07, 0x6D, 0x6D, 0x5F, 0x58, 0x5F, 0x00 }, // '밀'
  { 0x00, 0x07, 0x6D, 0x5D, 0x5F, 0x08, 0x7F, 0x00 },
  { 0x00, 0x07, 0x6D, 0x5D, 0x7F, 0x48, 0x7F, 0x00 },
  { 0x00, 0x07, 0x6D, 0x5D, 0x7F, 0x50, 0x7F, 0x00 },
  { 0x07, 0x6D, 0x5D, 0x5F, 0x40, 0x37, 0x40, 0x00 },
  { 0x00, 0x07, 0x6D, 0x5D, 0x7F, 0x58, 0x4F, 0x00 },
  { 0x07, 0x6D, 0x5D, 0x7F, 0x48, 0x7F, 0x48, 0x00 },
  { 0x07, 0x6D, 0x5D, 0x5F, 0x30, 0x5F, 0x30, 0x00 },
  { 0x00, 0x07, 0x75, 0x55, 0x57, 0x50, 0x77, 0x00 },
  { 0x00, 0x0F, 0x79, 0x69, 0x6F, 0x60, 0x7F, 0x00 },
  { 0x0F, 0x79, 0x69, 0x7F, 0x40, 0x37, 0x40, 0x00 },
  { 0x00, 0x0F, 0x49, 0x29, 0x1F, 0x20, 0x4F, 0x00 },
  { 0x00, 0x0F, 0x49, 0x39, 0x4F, 0x30, 0x4F, 0x00 },
  { 0x00, 0x07, 0x25, 0x55, 0x57, 0x50, 0x27, 0x00 },
  { 0x00, 0x07, 0x55, 0x35, 0x17, 0x30, 0x57, 0x00 },
  { 0x00, 0x07, 0x55, 0x35, 0x1F, 0x30, 0x57, 0x00 },
  { 0x00, 0x07, 0x15, 0x35, 0x37, 0x30, 0x77, 0x00 }, // '밐'
  { 0x00, 0x07, 0x7D, 0x5D, 0x5F, 0x58, 0x4F, 0x00 },
  { 0x00, 0x07, 0x55, 0x75, 0x57, 0x70, 0x57, 0x00 },
  { 0x00, 0x07, 0x15, 0x35, 0x5F, 0x30, 0x17, 0x00 },
  { 0x3F, 0x24, 0x24, 0x3F, 0x00, 0x7F, 0x08, 0x00 },
  { 0x0F, 0x2A, 0x2A, 0x2F, 0x20, 0x6F, 0x02, 0x00 },
  { 0x0F, 0x2A, 0x2A, 0x6F, 0x20, 0x6F, 0x02, 0x00 },
  { 0x0F, 0x2A, 0x2A, 0x6F, 0x40, 0x2F, 0x42, 0x00 },
  { 0x0F, 0x6A, 0x4A, 0x4F, 0x40, 0x5F, 0x04, 0x00 },
  { 0x0F, 0x6A, 0x4A, 0x5F, 0x30, 0x5F, 0x02, 0x00 },
  { 0x0F, 0x6A, 0x4A, 0x4F, 0x30, 0x5F, 0x32, 0x00 },
  { 0x0F, 0x7A, 0x5A, 0x5F, 0x50, 0x5F, 0x02, 0x00 },
  { 0x0F, 0x6A, 0x6A, 0x5F, 0x58, 0x5F, 0x02, 0x00 },
  { 0x0F, 0x6A, 0x5A, 0x5F, 0x10, 0x7F, 0x02, 0x00 },
  { 0x0F, 0x6A, 0x5A, 0x7F, 0x50, 0x7F, 0x02, 0x00 },
  { 0x0F, 0x6A, 0x5A, 0x7F, 0x60, 0x7F, 0x02, 0x00 },
  { 0x0F, 0x6A, 0x5A, 0x5F, 0x40, 0x37, 0x42, 0x00 }, // '밠'
  { 0x0F, 0x6A, 0x5A, 0x7F, 0x70, 0x5F, 0x02, 0x00 },
  { 0x0F, 0x6A, 0x5A, 0x7F, 0x50, 0x7F, 0x52, 0x00 },
  { 0x0F, 0x6A, 0x5A, 0x5F, 0x30, 0x5F, 0x32, 0x00 },
  { 0x0F, 0x7A, 0x5A, 0x5F, 0x50, 0x7F, 0x02, 0x00 },
  { 0x0F, 0x7A, 0x6A, 0x6F, 0x60, 0x7F, 0x02, 0x00 },
  { 0x0F, 0x7A, 0x6A, 0x7F, 0x40, 0x37, 0x42, 0x00 },
  { 0x0F, 0x4A, 0x2A, 0x1F, 0x20, 0x4F, 0x02, 0x00 },
  { 0x0F, 0x4A, 0x3A, 0x4F, 0x30, 0x4F, 0x02, 0x00 },
  { 0x0F, 0x2A, 0x5A, 0x5F, 0x50, 0x2F, 0x02, 0x00 },
  { 0x0F, 0x5A, 0x3A, 0x1F, 0x30, 0x5F, 0x02, 0x00 },
  { 0x07, 0x56, 0x36, 0x1F, 0x30, 0x57, 0x02, 0x00 },
  { 0x0F, 0x1A, 0x3A, 0x3F, 0x30, 0x7F, 0x02, 0x00 },
  { 0x0F, 0x7A, 0x5A, 0x5F, 0x58, 0x4F, 0x02, 0x00 },
  { 0x0F, 0x5A, 0x7A, 0x5F, 0x70, 0x5F, 0x02, 0x00 },
  { 0x07, 0x16, 0x36, 0x5F, 0x30, 0x17, 0x02, 0x00 },
  { 0x3F, 0x24, 0x3F, 0x00, 0x7F, 0x08, 0x7F, 0x00 }, // '배'
  { 0x0F, 0x2A, 0x2F, 0x20, 0x2F, 0x22, 0x6F, 0x00 },
  { 0x0F, 0x2A, 0x2F, 0x60, 0x2F, 0x22, 0x6F, 0x00 },
  { 0x0F, 0x2A, 0x2F, 0x60, 0x4F, 0x22, 0x4F, 0x00 },
  { 0x0F, 0x6A, 0x4F, 0x40, 0x5F, 0x44, 0x5F, 0x00 },
  { 0x0F, 0x6A, 0x4F, 0x40, 0x5F, 0x32, 0x5F, 0x00 },
  { 0x0F, 0x6A, 0x4F, 0x50, 0x3F, 0x52, 0x3F, 0x00 },
  { 0x0F, 0x7A, 0x5F, 0x50, 0x5F, 0x52, 0x5F, 0x00 },
  { 0x0F, 0x6A, 0x6F, 0x58, 0x5F, 0x5A, 0x5F, 0x00 },
  { 0x0F, 0x6A, 0x5F, 0x58, 0x0F, 0x0A, 0x7F, 0x00 },
  { 0x0F, 0x6A, 0x5F, 0x58, 0x7F, 0x4A, 0x7F, 0x00 },
  { 0x0F, 0x6A, 0x5F, 0x58, 0x7F, 0x52, 0x7F, 0x00 },
  { 0x0F, 0x6A, 0x5F, 0x58, 0x4F, 0x32, 0x4F, 0x00 },
  { 0x0F, 0x6A, 0x5F, 0x58, 0x7F, 0x5A, 0x4F, 0x00 },
  { 0x0F, 0x6A, 0x5F, 0x78, 0x4F, 0x7A, 0x4F, 0x00 },
  { 0x0F, 0x6A, 0x5F, 0x58, 0x37, 0x5A, 0x37, 0x00 },
  { 0x0F, 0x7A, 0x5F, 0x50, 0x5F, 0x52, 0x7F, 0x00 }, // '뱀'
  { 0x0F, 0x7A, 0x6F, 0x60, 0x6F, 0x62, 0x7F, 0x00 },
  { 0x0F, 0x7A, 0x6F, 0x70, 0x4F, 0x32, 0x4F, 0x00 },
  { 0x0F, 0x4A, 0x2F, 0x10, 0x2F, 0x42, 0x0F, 0x00 },
  { 0x0F, 0x4A, 0x2F, 0x40, 0x2F, 0x42, 0x0F, 0x00 },
  { 0x0F, 0x2A, 0x5F, 0x50, 0x5F, 0x52, 0x2F, 0x00 },
  { 0x0F, 0x5A, 0x5F, 0x30, 0x3F, 0x52, 0x5F, 0x00 },
  { 0x0F, 0x2A, 0x6F, 0x30, 0x2F, 0x62, 0x2F, 0x00 },
  { 0x0F, 0x1A, 0x3F, 0x30, 0x3F, 0x32, 0x7F, 0x00 },
  { 0x0F, 0x7A, 0x5F, 0x58, 0x5F, 0x5A, 0x4F, 0x00 },
  { 0x0F, 0x5A, 0x7F, 0x50, 0x5F, 0x72, 0x5F, 0x00 },
  { 0x0F, 0x2A, 0x6F, 0x50, 0x6F, 0x62, 0x2F, 0x00 },
  { 0x3F, 0x24, 0x24, 0x3F, 0x00, 0x7F, 0x12, 0x00 },
  { 0x0F, 0x2A, 0x2A, 0x2F, 0x20, 0x7F, 0x0A, 0x00 },
  { 0x0F, 0x2A, 0x2A, 0x6F, 0x20, 0x7F, 0x0A, 0x00 },
  { 0x0F, 0x2A, 0x2A, 0x6F, 0x40, 0x3F, 0x4A, 0x00 },
  { 0x0F, 0x6A, 0x4A, 0x4F, 0x40, 0x5F, 0x0A, 0x00 }, // '뱐'
  { 0x0F, 0x6A, 0x4A, 0x5F, 0x30, 0x5F, 0x0A, 0x00 },
  { 0x0F, 0x6A, 0x4A, 0x4F, 0x30, 0x5F, 0x35, 0x00 },
  { 0x0F, 0x7A, 0x5A, 0x5F, 0x50, 0x5F, 0x0A, 0x00 },
  { 0x0F, 0x6A, 0x6A, 0x5F, 0x58, 0x5F, 0x0A, 0x00 },
  { 0x0F, 0x6A, 0x5A, 0x5F, 0x10, 0x7F, 0x0A, 0x00 },
  { 0x0F, 0x6A, 0x5A, 0x7F, 0x50, 0x7F, 0x0A, 0x00 },
  { 0x0F, 0x6A, 0x5A, 0x7F, 0x60, 0x7F, 0x0A, 0x00 },
  { 0x0F, 0x6A, 0x5A, 0x5F, 0x40, 0x3F, 0x4A, 0x00 },
  { 0x0F, 0x6A, 0x5A, 0x7F, 0x70, 0x5F, 0x0A, 0x00 },
  { 0x0F, 0x6A, 0x5A, 0x7F, 0x50, 0x7F, 0x55, 0x00 },
  { 0x0F, 0x6A, 0x5A, 0x5F, 0x30, 0x5F, 0x35, 0x00 },
  { 0x0F, 0x7A, 0x5A, 0x5F, 0x50, 0x7F, 0x0A, 0x00 },
  { 0x0F, 0x7A, 0x6A, 0x6F, 0x60, 0x7F, 0x0A, 0x00 },
  { 0x0F, 0x7A, 0x6A, 0x7F, 0x40, 0x3F, 0x4A, 0x00 },
  { 0x0F, 0x4A, 0x2A, 0x1F, 0x20, 0x5F, 0x0A, 0x00 },
  { 0x0F, 0x4A, 0x3A, 0x4F, 0x30, 0x4F, 0x0A, 0x00 }, // '뱠'
  { 0x0F, 0x2A, 0x5A, 0x5F, 0x50, 0x2F, 0x0A, 0x00 },
  { 0x0F, 0x5A, 0x3A, 0x1F, 0x30, 0x5F, 0x0A, 0x00 },
  { 0x07, 0x56, 0x36, 0x1F, 0x30, 0x5F, 0x05, 0x00 },
  { 0x0F, 0x1A, 0x3A, 0x3F, 0x30, 0x7F, 0x0A, 0x00 },
  { 0x0F, 0x7A, 0x5A, 0x5F, 0x58, 0x4F, 0x0A, 0x00 },
  { 0x0F, 0x5A, 0x7A, 0x5F, 0x70, 0x5F, 0x0A, 0x00 },
  { 0x07, 0x16, 0x36, 0x5F, 0x30, 0x1F, 0x05, 0x00 },
  { 0x3F, 0x24, 0x3F, 0x00, 0x7F, 0x12, 0x7F, 0x00 },
  { 0x0F, 0x2A, 0x2F, 0x20, 0x3F, 0x2A, 0x7F, 0x00 },
  { 0x0F, 0x2A, 0x2F, 0x60, 0x3F, 0x2A, 0x7F, 0x00 },
  { 0x0F, 0x2A, 0x2F, 0x60, 0x5F, 0x2A, 0x5F, 0x00 },
  { 0x0F, 0x6A, 0x4F, 0x40, 0x5F, 0x4A, 0x5F, 0x00 },
  { 0x0F, 0x6A, 0x4F, 0x40, 0x5F, 0x35, 0x5F, 0x00 },
  { 0x0F, 0x6A, 0x4F, 0x40, 0x2F, 0x55, 0x2F, 0x00 },
  { 0x0F, 0x7A, 0x5F, 0x50, 0x5F, 0x55, 0x5F, 0x00 },
  { 0x0F, 0x6A, 0x6F, 0x58, 0x5F, 0x55, 0x5F, 0x00 }, // '뱰'
  { 0x0F, 0x6A, 0x5F, 0x58, 0x1F, 0x15, 0x7F, 0x00 },
  { 0x0F, 0x6A, 0x5F, 0x58, 0x7F, 0x55, 0x7F, 0x00 },
  { 0x0F, 0x6A, 0x5F, 0x58, 0x7F, 0x65, 0x7F, 0x00 },
  { 0x0F, 0x6A, 0x5F, 0x58, 0x4F, 0x35, 0x4F, 0x00 },
  { 0x0F, 0x6A, 0x5F, 0x58, 0x7F, 0x75, 0x5F, 0x00 },
  { 0x0F, 0x6A, 0x5F, 0x78, 0x5F, 0x75, 0x5F, 0x00 },
  { 0x0F, 0x6A, 0x5F, 0x58, 0x2F, 0x55, 0x2F, 0x00 },
  { 0x0F, 0x7A, 0x5F, 0x50, 0x5F, 0x55, 0x7F, 0x00 },
  { 0x0F, 0x7A, 0x6F, 0x60, 0x6F, 0x65, 0x7F, 0x00 },
  { 0x0F, 0x7A, 0x6F, 0x70, 0x4F, 0x35, 0x4F, 0x00 },
  { 0x0F, 0x4A, 0x2F, 0x10, 0x2F, 0x45, 0x0F, 0x00 },
  { 0x0F, 0x4A, 0x2F, 0x40, 0x2F, 0x45, 0x0F, 0x00 },
  { 0x0F, 0x2A, 0x5F, 0x50, 0x5F, 0x55, 0x2F, 0x00 },
  { 0x0F, 0x5A, 0x5F, 0x30, 0x3F, 0x55, 0x5F, 0x00 },
  { 0x0F, 0x2A, 0x6F, 0x30, 0x2F, 0x65, 0x2F, 0x00 },
  { 0x0F, 0x1A, 0x3F, 0x30, 0x3F, 0x35, 0x7F, 0x00 }, // '벀'
  { 0x0F, 0x7A, 0x5F, 0x58, 0x5F, 0x55, 0x4F, 0x00 },
  { 0x0F, 0x5A, 0x7F, 0x50, 0x5F, 0x75, 0x5F, 0x00 },
  { 0x0F, 0x2A, 0x6F, 0x50, 0x6F, 0x65, 0x2F, 0x00 },
  { 0x00, 0x3F, 0x24, 0x24, 0x3F, 0x04, 0x7F, 0x00 },
  { 0x00, 0x0F, 0x2A, 0x2A, 0x2F, 0x22, 0x6F, 0x00 },
  { 0x00, 0x0F, 0x2A, 0x2A, 0x6F, 0x22, 0x6F, 0x00 },
  { 0x0F, 0x2A, 0x2A, 0x6F, 0x42, 0x2F, 0x40, 0x00 },
  { 0x00, 0x0F, 0x6A, 0x4A, 0x4F, 0x42, 0x5F, 0x00 },
  { 0x00, 0x0F, 0x6A, 0x4A, 0x5F, 0x32, 0x5F, 0x00 },
  { 0x0F, 0x6A, 0x4A, 0x4F, 0x32, 0x5F, 0x30, 0x00 },
  { 0x00, 0x0F, 0x7A, 0x5A, 0x5F, 0x52, 0x5F, 0x00 },
  { 0x00, 0x0F, 0x6A, 0x6A, 0x5F, 0x5A, 0x5F, 0x00 },
  { 0x00, 0x0F, 0x6A, 0x5A, 0x5F, 0x12, 0x7F, 0x00 },
  { 0x00, 0x0F, 0x6A, 0x5A, 0x7F, 0x52, 0x7F, 0x00 },
  { 0x00, 0x0F, 0x6A, 0x5A, 0x7F, 0x62, 0x7F, 0x00 },
  { 0x0F, 0x6A, 0x5A, 0x5F, 0x42, 0x37, 0x40, 0x00 }, // '벐'
  { 0x00, 0x0F, 0x6A, 0x5A, 0x7F, 0x72, 0x5F, 0x00 },
  { 0x0F, 0x6A, 0x5A, 0x7F, 0x52, 0x7F, 0x50, 0x00 },
  { 0x0F, 0x6A, 0x5A, 0x5F, 0x32, 0x5F, 0x30, 0x00 },
  { 0x00, 0x0F, 0x7A, 0x5A, 0x5F, 0x52, 0x7F, 0x00 },
  { 0x00, 0x0F, 0x7A, 0x6A, 0x6F, 0x62, 0x7F, 0x00 },
  { 0x0F, 0x7A, 0x6A, 0x7F, 0x42, 0x37, 0x40, 0x00 },
  { 0x00, 0x0F, 0x4A, 0x2A, 0x1F, 0x22, 0x4F, 0x00 },
  { 0x00, 0x0F, 0x4A, 0x3A, 0x4F, 0x32, 0x4F, 0x00 },
  { 0x00, 0x0F, 0x2A, 0x5A, 0x5F, 0x52, 0x2F, 0x00 },
  { 0x00, 0x0F, 0x5A, 0x3A, 0x1F, 0x32, 0x5F, 0x00 },
  { 0x00, 0x07, 0x56, 0x36, 0x1F, 0x32, 0x57, 0x00 },
  { 0x00, 0x0F, 0x1A, 0x3A, 0x3F, 0x32, 0x7F, 0x00 },
  { 0x00, 0x0F, 0x7A, 0x5A, 0x5F, 0x5A, 0x4F, 0x00 },
  { 0x00, 0x0F, 0x5A, 0x7A, 0x5F, 0x72, 0x5F, 0x00 },
  { 0x00, 0x07, 0x16, 0x36, 0x5F, 0x32, 0x17, 0x00 },
  { 0x3F, 0x24, 0x3F, 0x04, 0x7F, 0x00, 0x7F, 0x00 }, // '베'
  { 0x0F, 0x2A, 0x2F, 0x22, 0x2F, 0x20, 0x6F, 0x00 },
  { 0x0F, 0x2A, 0x2F, 0x62, 0x2F, 0x20, 0x6F, 0x00 },
  { 0x0F, 0x2A, 0x2F, 0x62, 0x4F, 0x20, 0x4F, 0x00 },
  { 0x0F, 0x6A, 0x4F, 0x44, 0x5F, 0x40, 0x5F, 0x00 },
  { 0x0F, 0x6A, 0x4F, 0x42, 0x5F, 0x30, 0x5F, 0x00 },
  { 0x0F, 0x6A, 0x4F, 0x42, 0x2F, 0x50, 0x2F, 0x00 },
  { 0x0F, 0x7A, 0x5F, 0x52, 0x5F, 0x50, 0x5F, 0x00 },
  { 0x07, 0x6E, 0x6F, 0x5A, 0x5F, 0x58, 0x5F, 0x00 },
  { 0x07, 0x6E, 0x5F, 0x5A, 0x0F, 0x08, 0x7F, 0x00 },
  { 0x07, 0x6E, 0x5F, 0x5A, 0x7F, 0x48, 0x7F, 0x00 },
  { 0x07, 0x6E, 0x5F, 0x5A, 0x7F, 0x50, 0x7F, 0x00 },
  { 0x07, 0x6E, 0x5F, 0x5A, 0x67, 0x18, 0x67, 0x00 },
  { 0x07, 0x6E, 0x5F, 0x5A, 0x7F, 0x58, 0x4F, 0x00 },
  { 0x07, 0x6E, 0x5F, 0x7A, 0x4F, 0x78, 0x4F, 0x00 },
  { 0x07, 0x6E, 0x5F, 0x5A, 0x37, 0x58, 0x37, 0x00 },
  { 0x0F, 0x7A, 0x5F, 0x52, 0x5F, 0x50, 0x7F, 0x00 }, // '벰'
  { 0x0F, 0x7A, 0x6F, 0x62, 0x6F, 0x60, 0x7F, 0x00 },
  { 0x0F, 0x7A, 0x6F, 0x72, 0x4F, 0x30, 0x4F, 0x00 },
  { 0x0F, 0x4A, 0x2F, 0x12, 0x2F, 0x40, 0x0F, 0x00 },
  { 0x0F, 0x4A, 0x2F, 0x42, 0x2F, 0x40, 0x0F, 0x00 },
  { 0x0F, 0x2A, 0x5F, 0x52, 0x5F, 0x50, 0x2F, 0x00 },
  { 0x0F, 0x5A, 0x5F, 0x32, 0x3F, 0x50, 0x5F, 0x00 },
  { 0x07, 0x56, 0x57, 0x3A, 0x37, 0x50, 0x57, 0x00 },
  { 0x0F, 0x1A, 0x3F, 0x32, 0x3F, 0x30, 0x7F, 0x00 },
  { 0x07, 0x7E, 0x5F, 0x5A, 0x5F, 0x58, 0x4F, 0x00 },
  { 0x0F, 0x5A, 0x7F, 0x52, 0x5F, 0x70, 0x5F, 0x00 },
  { 0x07, 0x16, 0x37, 0x5A, 0x57, 0x30, 0x17, 0x00 },
  { 0x00, 0x3F, 0x24, 0x24, 0x3F, 0x14, 0x7F, 0x00 },
  { 0x00, 0x0F, 0x2A, 0x2A, 0x2F, 0x2A, 0x7F, 0x00 },
  { 0x00, 0x0F, 0x2A, 0x2A, 0x6F, 0x2A, 0x7F, 0x00 },
  { 0x0F, 0x2A, 0x2A, 0x6F, 0x4A, 0x3F, 0x40, 0x00 },
  { 0x00, 0x0F, 0x6A, 0x4A, 0x4F, 0x4A, 0x5F, 0x00 }, // '변'
  { 0x00, 0x0F, 0x6A, 0x4A, 0x5F, 0x35, 0x5F, 0x00 },
  { 0x0F, 0x6A, 0x4A, 0x4F, 0x35, 0x5F, 0x30, 0x00 },
  { 0x00, 0x0F, 0x7A, 0x5A, 0x5F, 0x55, 0x5F, 0x00 },
  { 0x00, 0x0F, 0x6A, 0x6A, 0x5F, 0x55, 0x5F, 0x00 },
  { 0x00, 0x0F, 0x6A, 0x5A, 0x5F, 0x15, 0x7F, 0x00 },
  { 0x00, 0x0F, 0x6A, 0x5A, 0x7F, 0x55, 0x7F, 0x00 },
  { 0x00, 0x0F, 0x6A, 0x5A, 0x7F, 0x6A, 0x7F, 0x00 },
  { 0x0F, 0x6A, 0x5A, 0x5F, 0x4A, 0x3F, 0x40, 0x00 },
  { 0x00, 0x0F, 0x6A, 0x5A, 0x7F, 0x75, 0x5F, 0x00 },
  { 0x0F, 0x6A, 0x5A, 0x7F, 0x55, 0x7F, 0x50, 0x00 },
  { 0x0F, 0x6A, 0x5A, 0x5F, 0x35, 0x5F, 0x30, 0x00 },
  { 0x00, 0x0F, 0x7A, 0x5A, 0x5F, 0x55, 0x7F, 0x00 },
  { 0x00, 0x0F, 0x7A, 0x6A, 0x6F, 0x6A, 0x7F, 0x00 },
  { 0x0F, 0x7A, 0x6A, 0x7F, 0x4A, 0x3F, 0x40, 0x00 },
  { 0x00, 0x0F, 0x4A, 0x2A, 0x1F, 0x2A, 0x5F, 0x00 },
  { 0x00, 0x0F, 0x4A, 0x3A, 0x4F, 0x35, 0x4F, 0x00 }, // '볐'
  { 0x00, 0x0F, 0x2A, 0x5A, 0x5F, 0x55, 0x2F, 0x00 },
  { 0x00, 0x0F, 0x5A, 0x3A, 0x1F, 0x35, 0x5F, 0x00 },
  { 0x00, 0x07, 0x56, 0x36, 0x1F, 0x35, 0x5F, 0x00 },
  { 0x00, 0x0F, 0x1A, 0x3A, 0x3F, 0x35, 0x7F, 0x00 },
  { 0x00, 0x0F, 0x7A, 0x5A, 0x5F, 0x55, 0x4F, 0x00 },
  { 0x00, 0x0F, 0x5A, 0x7A, 0x5F, 0x75, 0x5F, 0x00 },
  { 0x00, 0x07, 0x16, 0x36, 0x5F, 0x35, 0x1F, 0x00 },
  { 0x3F, 0x24, 0x3F, 0x12, 0x7F, 0x00, 0x7F, 0x00 },
  { 0x0F, 0x2A, 0x2F, 0x2A, 0x3F, 0x20, 0x7F, 0x00 },
  { 0x0F, 0x2A, 0x2F, 0x6A, 0x3F, 0x20, 0x7F, 0x00 },
  { 0x0F, 0x2A, 0x2F, 0x6A, 0x5F, 0x20, 0x5F, 0x00 },
  { 0x0F, 0x6A, 0x4F, 0x4A, 0x5F, 0x40, 0x5F, 0x00 },
  { 0x0F, 0x6A, 0x4F, 0x45, 0x5F, 0x30, 0x5F, 0x00 },
  { 0x0F, 0x6A, 0x4F, 0x45, 0x2F, 0x50, 0x2F, 0x00 },
  { 0x0F, 0x7A, 0x5F, 0x55, 0x5F, 0x50, 0x5F, 0x00 },
  { 0x0F, 0x6A, 0x6F, 0x55, 0x5F, 0x58, 0x5F, 0x00 }, // '볠'
  { 0x0F, 0x6A, 0x5F, 0x55, 0x1F, 0x10, 0x7F, 0x00 },
  { 0x0F, 0x6A, 0x5F, 0x55, 0x7F, 0x50, 0x7F, 0x00 },
  { 0x0F, 0x6A, 0x5F, 0x55, 0x7F, 0x60, 0x7F, 0x00 },
  { 0x0F, 0x6A, 0x5F, 0x55, 0x4F, 0x30, 0x4F, 0x00 },
  { 0x0F, 0x6A, 0x5F, 0x55, 0x7F, 0x70, 0x5F, 0x00 },
  { 0x0F, 0x6A, 0x5F, 0x75, 0x5F, 0x70, 0x5F, 0x00 },
  { 0x0F, 0x6A, 0x5F, 0x55, 0x2F, 0x50, 0x2F, 0x00 },
  { 0x0F, 0x7A, 0x5F, 0x55, 0x5F, 0x50, 0x7F, 0x00 },
  { 0x0F, 0x7A, 0x6F, 0x65, 0x6F, 0x60, 0x7F, 0x00 },
  { 0x0F, 0x7A, 0x6F, 0x75, 0x4F, 0x30, 0x4F, 0x00 },
  { 0x0F, 0x4A, 0x2F, 0x15, 0x2F, 0x40, 0x0F, 0x00 },
  { 0x0F, 0x4A, 0x2F, 0x45, 0x2F, 0x40, 0x0F, 0x00 },
  { 0x0F, 0x2A, 0x5F, 0x55, 0x5F, 0x50, 0x2F, 0x00 },
  { 0x0F, 0x5A, 0x5F, 0x35, 0x3F, 0x50, 0x5F, 0x00 },
  { 0x0F, 0x2A, 0x6F, 0x35, 0x2F, 0x60, 0x2F, 0x00 },
  { 0x0F, 0x1A, 0x3F, 0x35, 0x3F, 0x30, 0x7F, 0x00 }, // '볰'
  { 0x0F, 0x7A, 0x5F, 0x55, 0x5F, 0x58, 0x4F, 0x00 },
  { 0x0F, 0x5A, 0x7F, 0x55, 0x5F, 0x70, 0x5F, 0x00 },
  { 0x0F, 0x2A, 0x6F, 0x55, 0x6F, 0x60, 0x2F, 0x00 },
  { 0x20, 0x2F, 0x2A, 0x3A, 0x2A, 0x2F, 0x20, 0x00 },
  { 0x10, 0x37, 0x36, 0x3E, 0x36, 0x77, 0x10, 0x00 },
  { 0x10, 0x37, 0x36, 0x7E, 0x36, 0x77, 0x10, 0x00 },
  { 0x10, 0x37, 0x76, 0x5E, 0x36, 0x57, 0x10, 0x00 },
  { 0x10, 0x77, 0x56, 0x5E, 0x56, 0x57, 0x10, 0x00 },
  { 0x08, 0x6B, 0x4A, 0x5E, 0x3A, 0x5B, 0x08, 0x00 },
  { 0x08, 0x6B, 0x4A, 0x4E, 0x2A, 0x5B, 0x28, 0x00 },
  { 0x08, 0x7B, 0x5A, 0x5E, 0x5A, 0x5B, 0x08, 0x00 },
  { 0x08, 0x6B, 0x6A, 0x5E, 0x5A, 0x5B, 0x08, 0x00 },
  { 0x08, 0x6B, 0x5A, 0x5E, 0x1A, 0x7B, 0x08, 0x00 },
  { 0x08, 0x6B, 0x5A, 0x7E, 0x5A, 0x7B, 0x08, 0x00 },
  { 0x08, 0x6B, 0x5A, 0x7E, 0x6A, 0x7B, 0x08, 0x00 },
  { 0x08, 0x6B, 0x5A, 0x5E, 0x4A, 0x3B, 0x48, 0x00 }, // '봀'
  { 0x08, 0x6B, 0x5A, 0x7E, 0x7A, 0x5B, 0x08, 0x00 },
  { 0x08, 0x6B, 0x5A, 0x7E, 0x5A, 0x7B, 0x58, 0x00 },
  { 0x08, 0x6B, 0x5A, 0x5E, 0x2A, 0x5B, 0x28, 0x00 },
  { 0x10, 0x77, 0x56, 0x5E, 0x56, 0x77, 0x10, 0x00 },
  { 0x08, 0x7B, 0x6A, 0x6E, 0x6A, 0x7B, 0x08, 0x00 },
  { 0x08, 0x7B, 0x6A, 0x7E, 0x4A, 0x3B, 0x48, 0x00 },
  { 0x10, 0x57, 0x56, 0x3E, 0x56, 0x57, 0x10, 0x00 },
  { 0x10, 0x57, 0x36, 0x5E, 0x36, 0x57, 0x10, 0x00 },
  { 0x10, 0x37, 0x56, 0x5E, 0x56, 0x37, 0x10, 0x00 },
  { 0x08, 0x5B, 0x3A, 0x1E, 0x3A, 0x5B, 0x08, 0x00 },
  { 0x08, 0x2B, 0x6A, 0x3E, 0x6A, 0x2B, 0x08, 0x00 },
  { 0x08, 0x1B, 0x3A, 0x3E, 0x3A, 0x7B, 0x08, 0x00 },
  { 0x08, 0x7B, 0x7A, 0x7E, 0x7A, 0x5B, 0x08, 0x00 },
  { 0x08, 0x5B, 0x7A, 0x5E, 0x7A, 0x5B, 0x08, 0x00 },
  { 0x08, 0x2B, 0x6A, 0x5E, 0x6A, 0x2B, 0x08, 0x00 },
  { 0x2F, 0x2A, 0x3A, 0x2F, 0x20, 0x7F, 0x08, 0x00 }, // '봐'
  { 0x0B, 0x2A, 0x2E, 0x2B, 0x28, 0x6F, 0x02, 0x00 },
  { 0x0B, 0x2A, 0x2E, 0x6B, 0x28, 0x6F, 0x02, 0x00 },
  { 0x0B, 0x2A, 0x2E, 0x6B, 0x48, 0x2F, 0x42, 0x00 },
  { 0x17, 0x76, 0x5E, 0x57, 0x50, 0x5F, 0x04, 0x00 },
  { 0x0B, 0x6A, 0x4E, 0x5B, 0x38, 0x5F, 0x02, 0x00 },
  { 0x0B, 0x6A, 0x4E, 0x4B, 0x28, 0x5F, 0x22, 0x00 },
  { 0x0B, 0x7A, 0x5E, 0x5B, 0x58, 0x5F, 0x02, 0x00 },
  { 0x0B, 0x6A, 0x6E, 0x5B, 0x58, 0x5F, 0x02, 0x00 },
  { 0x0B, 0x6A, 0x5E, 0x5B, 0x18, 0x7F, 0x02, 0x00 },
  { 0x0B, 0x6A, 0x5E, 0x7B, 0x58, 0x7F, 0x02, 0x00 },
  { 0x0B, 0x6A, 0x5E, 0x7B, 0x68, 0x7F, 0x02, 0x00 },
  { 0x0B, 0x6A, 0x5E, 0x5B, 0x48, 0x3F, 0x42, 0x00 },
  { 0x0B, 0x6A, 0x5E, 0x7B, 0x78, 0x5F, 0x02, 0x00 },
  { 0x0B, 0x6A, 0x5E, 0x7B, 0x58, 0x7F, 0x52, 0x00 },
  { 0x0B, 0x6A, 0x5E, 0x5B, 0x28, 0x5F, 0x22, 0x00 },
  { 0x17, 0x76, 0x5E, 0x57, 0x50, 0x7F, 0x04, 0x00 }, // '봠'
  { 0x0B, 0x7A, 0x6E, 0x6B, 0x68, 0x7F, 0x02, 0x00 },
  { 0x0B, 0x7A, 0x6E, 0x7B, 0x48, 0x3F, 0x42, 0x00 },
  { 0x17, 0x56, 0x5E, 0x37, 0x50, 0x5F, 0x04, 0x00 },
  { 0x17, 0x56, 0x3E, 0x57, 0x30, 0x5F, 0x04, 0x00 },
  { 0x17, 0x36, 0x5E, 0x57, 0x50, 0x3F, 0x04, 0x00 },
  { 0x0B, 0x5A, 0x3E, 0x1B, 0x38, 0x5F, 0x02, 0x00 },
  { 0x0B, 0x2A, 0x6E, 0x3B, 0x68, 0x2F, 0x02, 0x00 },
  { 0x0B, 0x1A, 0x3E, 0x3B, 0x38, 0x7F, 0x02, 0x00 },
  { 0x0B, 0x7A, 0x5E, 0x5B, 0x58, 0x4F, 0x02, 0x00 },
  { 0x0B, 0x5A, 0x7E, 0x5B, 0x78, 0x5F, 0x02, 0x00 },
  { 0x0B, 0x2A, 0x6E, 0x5B, 0x68, 0x2F, 0x02, 0x00 },
  { 0x2F, 0x3A, 0x2F, 0x20, 0x7F, 0x08, 0x7F, 0x00 },
  { 0x17, 0x3E, 0x37, 0x30, 0x3F, 0x24, 0x7F, 0x00 },
  { 0x17, 0x3E, 0x37, 0x70, 0x3F, 0x24, 0x7F, 0x00 },
  { 0x17, 0x3E, 0x37, 0x70, 0x5F, 0x24, 0x5F, 0x00 },
  { 0x17, 0x7E, 0x57, 0x50, 0x5F, 0x44, 0x5F, 0x00 }, // '봰'
  { 0x0B, 0x6E, 0x4B, 0x48, 0x5F, 0x32, 0x5F, 0x00 },
  { 0x0B, 0x6E, 0x4B, 0x48, 0x2F, 0x52, 0x2F, 0x00 },
  { 0x0B, 0x7E, 0x5B, 0x58, 0x5F, 0x52, 0x5F, 0x00 },
  { 0x0B, 0x6E, 0x6B, 0x58, 0x5F, 0x5A, 0x5F, 0x00 },
  { 0x0B, 0x6E, 0x5B, 0x58, 0x1F, 0x12, 0x7F, 0x00 },
  { 0x0B, 0x6E, 0x5B, 0x58, 0x7F, 0x52, 0x7F, 0x00 },
  { 0x0B, 0x6E, 0x5B, 0x58, 0x7F, 0x62, 0x7F, 0x00 },
  { 0x0B, 0x6E, 0x5B, 0x58, 0x4F, 0x32, 0x4F, 0x00 },
  { 0x0B, 0x6E, 0x5B, 0x58, 0x7F, 0x72, 0x5F, 0x00 },
  { 0x0B, 0x6E, 0x5B, 0x78, 0x5F, 0x72, 0x5F, 0x00 },
  { 0x0B, 0x6E, 0x5B, 0x58, 0x37, 0x5A, 0x37, 0x00 },
  { 0x0B, 0x7E, 0x5B, 0x58, 0x5F, 0x52, 0x7F, 0x00 },
  { 0x0B, 0x7E, 0x6B, 0x68, 0x6F, 0x62, 0x7F, 0x00 },
  { 0x0B, 0x7E, 0x6B, 0x78, 0x4F, 0x32, 0x4F, 0x00 },
  { 0x0B, 0x4E, 0x2B, 0x18, 0x2F, 0x42, 0x0F, 0x00 },
  { 0x0B, 0x4E, 0x3B, 0x48, 0x3F, 0x42, 0x0F, 0x00 }, // '뵀'
  { 0x0B, 0x2E, 0x5B, 0x58, 0x5F, 0x52, 0x2F, 0x00 },
  { 0x0B, 0x5E, 0x5B, 0x38, 0x3F, 0x52, 0x5F, 0x00 },
  { 0x0B, 0x2E, 0x6B, 0x38, 0x2F, 0x62, 0x2F, 0x00 },
  { 0x0B, 0x1E, 0x3B, 0x38, 0x3F, 0x32, 0x7F, 0x00 },
  { 0x0B, 0x7E, 0x5B, 0x58, 0x5F, 0x5A, 0x4F, 0x00 },
  { 0x0B, 0x5E, 0x7B, 0x58, 0x5F, 0x72, 0x5F, 0x00 },
  { 0x0B, 0x2E, 0x6B, 0x58, 0x6F, 0x62, 0x2F, 0x00 },
  { 0x00, 0x2F, 0x2A, 0x3A, 0x2F, 0x20, 0x7F, 0x00 },
  { 0x00, 0x0B, 0x2A, 0x2E, 0x2B, 0x28, 0x6F, 0x00 },
  { 0x00, 0x0B, 0x2A, 0x2E, 0x6B, 0x28, 0x6F, 0x00 },
  { 0x0B, 0x2A, 0x2E, 0x6B, 0x48, 0x2F, 0x40, 0x00 },
  { 0x00, 0x17, 0x76, 0x5E, 0x57, 0x50, 0x5F, 0x00 },
  { 0x00, 0x0B, 0x6A, 0x4E, 0x5B, 0x38, 0x5F, 0x00 },
  { 0x0B, 0x6A, 0x4E, 0x4B, 0x28, 0x5F, 0x20, 0x00 },
  { 0x00, 0x0B, 0x7A, 0x5E, 0x5B, 0x58, 0x5F, 0x00 },
  { 0x00, 0x0B, 0x6A, 0x6E, 0x5B, 0x58, 0x5F, 0x00 }, // '뵐'
  { 0x00, 0x0B, 0x6A, 0x5E, 0x5B, 0x18, 0x7F, 0x00 },
  { 0x00, 0x0B, 0x6A, 0x5E, 0x7B, 0x58, 0x7F, 0x00 },
  { 0x00, 0x0B, 0x6A, 0x5E, 0x7B, 0x68, 0x7F, 0x00 },
  { 0x0B, 0x6A, 0x5E, 0x5B, 0x48, 0x3F, 0x40, 0x00 },
  { 0x00, 0x0B, 0x6A, 0x5E, 0x7B, 0x78, 0x5F, 0x00 },
  { 0x0B, 0x6A, 0x5E, 0x7B, 0x58, 0x7F, 0x50, 0x00 },
  { 0x0B, 0x6A, 0x5E, 0x5B, 0x28, 0x5F, 0x20, 0x00 },
  { 0x00, 0x17, 0x76, 0x5E, 0x57, 0x50, 0x7F, 0x00 },
  { 0x00, 0x0B, 0x7A, 0x6E, 0x6B, 0x68, 0x7F, 0x00 },
  { 0x0B, 0x7A, 0x6E, 0x7B, 0x48, 0x3F, 0x40, 0x00 },
  { 0x00, 0x17, 0x56, 0x5E, 0x37, 0x50, 0x5F, 0x00 },
  { 0x00, 0x17, 0x56, 0x3E, 0x57, 0x30, 0x5F, 0x00 },
  { 0x00, 0x17, 0x36, 0x5E, 0x57, 0x50, 0x3F, 0x00 },
  { 0x00, 0x0B, 0x5A, 0x3E, 0x1B, 0x38, 0x5F, 0x00 },
  { 0x00, 0x0B, 0x2A, 0x6E, 0x3B, 0x68, 0x2F, 0x00 },
  { 0x00, 0x0B, 0x1A, 0x3E, 0x3B, 0x38, 0x7F, 0x00 }, // '뵠'
  { 0x00, 0x0B, 0x7A, 0x5E, 0x5B, 0x58, 0x4F, 0x00 },
  { 0x00, 0x0B, 0x5A, 0x7E, 0x5B, 0x78, 0x5F, 0x00 },
  { 0x00, 0x0B, 0x2A, 0x6E, 0x5B, 0x68, 0x2F, 0x00 },
  { 0x20, 0x2F, 0x3A, 0x2A, 0x3A, 0x2F, 0x20, 0x00 },
  { 0x10, 0x37, 0x3E, 0x36, 0x3E, 0x77, 0x10, 0x00 },
  { 0x10, 0x37, 0x3E, 0x76, 0x3E, 0x77, 0x10, 0x00 },
  { 0x10, 0x37, 0x3E, 0x76, 0x5E, 0x37, 0x50, 0x00 },
  { 0x10, 0x77, 0x5E, 0x56, 0x5E, 0x57, 0x10, 0x00 },
  { 0x08, 0x6B, 0x4E, 0x5A, 0x3E, 0x5B, 0x08, 0x00 },
  { 0x08, 0x6B, 0x4E, 0x4A, 0x2E, 0x5B, 0x28, 0x00 },
  { 0x08, 0x7B, 0x5E, 0x5A, 0x5E, 0x5B, 0x08, 0x00 },
  { 0x08, 0x6B, 0x6E, 0x5A, 0x5E, 0x5B, 0x08, 0x00 },
  { 0x08, 0x6B, 0x5E, 0x5A, 0x1E, 0x7B, 0x08, 0x00 },
  { 0x08, 0x6B, 0x5E, 0x7A, 0x5E, 0x7B, 0x08, 0x00 },
  { 0x08, 0x6B, 0x5E, 0x7A, 0x6E, 0x7B, 0x08, 0x00 },
  { 0x08, 0x6B, 0x5E, 0x5A, 0x4E, 0x3B, 0x48, 0x00 }, // '뵰'
  { 0x08, 0x6B, 0x5E, 0x7A, 0x7E, 0x5B, 0x08, 0x00 },
  { 0x08, 0x6B, 0x5E, 0x7A, 0x5E, 0x7B, 0x58, 0x00 },
  { 0x08, 0x6B, 0x5E, 0x5A, 0x2E, 0x5B, 0x28, 0x00 },
  { 0x10, 0x77, 0x5E, 0x56, 0x5E, 0x77, 0x10, 0x00 },
  { 0x08, 0x7B, 0x6E, 0x6A, 0x6E, 0x7B, 0x08, 0x00 },
  { 0x08, 0x7B, 0x6E, 0x7A, 0x4E, 0x3B, 0x48, 0x00 },
  { 0x10, 0x57, 0x5E, 0x36, 0x5E, 0x57, 0x10, 0x00 },
  { 0x10, 0x57, 0x3E, 0x56, 0x3E, 0x57, 0x10, 0x00 },
  { 0x10, 0x37, 0x5E, 0x56, 0x5E, 0x37, 0x10, 0x00 },
  { 0x08, 0x5B, 0x3E, 0x1A, 0x3E, 0x5B, 0x08, 0x00 },
  { 0x08, 0x2B, 0x6E, 0x3A, 0x6E, 0x2B, 0x08, 0x00 },
  { 0x08, 0x1B, 0x3E, 0x3A, 0x3E, 0x7B, 0x08, 0x00 },
  { 0x08, 0x7B, 0x7E, 0x7A, 0x7E, 0x5B, 0x08, 0x00 },
  { 0x08, 0x5B, 0x7A, 0x5E, 0x7A, 0x5B, 0x08, 0x00 },
  { 0x08, 0x2B, 0x6E, 0x5A, 0x6E, 0x2B, 0x08, 0x00 },
  { 0x20, 0x2F, 0x2A, 0x6A, 0x2A, 0x2F, 0x20, 0x00 }, // '부'
  { 0x08, 0x2F, 0x2A, 0x3A, 0x2A, 0x6F, 0x08, 0x00 },
  { 0x08, 0x2F, 0x2A, 0x7A, 0x2A, 0x6F, 0x08, 0x00 },
  { 0x08, 0x2F, 0x2A, 0x7A, 0x4A, 0x2F, 0x48, 0x00 },
  { 0x08, 0x6F, 0x4A, 0x5A, 0x4A, 0x4F, 0x08, 0x00 },
  { 0x04, 0x77, 0x46, 0x5E, 0x36, 0x57, 0x04, 0x00 },
  { 0x04, 0x77, 0x46, 0x5E, 0x36, 0x57, 0x34, 0x00 },
  { 0x04, 0x77, 0x56, 0x5E, 0x56, 0x57, 0x04, 0x00 },
  { 0x04, 0x17, 0x56, 0x7E, 0x56, 0x47, 0x04, 0x00 },
  { 0x04, 0x57, 0x76, 0x5E, 0x16, 0x77, 0x04, 0x00 },
  { 0x04, 0x57, 0x76, 0x7E, 0x56, 0x77, 0x04, 0x00 },
  { 0x04, 0x57, 0x76, 0x7E, 0x66, 0x77, 0x04, 0x00 },
  { 0x04, 0x57, 0x76, 0x5E, 0x46, 0x37, 0x44, 0x00 },
  { 0x04, 0x57, 0x76, 0x5E, 0x76, 0x77, 0x54, 0x00 },
  { 0x04, 0x57, 0x76, 0x7E, 0x56, 0x77, 0x54, 0x00 },
  { 0x04, 0x57, 0x76, 0x5E, 0x36, 0x57, 0x34, 0x00 },
  { 0x04, 0x77, 0x56, 0x5E, 0x56, 0x77, 0x04, 0x00 }, // '붐'
  { 0x04, 0x77, 0x66, 0x6E, 0x66, 0x77, 0x04, 0x00 },
  { 0x04, 0x77, 0x66, 0x7E, 0x46, 0x37, 0x44, 0x00 },
  { 0x08, 0x4F, 0x4A, 0x3A, 0x4A, 0x4F, 0x08, 0x00 },
  { 0x08, 0x4F, 0x2A, 0x5A, 0x2A, 0x4F, 0x08, 0x00 },
  { 0x04, 0x27, 0x56, 0x5E, 0x56, 0x27, 0x04, 0x00 },
  { 0x04, 0x57, 0x36, 0x1E, 0x36, 0x57, 0x04, 0x00 },
  { 0x04, 0x27, 0x66, 0x3E, 0x66, 0x27, 0x04, 0x00 },
  { 0x04, 0x17, 0x36, 0x3E, 0x36, 0x77, 0x04, 0x00 },
  { 0x04, 0x77, 0x76, 0x7E, 0x76, 0x57, 0x04, 0x00 },
  { 0x04, 0x57, 0x76, 0x5E, 0x76, 0x57, 0x04, 0x00 },
  { 0x04, 0x27, 0x66, 0x5E, 0x66, 0x27, 0x04, 0x00 },
  { 0x00, 0x10, 0x1F, 0x7A, 0x1F, 0x20, 0x7F, 0x00 },
  { 0x00, 0x08, 0x2F, 0x3A, 0x2F, 0x30, 0x7F, 0x00 },
  { 0x00, 0x08, 0x2F, 0x3A, 0x6F, 0x30, 0x7F, 0x00 },
  { 0x08, 0x2F, 0x3A, 0x6F, 0x50, 0x3F, 0x40, 0x00 },
  { 0x00, 0x08, 0x6F, 0x5A, 0x4F, 0x50, 0x5F, 0x00 }, // '붠'
  { 0x00, 0x04, 0x77, 0x4E, 0x57, 0x38, 0x5F, 0x00 },
  { 0x04, 0x77, 0x4E, 0x47, 0x28, 0x5F, 0x20, 0x00 },
  { 0x00, 0x04, 0x77, 0x5E, 0x57, 0x58, 0x5F, 0x00 },
  { 0x00, 0x04, 0x17, 0x5E, 0x77, 0x58, 0x4F, 0x00 },
  { 0x00, 0x04, 0x57, 0x7E, 0x57, 0x18, 0x7F, 0x00 },
  { 0x00, 0x04, 0x57, 0x7E, 0x77, 0x58, 0x7F, 0x00 },
  { 0x00, 0x04, 0x57, 0x7E, 0x57, 0x68, 0x7F, 0x00 },
  { 0x04, 0x57, 0x7E, 0x57, 0x48, 0x3F, 0x40, 0x00 },
  { 0x04, 0x57, 0x7E, 0x57, 0x78, 0x7F, 0x50, 0x00 },
  { 0x04, 0x57, 0x7E, 0x77, 0x58, 0x7F, 0x50, 0x00 },
  { 0x04, 0x57, 0x7E, 0x57, 0x28, 0x5F, 0x20, 0x00 },
  { 0x00, 0x04, 0x77, 0x5E, 0x57, 0x58, 0x7F, 0x00 },
  { 0x00, 0x04, 0x77, 0x6E, 0x67, 0x68, 0x7F, 0x00 },
  { 0x04, 0x77, 0x6E, 0x77, 0x48, 0x3F, 0x40, 0x00 },
  { 0x00, 0x04, 0x47, 0x2E, 0x17, 0x28, 0x4F, 0x00 },
  { 0x00, 0x04, 0x4F, 0x36, 0x47, 0x38, 0x4F, 0x00 }, // '붰'
  { 0x00, 0x04, 0x27, 0x5E, 0x57, 0x58, 0x3F, 0x00 },
  { 0x00, 0x04, 0x57, 0x3E, 0x17, 0x38, 0x5F, 0x00 },
  { 0x00, 0x04, 0x27, 0x6E, 0x37, 0x68, 0x2F, 0x00 },
  { 0x00, 0x04, 0x17, 0x3E, 0x37, 0x38, 0x7F, 0x00 },
  { 0x00, 0x04, 0x77, 0x7E, 0x77, 0x78, 0x5F, 0x00 },
  { 0x00, 0x04, 0x57, 0x7E, 0x57, 0x78, 0x5F, 0x00 },
  { 0x00, 0x04, 0x27, 0x6E, 0x57, 0x68, 0x2F, 0x00 },
  { 0x17, 0x76, 0x17, 0x20, 0x7F, 0x00, 0x7F, 0x00 },
  { 0x07, 0x3E, 0x27, 0x28, 0x3F, 0x20, 0x7F, 0x00 },
  { 0x07, 0x3E, 0x27, 0x68, 0x3F, 0x20, 0x7F, 0x00 },
  { 0x07, 0x3E, 0x27, 0x68, 0x5F, 0x20, 0x5F, 0x00 },
  { 0x07, 0x6E, 0x47, 0x48, 0x5F, 0x40, 0x5F, 0x00 },
  { 0x07, 0x6E, 0x47, 0x48, 0x5F, 0x30, 0x5F, 0x00 },
  { 0x07, 0x6E, 0x47, 0x48, 0x2F, 0x50, 0x2F, 0x00 },
  { 0x07, 0x7E, 0x57, 0x58, 0x5F, 0x50, 0x5F, 0x00 },
  { 0x07, 0x1E, 0x57, 0x78, 0x7F, 0x50, 0x4F, 0x00 }, // '뷀'
  { 0x07, 0x5E, 0x77, 0x78, 0x5F, 0x10, 0x7F, 0x00 },
  { 0x07, 0x5E, 0x77, 0x58, 0x7F, 0x50, 0x7F, 0x00 },
  { 0x07, 0x5E, 0x77, 0x58, 0x7F, 0x60, 0x7F, 0x00 },
  { 0x07, 0x5E, 0x77, 0x58, 0x4F, 0x30, 0x4F, 0x00 },
  { 0x07, 0x5E, 0x77, 0x58, 0x7F, 0x70, 0x5F, 0x00 },
  { 0x07, 0x5E, 0x77, 0x78, 0x5F, 0x70, 0x5F, 0x00 },
  { 0x07, 0x5E, 0x77, 0x58, 0x3F, 0x50, 0x3F, 0x00 },
  { 0x07, 0x7E, 0x57, 0x58, 0x5F, 0x50, 0x7F, 0x00 },
  { 0x07, 0x7E, 0x67, 0x68, 0x6F, 0x60, 0x7F, 0x00 },
  { 0x07, 0x7E, 0x67, 0x78, 0x4F, 0x30, 0x4F, 0x00 },
  { 0x07, 0x4E, 0x27, 0x18, 0x2F, 0x40, 0x0F, 0x00 },
  { 0x07, 0x4E, 0x37, 0x48, 0x3F, 0x40, 0x0F, 0x00 },
  { 0x07, 0x2E, 0x57, 0x58, 0x5F, 0x50, 0x2F, 0x00 },
  { 0x07, 0x5E, 0x57, 0x38, 0x3F, 0x50, 0x5F, 0x00 },
  { 0x07, 0x2E, 0x67, 0x38, 0x2F, 0x60, 0x2F, 0x00 },
  { 0x07, 0x1E, 0x37, 0x38, 0x3F, 0x30, 0x7F, 0x00 }, // '뷐'
  { 0x07, 0x7E, 0x77, 0x78, 0x7F, 0x70, 0x5F, 0x00 },
  { 0x07, 0x5E, 0x77, 0x58, 0x5F, 0x70, 0x5F, 0x00 },
  { 0x07, 0x2E, 0x67, 0x58, 0x6F, 0x60, 0x2F, 0x00 },
  { 0x00, 0x2F, 0x2A, 0x6A, 0x2F, 0x20, 0x7F, 0x00 },
  { 0x00, 0x08, 0x2F, 0x3E, 0x2F, 0x28, 0x6F, 0x00 },
  { 0x00, 0x08, 0x2F, 0x3E, 0x6F, 0x28, 0x6F, 0x00 },
  { 0x08, 0x2F, 0x3E, 0x6F, 0x48, 0x2F, 0x40, 0x00 },
  { 0x00, 0x08, 0x6F, 0x5E, 0x4F, 0x48, 0x5F, 0x00 },
  { 0x00, 0x04, 0x77, 0x4E, 0x57, 0x34, 0x57, 0x00 },
  { 0x04, 0x77, 0x4E, 0x57, 0x34, 0x5F, 0x30, 0x00 },
  { 0x00, 0x04, 0x77, 0x5E, 0x57, 0x54, 0x57, 0x00 },
  { 0x00, 0x04, 0x17, 0x5E, 0x77, 0x54, 0x4F, 0x00 },
  { 0x00, 0x04, 0x57, 0x7E, 0x57, 0x14, 0x77, 0x00 },
  { 0x00, 0x04, 0x57, 0x7E, 0x77, 0x54, 0x77, 0x00 },
  { 0x00, 0x04, 0x57, 0x7E, 0x57, 0x64, 0x77, 0x00 },
  { 0x04, 0x57, 0x7E, 0x57, 0x44, 0x37, 0x40, 0x00 }, // '뷠'
  { 0x04, 0x57, 0x7E, 0x57, 0x74, 0x77, 0x50, 0x00 },
  { 0x04, 0x57, 0x7E, 0x77, 0x54, 0x77, 0x50, 0x00 },
  { 0x04, 0x57, 0x7E, 0x57, 0x34, 0x5F, 0x30, 0x00 },
  { 0x00, 0x04, 0x77, 0x5E, 0x57, 0x54, 0x77, 0x00 },
  { 0x00, 0x04, 0x77, 0x6E, 0x67, 0x64, 0x77, 0x00 },
  { 0x04, 0x77, 0x6E, 0x77, 0x44, 0x37, 0x40, 0x00 },
  { 0x00, 0x04, 0x47, 0x2E, 0x17, 0x24, 0x4F, 0x00 },
  { 0x00, 0x04, 0x4F, 0x36, 0x47, 0x34, 0x4F, 0x00 },
  { 0x00, 0x04, 0x27, 0x5E, 0x57, 0x54, 0x2F, 0x00 },
  { 0x00, 0x04, 0x57, 0x3E, 0x17, 0x34, 0x57, 0x00 },
  { 0x00, 0x04, 0x27, 0x6E, 0x37, 0x64, 0x2F, 0x00 },
  { 0x00, 0x04, 0x17, 0x3E, 0x37, 0x34, 0x77, 0x00 },
  { 0x00, 0x04, 0x77, 0x7E, 0x77, 0x74, 0x57, 0x00 },
  { 0x00, 0x04, 0x57, 0x7E, 0x57, 0x74, 0x57, 0x00 },
  { 0x00, 0x04, 0x27, 0x6E, 0x57, 0x64, 0x2F, 0x00 },
  { 0x20, 0x2F, 0x6A, 0x2A, 0x6A, 0x2F, 0x20, 0x00 }, // '뷰'
  { 0x08, 0x2F, 0x3A, 0x2A, 0x3A, 0x6F, 0x08, 0x00 },
  { 0x08, 0x2F, 0x3A, 0x6A, 0x3A, 0x6F, 0x08, 0x00 },
  { 0x08, 0x2F, 0x3A, 0x6A, 0x5A, 0x2F, 0x48, 0x00 },
  { 0x08, 0x6F, 0x5A, 0x4A, 0x5A, 0x4F, 0x08, 0x00 },
  { 0x04, 0x77, 0x4E, 0x56, 0x3E, 0x57, 0x04, 0x00 },
  { 0x04, 0x77, 0x4E, 0x56, 0x3E, 0x57, 0x34, 0x00 },
  { 0x04, 0x77, 0x5E, 0x56, 0x5E, 0x57, 0x04, 0x00 },
  { 0x04, 0x17, 0x5E, 0x76, 0x5E, 0x47, 0x04, 0x00 },
  { 0x04, 0x57, 0x7E, 0x56, 0x1E, 0x77, 0x04, 0x00 },
  { 0x04, 0x57, 0x7E, 0x76, 0x5E, 0x77, 0x04, 0x00 },
  { 0x04, 0x57, 0x7E, 0x76, 0x6E, 0x77, 0x04, 0x00 },
  { 0x04, 0x57, 0x7E, 0x56, 0x4E, 0x37, 0x44, 0x00 },
  { 0x04, 0x57, 0x7E, 0x56, 0x7E, 0x77, 0x54, 0x00 },
  { 0x04, 0x57, 0x7E, 0x76, 0x5E, 0x77, 0x54, 0x00 },
  { 0x04, 0x57, 0x7E, 0x56, 0x3E, 0x57, 0x34, 0x00 },
  { 0x04, 0x77, 0x5E, 0x56, 0x5E, 0x77, 0x04, 0x00 }, // '븀'
  { 0x04, 0x77, 0x6E, 0x66, 0x6E, 0x77, 0x04, 0x00 },
  { 0x04, 0x77, 0x6E, 0x76, 0x4E, 0x37, 0x44, 0x00 },
  { 0x04, 0x47, 0x2E, 0x16, 0x2E, 0x47, 0x04, 0x00 },
  { 0x04, 0x47, 0x2E, 0x46, 0x2E, 0x47, 0x04, 0x00 },
  { 0x04, 0x27, 0x5E, 0x56, 0x5E, 0x27, 0x04, 0x00 },
  { 0x04, 0x57, 0x3E, 0x16, 0x3E, 0x57, 0x04, 0x00 },
  { 0x04, 0x27, 0x6E, 0x36, 0x6E, 0x27, 0x04, 0x00 },
  { 0x04, 0x17, 0x3E, 0x36, 0x3E, 0x77, 0x04, 0x00 },
  { 0x04, 0x77, 0x7E, 0x76, 0x7E, 0x57, 0x04, 0x00 },
  { 0x04, 0x57, 0x7E, 0x56, 0x7E, 0x57, 0x04, 0x00 },
  { 0x04, 0x27, 0x6E, 0x56, 0x6E, 0x27, 0x04, 0x00 },
  { 0x20, 0x2F, 0x2A, 0x2A, 0x2A, 0x2F, 0x20, 0x00 },
  { 0x08, 0x2F, 0x2A, 0x2A, 0x2A, 0x6F, 0x08, 0x00 },
  { 0x08, 0x2F, 0x2A, 0x6A, 0x2A, 0x6F, 0x08, 0x00 },
  { 0x08, 0x2F, 0x2A, 0x6A, 0x4A, 0x2F, 0x48, 0x00 },
  { 0x08, 0x6F, 0x4A, 0x4A, 0x4A, 0x4F, 0x08, 0x00 }, // '븐'
  { 0x08, 0x6F, 0x4A, 0x5A, 0x3A, 0x5F, 0x08, 0x00 },
  { 0x08, 0x6F, 0x4A, 0x4A, 0x2A, 0x5F, 0x28, 0x00 },
  { 0x08, 0x7F, 0x5A, 0x5A, 0x5A, 0x5F, 0x08, 0x00 },
  { 0x08, 0x6F, 0x6A, 0x5A, 0x5A, 0x5F, 0x08, 0x00 },
  { 0x08, 0x6F, 0x5A, 0x5A, 0x1A, 0x7F, 0x08, 0x00 },
  { 0x08, 0x6F, 0x5A, 0x7A, 0x5A, 0x7F, 0x08, 0x00 },
  { 0x08, 0x6F, 0x5A, 0x7A, 0x6A, 0x7F, 0x08, 0x00 },
  { 0x08, 0x6F, 0x5A, 0x5A, 0x4A, 0x3F, 0x48, 0x00 },
  { 0x08, 0x6F, 0x5A, 0x7A, 0x7A, 0x5F, 0x08, 0x00 },
  { 0x08, 0x6F, 0x5A, 0x7A, 0x5A, 0x7F, 0x58, 0x00 },
  { 0x08, 0x6F, 0x5A, 0x5A, 0x2A, 0x5F, 0x28, 0x00 },
  { 0x08, 0x7F, 0x5A, 0x5A, 0x5A, 0x7F, 0x08, 0x00 },
  { 0x08, 0x7F, 0x6A, 0x6A, 0x6A, 0x7F, 0x08, 0x00 },
  { 0x08, 0x7F, 0x6A, 0x7A, 0x4A, 0x3F, 0x48, 0x00 },
  { 0x08, 0x4F, 0x2A, 0x1A, 0x2A, 0x4F, 0x08, 0x00 },
  { 0x08, 0x4F, 0x3A, 0x4A, 0x3A, 0x4F, 0x08, 0x00 }, // '븠'
  { 0x08, 0x2F, 0x5A, 0x5A, 0x5A, 0x2F, 0x08, 0x00 },
  { 0x08, 0x5F, 0x3A, 0x1A, 0x3A, 0x5F, 0x08, 0x00 },
  { 0x04, 0x57, 0x36, 0x1E, 0x36, 0x57, 0x04, 0x00 },
  { 0x08, 0x1F, 0x3A, 0x3A, 0x3A, 0x7F, 0x08, 0x00 },
  { 0x08, 0x7F, 0x7A, 0x7A, 0x7A, 0x5F, 0x08, 0x00 },
  { 0x08, 0x5F, 0x7A, 0x5A, 0x7A, 0x5F, 0x08, 0x00 },
  { 0x08, 0x2F, 0x6A, 0x5A, 0x6A, 0x2F, 0x08, 0x00 },
  { 0x00, 0x2F, 0x2A, 0x2A, 0x2F, 0x20, 0x7F, 0x00 },
  { 0x00, 0x08, 0x2F, 0x2A, 0x2F, 0x28, 0x6F, 0x00 },
  { 0x00, 0x08, 0x2F, 0x2A, 0x6F, 0x28, 0x6F, 0x00 },
  { 0x08, 0x2F, 0x2A, 0x6F, 0x48, 0x2F, 0x40, 0x00 },
  { 0x00, 0x08, 0x6F, 0x4A, 0x4F, 0x48, 0x5F, 0x00 },
  { 0x00, 0x08, 0x6F, 0x4A, 0x5F, 0x38, 0x5F, 0x00 },
  { 0x08, 0x6F, 0x4A, 0x4F, 0x28, 0x5F, 0x20, 0x00 },
  { 0x00, 0x08, 0x7F, 0x5A, 0x5F, 0x58, 0x5F, 0x00 },
  { 0x00, 0x08, 0x6F, 0x6A, 0x5F, 0x58, 0x5F, 0x00 }, // '븰'
  { 0x00, 0x08, 0x6F, 0x5A, 0x5F, 0x18, 0x7F, 0x00 },
  { 0x00, 0x08, 0x6F, 0x5A, 0x7F, 0x58, 0x7F, 0x00 },
  { 0x00, 0x08, 0x6F, 0x5A, 0x7F, 0x68, 0x7F, 0x00 },
  { 0x08, 0x6F, 0x5A, 0x5F, 0x48, 0x3F, 0x40, 0x00 },
  { 0x00, 0x08, 0x6F, 0x5A, 0x7F, 0x78, 0x5F, 0x00 },
  { 0x08, 0x6F, 0x5A, 0x7F, 0x58, 0x7F, 0x50, 0x00 },
  { 0x08, 0x6F, 0x5A, 0x5F, 0x28, 0x5F, 0x20, 0x00 },
  { 0x00, 0x08, 0x7F, 0x5A, 0x5F, 0x58, 0x7F, 0x00 },
  { 0x00, 0x08, 0x7F, 0x6A, 0x6F, 0x68, 0x7F, 0x00 },
  { 0x08, 0x7F, 0x6A, 0x7F, 0x48, 0x3F, 0x40, 0x00 },
  { 0x00, 0x08, 0x4F, 0x2A, 0x1F, 0x28, 0x4F, 0x00 },
  { 0x00, 0x08, 0x4F, 0x3A, 0x4F, 0x38, 0x4F, 0x00 },
  { 0x00, 0x08, 0x2F, 0x5A, 0x5F, 0x58, 0x2F, 0x00 },
  { 0x00, 0x08, 0x5F, 0x3A, 0x1F, 0x38, 0x5F, 0x00 },
  { 0x00, 0x08, 0x2F, 0x6A, 0x3F, 0x68, 0x2F, 0x00 },
  { 0x00, 0x08, 0x1F, 0x3A, 0x3F, 0x38, 0x7F, 0x00 }, // '빀'
  { 0x00, 0x08, 0x7F, 0x5A, 0x5F, 0x58, 0x4F, 0x00 },
  { 0x00, 0x08, 0x5F, 0x7A, 0x5F, 0x78, 0x5F, 0x00 },
  { 0x00, 0x08, 0x2F, 0x6A, 0x5F, 0x68, 0x2F, 0x00 },
  { 0x00, 0x3F, 0x24, 0x24, 0x3F, 0x00, 0x7F, 0x00 },
  { 0x00, 0x0F, 0x2A, 0x2A, 0x2F, 0x20, 0x6F, 0x00 },
  { 0x00, 0x0F, 0x2A, 0x2A, 0x6F, 0x20, 0x6F, 0x00 },
  { 0x0F, 0x2A, 0x2A, 0x6F, 0x40, 0x2F, 0x40, 0x00 },
  { 0x00, 0x0F, 0x6A, 0x4A, 0x4F, 0x40, 0x5F, 0x00 },
  { 0x00, 0x0F, 0x6A, 0x4A, 0x5F, 0x30, 0x5F, 0x00 },
  { 0x0F, 0x6A, 0x4A, 0x4F, 0x30, 0x5F, 0x30, 0x00 },
  { 0x00, 0x0F, 0x7A, 0x5A, 0x5F, 0x50, 0x5F, 0x00 },
  { 0x00, 0x0F, 0x6A, 0x6A, 0x5F, 0x58, 0x5F, 0x00 },
  { 0x00, 0x0F, 0x6A, 0x5A, 0x5F, 0x10, 0x7F, 0x00 },
  { 0x00, 0x0F, 0x6A, 0x5A, 0x7F, 0x50, 0x7F, 0x00 },
  { 0x00, 0x0F, 0x6A, 0x5A, 0x7F, 0x60, 0x7F, 0x00 },
  { 0x0F, 0x6A, 0x5A, 0x5F, 0x40, 0x37, 0x40, 0x00 }, // '빐'
  { 0x00, 0x0F, 0x6A, 0x5A, 0x7F, 0x70, 0x5F, 0x00 },
  { 0x0F, 0x6A, 0x5A, 0x7F, 0x50, 0x7F, 0x50, 0x00 },
  { 0x0F, 0x6A, 0x5A, 0x5F, 0x30, 0x5F, 0x30, 0x00 },
  { 0x00, 0x0F, 0x7A, 0x5A, 0x5F, 0x50, 0x7F, 0x00 },
  { 0x00, 0x0F, 0x7A, 0x6A, 0x6F, 0x60, 0x7F, 0x00 },
  { 0x0F, 0x7A, 0x6A, 0x7F, 0x40, 0x37, 0x40, 0x00 },
  { 0x00, 0x0F, 0x4A, 0x2A, 0x1F, 0x20, 0x4F, 0x00 },
  { 0x00, 0x0F, 0x4A, 0x3A, 0x4F, 0x30, 0x4F, 0x00 },
  { 0x00, 0x0F, 0x2A, 0x5A, 0x5F, 0x50, 0x2F, 0x00 },
  { 0x00, 0x0F, 0x5A, 0x3A, 0x1F, 0x30, 0x5F, 0x00 },
  { 0x00, 0x07, 0x56, 0x36, 0x1F, 0x30, 0x57, 0x00 },
  { 0x00, 0x0F, 0x1A, 0x3A, 0x3F, 0x30, 0x7F, 0x00 },
  { 0x00, 0x0F, 0x7A, 0x5A, 0x5F, 0x58, 0x4F, 0x00 },
  { 0x00, 0x0F, 0x5A, 0x7A, 0x5F, 0x70, 0x5F, 0x00 },
  { 0x00, 0x07, 0x16, 0x36, 0x5F, 0x30, 0x17, 0x00 },
  { 0x3F, 0x24, 0x3F, 0x24, 0x3F, 0x7F, 0x08, 0x00 }, // '빠'
  { 0x0F, 0x2A, 0x2F, 0x2A, 0x2F, 0x6F, 0x02, 0x00 },
  { 0x0F, 0x2A, 0x2F, 0x6A, 0x2F, 0x6F, 0x02, 0x00 },
  { 0x0F, 0x2A, 0x2F, 0x6A, 0x4F, 0x2F, 0x42, 0x00 },
  { 0x0F, 0x6A, 0x4F, 0x4A, 0x4F, 0x5F, 0x04, 0x00 },
  { 0x0F, 0x6A, 0x4F, 0x4A, 0x5F, 0x3F, 0x52, 0x00 },
  { 0x0F, 0x6A, 0x4F, 0x5A, 0x3F, 0x5F, 0x32, 0x00 },
  { 0x0F, 0x7A, 0x5F, 0x5A, 0x5F, 0x5F, 0x02, 0x00 },
  { 0x0F, 0x6A, 0x6F, 0x5A, 0x5F, 0x5F, 0x02, 0x00 },
  { 0x0F, 0x6A, 0x5F, 0x5A, 0x1F, 0x7F, 0x02, 0x00 },
  { 0x0F, 0x6A, 0x5F, 0x7A, 0x5F, 0x7F, 0x02, 0x00 },
  { 0x0F, 0x6A, 0x5F, 0x7A, 0x6F, 0x7F, 0x02, 0x00 },
  { 0x0F, 0x6A, 0x5F, 0x5A, 0x4F, 0x3F, 0x42, 0x00 },
  { 0x0F, 0x6A, 0x5F, 0x7A, 0x7F, 0x5F, 0x02, 0x00 },
  { 0x0F, 0x6A, 0x5F, 0x7A, 0x5F, 0x7F, 0x52, 0x00 },
  { 0x0F, 0x6A, 0x5F, 0x5A, 0x2F, 0x5F, 0x22, 0x00 },
  { 0x0F, 0x7A, 0x5F, 0x5A, 0x5F, 0x7F, 0x02, 0x00 }, // '빰'
  { 0x0F, 0x7A, 0x6F, 0x6A, 0x6F, 0x7F, 0x02, 0x00 },
  { 0x0F, 0x7A, 0x6F, 0x7A, 0x4F, 0x3F, 0x42, 0x00 },
  { 0x0F, 0x4A, 0x2F, 0x1A, 0x2F, 0x4F, 0x02, 0x00 },
  { 0x0F, 0x4A, 0x3F, 0x4A, 0x3F, 0x4F, 0x02, 0x00 },
  { 0x0F, 0x2A, 0x5F, 0x5A, 0x5F, 0x2F, 0x02, 0x00 },
  { 0x0F, 0x5A, 0x3F, 0x1A, 0x3F, 0x5F, 0x02, 0x00 },
  { 0x07, 0x56, 0x37, 0x1E, 0x37, 0x57, 0x02, 0x00 },
  { 0x0F, 0x1A, 0x3F, 0x3A, 0x3F, 0x7F, 0x02, 0x00 },
  { 0x0F, 0x7A, 0x5F, 0x5A, 0x5F, 0x4F, 0x02, 0x00 },
  { 0x0F, 0x5A, 0x7F, 0x5A, 0x7F, 0x5F, 0x02, 0x00 },
  { 0x07, 0x16, 0x37, 0x5E, 0x37, 0x17, 0x02, 0x00 },
  { 0x3F, 0x24, 0x3F, 0x24, 0x3F, 0x7F, 0x7F, 0x00 },
  { 0x0F, 0x2A, 0x2F, 0x2A, 0x2F, 0x2F, 0x6F, 0x00 },
  { 0x0F, 0x2A, 0x2F, 0x6A, 0x2F, 0x2F, 0x6F, 0x00 },
  { 0x0F, 0x2A, 0x2F, 0x6A, 0x4F, 0x2F, 0x4F, 0x00 },
  { 0x0F, 0x6A, 0x4F, 0x4A, 0x4F, 0x5F, 0x5F, 0x00 }, // '뺀'
  { 0x0F, 0x6A, 0x4F, 0x4A, 0x5F, 0x37, 0x57, 0x00 },
  { 0x0F, 0x6A, 0x4F, 0x4A, 0x2F, 0x5F, 0x2F, 0x00 },
  { 0x07, 0x76, 0x57, 0x56, 0x57, 0x57, 0x57, 0x00 },
  { 0x0F, 0x6A, 0x6F, 0x5A, 0x5F, 0x5F, 0x5F, 0x00 },
  { 0x0F, 0x6A, 0x5F, 0x5A, 0x1F, 0x1F, 0x7F, 0x00 },
  { 0x0F, 0x6A, 0x5F, 0x5A, 0x7F, 0x5F, 0x7F, 0x00 },
  { 0x0F, 0x6A, 0x5F, 0x5A, 0x7F, 0x6F, 0x7F, 0x00 },
  { 0x0F, 0x6A, 0x5F, 0x5A, 0x4F, 0x3F, 0x4F, 0x00 },
  { 0x0F, 0x6A, 0x5F, 0x5A, 0x7F, 0x7F, 0x5F, 0x00 },
  { 0x0F, 0x6A, 0x5F, 0x7A, 0x5F, 0x7F, 0x5F, 0x00 },
  { 0x0F, 0x6A, 0x5F, 0x5A, 0x2F, 0x5F, 0x2F, 0x00 },
  { 0x07, 0x76, 0x57, 0x56, 0x57, 0x57, 0x77, 0x00 },
  { 0x0F, 0x7A, 0x6F, 0x6A, 0x6F, 0x6F, 0x7F, 0x00 },
  { 0x0F, 0x7A, 0x6F, 0x7A, 0x4F, 0x3F, 0x4F, 0x00 },
  { 0x0F, 0x4A, 0x2F, 0x1A, 0x2F, 0x4F, 0x0F, 0x00 },
  { 0x0F, 0x4A, 0x3F, 0x4A, 0x3F, 0x4F, 0x0F, 0x00 }, // '뺐'
  { 0x07, 0x26, 0x57, 0x56, 0x57, 0x57, 0x27, 0x00 },
  { 0x07, 0x56, 0x57, 0x36, 0x37, 0x57, 0x57, 0x00 },
  { 0x07, 0x56, 0x57, 0x3E, 0x37, 0x57, 0x57, 0x00 },
  { 0x07, 0x16, 0x37, 0x36, 0x37, 0x37, 0x77, 0x00 },
  { 0x0F, 0x7A, 0x5F, 0x5A, 0x5F, 0x5F, 0x4F, 0x00 },
  { 0x0F, 0x5A, 0x7F, 0x5A, 0x5F, 0x7F, 0x5F, 0x00 },
  { 0x07, 0x16, 0x37, 0x5E, 0x57, 0x37, 0x17, 0x00 },
  { 0x3F, 0x24, 0x3F, 0x24, 0x3F, 0x7F, 0x12, 0x00 },
  { 0x0F, 0x2A, 0x2F, 0x2A, 0x2F, 0x7F, 0x0A, 0x00 },
  { 0x0F, 0x2A, 0x2F, 0x6A, 0x2F, 0x7F, 0x0A, 0x00 },
  { 0x0F, 0x2A, 0x2F, 0x6A, 0x4F, 0x3F, 0x4A, 0x00 },
  { 0x0F, 0x6A, 0x4F, 0x4A, 0x4F, 0x5F, 0x0A, 0x00 },
  { 0x0F, 0x6A, 0x4F, 0x5A, 0x3F, 0x5F, 0x0A, 0x00 },
  { 0x0F, 0x6A, 0x4F, 0x4A, 0x2F, 0x5F, 0x2A, 0x00 },
  { 0x0F, 0x7A, 0x5F, 0x5A, 0x5F, 0x5F, 0x0A, 0x00 },
  { 0x0F, 0x6A, 0x6F, 0x5A, 0x5F, 0x5F, 0x0A, 0x00 }, // '뺠'
  { 0x0F, 0x6A, 0x5F, 0x5A, 0x1F, 0x7F, 0x0A, 0x00 },
  { 0x0F, 0x6A, 0x5F, 0x7A, 0x5F, 0x7F, 0x0A, 0x00 },
  { 0x0F, 0x6A, 0x5F, 0x7A, 0x6F, 0x7F, 0x0A, 0x00 },
  { 0x0F, 0x6A, 0x5F, 0x5A, 0x4F, 0x3F, 0x4A, 0x00 },
  { 0x0F, 0x6A, 0x5F, 0x7A, 0x7F, 0x5F, 0x0A, 0x00 },
  { 0x0F, 0x6A, 0x5F, 0x7A, 0x5F, 0x7F, 0x55, 0x00 },
  { 0x0F, 0x6A, 0x5F, 0x5A, 0x2F, 0x5F, 0x2A, 0x00 },
  { 0x0F, 0x7A, 0x5F, 0x5A, 0x5F, 0x7F, 0x0A, 0x00 },
  { 0x0F, 0x7A, 0x6F, 0x6A, 0x6F, 0x7F, 0x0A, 0x00 },
  { 0x0F, 0x7A, 0x6F, 0x7A, 0x4F, 0x3F, 0x4A, 0x00 },
  { 0x0F, 0x4A, 0x2F, 0x1A, 0x2F, 0x5F, 0x0A, 0x00 },
  { 0x0F, 0x4A, 0x3F, 0x4A, 0x3F, 0x4F, 0x0A, 0x00 },
  { 0x0F, 0x2A, 0x5F, 0x5A, 0x5F, 0x2F, 0x0A, 0x00 },
  { 0x0F, 0x5A, 0x3F, 0x1A, 0x3F, 0x5F, 0x0A, 0x00 },
  { 0x0F, 0x2A, 0x6F, 0x3A, 0x6F, 0x2F, 0x0A, 0x00 },
  { 0x0F, 0x1A, 0x3F, 0x3A, 0x3F, 0x7F, 0x0A, 0x00 }, // '뺰'
  { 0x0F, 0x7A, 0x5F, 0x5A, 0x5F, 0x4F, 0x05, 0x00 },
  { 0x0F, 0x5A, 0x7F, 0x5A, 0x7F, 0x5F, 0x0A, 0x00 },
  { 0x0F, 0x2A, 0x6F, 0x5A, 0x6F, 0x2F, 0x0A, 0x00 },
  { 0x3F, 0x24, 0x3F, 0x24, 0x3F, 0x7F, 0x7F, 0x00 },
  { 0x0F, 0x2A, 0x2F, 0x2A, 0x2F, 0x2F, 0x6F, 0x00 },
  { 0x0F, 0x2A, 0x2F, 0x6A, 0x2F, 0x2F, 0x6F, 0x00 },
  { 0x0F, 0x2A, 0x2F, 0x6A, 0x4F, 0x2F, 0x4F, 0x00 },
  { 0x0F, 0x6A, 0x4F, 0x4A, 0x4F, 0x5F, 0x5F, 0x00 },
  { 0x0F, 0x6A, 0x4F, 0x4A, 0x5F, 0x37, 0x57, 0x00 },
  { 0x0F, 0x6A, 0x4F, 0x4A, 0x2F, 0x5F, 0x2F, 0x00 },
  { 0x07, 0x76, 0x57, 0x56, 0x57, 0x57, 0x57, 0x00 },
  { 0x0F, 0x6A, 0x6F, 0x5A, 0x5F, 0x5F, 0x5F, 0x00 },
  { 0x0F, 0x6A, 0x5F, 0x5A, 0x1F, 0x1F, 0x7F, 0x00 },
  { 0x0F, 0x6A, 0x5F, 0x5A, 0x7F, 0x5F, 0x7F, 0x00 },
  { 0x0F, 0x6A, 0x5F, 0x5A, 0x7F, 0x6F, 0x7F, 0x00 },
  { 0x0F, 0x6A, 0x5F, 0x5A, 0x4F, 0x3F, 0x4F, 0x00 }, // '뻀'
  { 0x0F, 0x6A, 0x5F, 0x5A, 0x7F, 0x7F, 0x5F, 0x00 },
  { 0x0F, 0x6A, 0x5F, 0x7A, 0x5F, 0x7F, 0x5F, 0x00 },
  { 0x0F, 0x6A, 0x5F, 0x5A, 0x2F, 0x5F, 0x2F, 0x00 },
  { 0x07, 0x76, 0x57, 0x56, 0x57, 0x57, 0x77, 0x00 },
  { 0x0F, 0x7A, 0x6F, 0x6A, 0x6F, 0x6F, 0x7F, 0x00 },
  { 0x0F, 0x7A, 0x6F, 0x7A, 0x4F, 0x3F, 0x4F, 0x00 },
  { 0x0F, 0x4A, 0x2F, 0x1A, 0x2F, 0x4F, 0x0F, 0x00 },
  { 0x0F, 0x4A, 0x3F, 0x4A, 0x3F, 0x4F, 0x0F, 0x00 },
  { 0x07, 0x26, 0x57, 0x56, 0x57, 0x57, 0x27, 0x00 },
  { 0x07, 0x56, 0x57, 0x36, 0x37, 0x57, 0x57, 0x00 },
  { 0x07, 0x56, 0x57, 0x3E, 0x37, 0x57, 0x57, 0x00 },
  { 0x07, 0x16, 0x37, 0x36, 0x37, 0x37, 0x77, 0x00 },
  { 0x0F, 0x7A, 0x5F, 0x5A, 0x5F, 0x5F, 0x4F, 0x00 },
  { 0x0F, 0x5A, 0x7F, 0x5A, 0x5F, 0x7F, 0x5F, 0x00 },
  { 0x07, 0x16, 0x37, 0x5E, 0x57, 0x37, 0x17, 0x00 },
  { 0x3F, 0x24, 0x3F, 0x24, 0x3F, 0x04, 0x7F, 0x00 }, // '뻐'
  { 0x0F, 0x2A, 0x2F, 0x2A, 0x2F, 0x22, 0x6F, 0x00 },
  { 0x0F, 0x2A, 0x2F, 0x6A, 0x2F, 0x22, 0x6F, 0x00 },
  { 0x0F, 0x2A, 0x2F, 0x6A, 0x4F, 0x22, 0x4F, 0x00 },
  { 0x0F, 0x6A, 0x4F, 0x4A, 0x4F, 0x42, 0x5F, 0x00 },
  { 0x0F, 0x6A, 0x4F, 0x4A, 0x5F, 0x32, 0x5F, 0x00 },
  { 0x0F, 0x6A, 0x4F, 0x4A, 0x2F, 0x52, 0x2F, 0x00 },
  { 0x0F, 0x7A, 0x5F, 0x5A, 0x5F, 0x52, 0x5F, 0x00 },
  { 0x0F, 0x6A, 0x6F, 0x5A, 0x5F, 0x5A, 0x5F, 0x00 },
  { 0x0F, 0x6A, 0x5F, 0x5A, 0x1F, 0x12, 0x7F, 0x00 },
  { 0x0F, 0x6A, 0x5F, 0x5A, 0x7F, 0x52, 0x7F, 0x00 },
  { 0x0F, 0x6A, 0x5F, 0x5A, 0x7F, 0x62, 0x7F, 0x00 },
  { 0x0F, 0x6A, 0x5F, 0x5A, 0x4F, 0x32, 0x4F, 0x00 },
  { 0x0F, 0x6A, 0x5F, 0x5A, 0x7F, 0x72, 0x5F, 0x00 },
  { 0x0F, 0x6A, 0x5F, 0x7A, 0x5F, 0x72, 0x5F, 0x00 },
  { 0x0F, 0x6A, 0x5F, 0x5A, 0x2F, 0x52, 0x2F, 0x00 },
  { 0x0F, 0x7A, 0x5F, 0x5A, 0x5F, 0x52, 0x7F, 0x00 }, // '뻠'
  { 0x0F, 0x7A, 0x6F, 0x6A, 0x6F, 0x62, 0x7F, 0x00 },
  { 0x0F, 0x7A, 0x6F, 0x7A, 0x4F, 0x32, 0x4F, 0x00 },
  { 0x0F, 0x4A, 0x2F, 0x1A, 0x2F, 0x42, 0x0F, 0x00 },
  { 0x0F, 0x4A, 0x3F, 0x4A, 0x3F, 0x42, 0x0F, 0x00 },
  { 0x0F, 0x2A, 0x5F, 0x5A, 0x5F, 0x52, 0x2F, 0x00 },
  { 0x0F, 0x5A, 0x5F, 0x3A, 0x3F, 0x52, 0x5F, 0x00 },
  { 0x07, 0x56, 0x57, 0x3E, 0x37, 0x52, 0x57, 0x00 },
  { 0x0F, 0x1A, 0x3F, 0x3A, 0x3F, 0x32, 0x7F, 0x00 },
  { 0x0F, 0x7A, 0x5F, 0x5A, 0x5F, 0x5A, 0x4F, 0x00 },
  { 0x0F, 0x5A, 0x7F, 0x5A, 0x5F, 0x72, 0x5F, 0x00 },
  { 0x07, 0x16, 0x37, 0x5E, 0x57, 0x32, 0x17, 0x00 },
  { 0x3F, 0x24, 0x3F, 0x24, 0x3F, 0x7F, 0x7F, 0x00 },
  { 0x0F, 0x2A, 0x2F, 0x2A, 0x2F, 0x2F, 0x6F, 0x00 },
  { 0x0F, 0x2A, 0x2F, 0x6A, 0x2F, 0x2F, 0x6F, 0x00 },
  { 0x0F, 0x2A, 0x2F, 0x6A, 0x4F, 0x2F, 0x4F, 0x00 },
  { 0x0F, 0x6A, 0x4F, 0x4A, 0x4F, 0x5F, 0x5F, 0x00 }, // '뻰'
  { 0x0F, 0x6A, 0x4F, 0x4A, 0x5F, 0x37, 0x57, 0x00 },
  { 0x0F, 0x6A, 0x4F, 0x4A, 0x2F, 0x5F, 0x2F, 0x00 },
  { 0x07, 0x76, 0x57, 0x56, 0x57, 0x57, 0x57, 0x00 },
  { 0x0F, 0x6A, 0x6F, 0x5A, 0x5F, 0x5F, 0x5F, 0x00 },
  { 0x0F, 0x6A, 0x5F, 0x5A, 0x1F, 0x1F, 0x7F, 0x00 },
  { 0x0F, 0x6A, 0x5F, 0x5A, 0x7F, 0x5F, 0x7F, 0x00 },
  { 0x0F, 0x6A, 0x5F, 0x5A, 0x7F, 0x6F, 0x7F, 0x00 },
  { 0x0F, 0x6A, 0x5F, 0x5A, 0x4F, 0x3F, 0x4F, 0x00 },
  { 0x0F, 0x6A, 0x5F, 0x5A, 0x7F, 0x7F, 0x5F, 0x00 },
  { 0x0F, 0x6A, 0x5F, 0x7A, 0x5F, 0x7F, 0x5F, 0x00 },
  { 0x0F, 0x6A, 0x5F, 0x5A, 0x2F, 0x5F, 0x2F, 0x00 },
  { 0x07, 0x76, 0x57, 0x56, 0x57, 0x57, 0x77, 0x00 },
  { 0x0F, 0x7A, 0x6F, 0x6A, 0x6F, 0x6F, 0x7F, 0x00 },
  { 0x0F, 0x7A, 0x6F, 0x7A, 0x4F, 0x3F, 0x4F, 0x00 },
  { 0x0F, 0x4A, 0x2F, 0x1A, 0x2F, 0x4F, 0x0F, 0x00 },
  { 0x0F, 0x4A, 0x3F, 0x4A, 0x3F, 0x4F, 0x0F, 0x00 }, // '뼀'
  { 0x07, 0x26, 0x57, 0x56, 0x57, 0x57, 0x27, 0x00 },
  { 0x07, 0x56, 0x57, 0x36, 0x37, 0x57, 0x57, 0x00 },
  { 0x07, 0x56, 0x57, 0x3E, 0x37, 0x57, 0x57, 0x00 },
  { 0x07, 0x16, 0x37, 0x36, 0x37, 0x37, 0x77, 0x00 },
  { 0x0F, 0x7A, 0x5F, 0x5A, 0x5F, 0x5F, 0x4F, 0x00 },
  { 0x0F, 0x5A, 0x7F, 0x5A, 0x5F, 0x7F, 0x5F, 0x00 },
  { 0x07, 0x16, 0x37, 0x5E, 0x57, 0x37, 0x17, 0x00 },
  { 0x3F, 0x24, 0x3F, 0x24, 0x3F, 0x12, 0x7F, 0x00 },
  { 0x0F, 0x2A, 0x2F, 0x2A, 0x2F, 0x2A, 0x7F, 0x00 },
  { 0x0F, 0x2A, 0x2F, 0x6A, 0x2F, 0x2A, 0x7F, 0x00 },
  { 0x0F, 0x2A, 0x2F, 0x6A, 0x4F, 0x2A, 0x5F, 0x00 },
  { 0x0F, 0x6A, 0x4F, 0x4A, 0x4F, 0x4A, 0x5F, 0x00 },
  { 0x0F, 0x6A, 0x4F, 0x4A, 0x5F, 0x35, 0x5F, 0x00 },
  { 0x0F, 0x6A, 0x4F, 0x4A, 0x2F, 0x55, 0x2F, 0x00 },
  { 0x0F, 0x7A, 0x5F, 0x5A, 0x5F, 0x55, 0x5F, 0x00 },
  { 0x0F, 0x6A, 0x6F, 0x5A, 0x5F, 0x55, 0x5F, 0x00 }, // '뼐'
  { 0x0F, 0x6A, 0x5F, 0x5A, 0x1F, 0x15, 0x7F, 0x00 },
  { 0x0F, 0x6A, 0x5F, 0x5A, 0x7F, 0x55, 0x7F, 0x00 },
  { 0x0F, 0x6A, 0x5F, 0x5A, 0x7F, 0x65, 0x7F, 0x00 },
  { 0x0F, 0x6A, 0x5F, 0x5A, 0x4F, 0x35, 0x4F, 0x00 },
  { 0x0F, 0x6A, 0x5F, 0x5A, 0x7F, 0x75, 0x5F, 0x00 },
  { 0x0F, 0x6A, 0x5F, 0x7A, 0x5F, 0x75, 0x5F, 0x00 },
  { 0x0F, 0x6A, 0x5F, 0x5A, 0x2F, 0x55, 0x2F, 0x00 },
  { 0x0F, 0x7A, 0x5F, 0x5A, 0x5F, 0x55, 0x7F, 0x00 },
  { 0x0F, 0x7A, 0x6F, 0x6A, 0x6F, 0x6A, 0x7F, 0x00 },
  { 0x0F, 0x7A, 0x6F, 0x7A, 0x4F, 0x35, 0x4F, 0x00 },
  { 0x0F, 0x4A, 0x2F, 0x1A, 0x2F, 0x4A, 0x1F, 0x00 },
  { 0x0F, 0x4A, 0x3F, 0x4A, 0x3F, 0x4A, 0x1F, 0x00 },
  { 0x0F, 0x2A, 0x5F, 0x5A, 0x5F, 0x55, 0x2F, 0x00 },
  { 0x0F, 0x5A, 0x5F, 0x3A, 0x3F, 0x55, 0x5F, 0x00 },
  { 0x07, 0x56, 0x57, 0x3E, 0x37, 0x55, 0x5F, 0x00 },
  { 0x0F, 0x1A, 0x3F, 0x3A, 0x3F, 0x35, 0x7F, 0x00 }, // '뼠'
  { 0x0F, 0x7A, 0x5F, 0x5A, 0x5F, 0x55, 0x4F, 0x00 },
  { 0x0F, 0x5A, 0x7F, 0x5A, 0x5F, 0x75, 0x5F, 0x00 },
  { 0x07, 0x16, 0x37, 0x5E, 0x57, 0x35, 0x1F, 0x00 },
  { 0x3F, 0x24, 0x3F, 0x24, 0x3F, 0x7F, 0x7F, 0x00 },
  { 0x0F, 0x2A, 0x2F, 0x2A, 0x2F, 0x2F, 0x6F, 0x00 },
  { 0x0F, 0x2A, 0x2F, 0x6A, 0x2F, 0x2F, 0x6F, 0x00 },
  { 0x0F, 0x2A, 0x2F, 0x6A, 0x4F, 0x2F, 0x4F, 0x00 },
  { 0x0F, 0x6A, 0x4F, 0x4A, 0x4F, 0x5F, 0x5F, 0x00 },
  { 0x0F, 0x6A, 0x4F, 0x4A, 0x5F, 0x37, 0x57, 0x00 },
  { 0x0F, 0x6A, 0x4F, 0x4A, 0x2F, 0x5F, 0x2F, 0x00 },
  { 0x07, 0x76, 0x57, 0x56, 0x57, 0x57, 0x57, 0x00 },
  { 0x0F, 0x6A, 0x6F, 0x5A, 0x5F, 0x5F, 0x5F, 0x00 },
  { 0x0F, 0x6A, 0x5F, 0x5A, 0x1F, 0x1F, 0x7F, 0x00 },
  { 0x0F, 0x6A, 0x5F, 0x5A, 0x7F, 0x5F, 0x7F, 0x00 },
  { 0x0F, 0x6A, 0x5F, 0x5A, 0x7F, 0x6F, 0x7F, 0x00 },
  { 0x0F, 0x6A, 0x5F, 0x5A, 0x4F, 0x3F, 0x4F, 0x00 }, // '뼰'
  { 0x0F, 0x6A, 0x5F, 0x5A, 0x7F, 0x7F, 0x5F, 0x00 },
  { 0x0F, 0x6A, 0x5F, 0x7A, 0x5F, 0x7F, 0x5F, 0x00 },
  { 0x0F, 0x6A, 0x5F, 0x5A, 0x2F, 0x5F, 0x2F, 0x00 },
  { 0x07, 0x76, 0x57, 0x56, 0x57, 0x57, 0x77, 0x00 },
  { 0x0F, 0x7A, 0x6F, 0x6A, 0x6F, 0x6F, 0x7F, 0x00 },
  { 0x0F, 0x7A, 0x6F, 0x7A, 0x4F, 0x3F, 0x4F, 0x00 },
  { 0x0F, 0x4A, 0x2F, 0x1A, 0x2F, 0x4F, 0x0F, 0x00 },
  { 0x0F, 0x4A, 0x3F, 0x4A, 0x3F, 0x4F, 0x0F, 0x00 },
  { 0x07, 0x26, 0x57, 0x56, 0x57, 0x57, 0x27, 0x00 },
  { 0x07, 0x56, 0x57, 0x36, 0x37, 0x57, 0x57, 0x00 },
  { 0x07, 0x56, 0x57, 0x3E, 0x37, 0x57, 0x57, 0x00 },
  { 0x07, 0x16, 0x37, 0x36, 0x37, 0x37, 0x77, 0x00 },
  { 0x0F, 0x7A, 0x5F, 0x5A, 0x5F, 0x5F, 0x4F, 0x00 },
  { 0x0F, 0x5A, 0x7F, 0x5A, 0x5F, 0x7F, 0x5F, 0x00 },
  { 0x07, 0x16, 0x37, 0x5E, 0x57, 0x37, 0x17, 0x00 },
  { 0x20, 0x2F, 0x2A, 0x3F, 0x2A, 0x2F, 0x20, 0x00 }, // '뽀'
  { 0x10, 0x37, 0x36, 0x3F, 0x36, 0x77, 0x10, 0x00 },
  { 0x10, 0x37, 0x36, 0x7F, 0x36, 0x77, 0x10, 0x00 },
  { 0x10, 0x37, 0x36, 0x7F, 0x56, 0x37, 0x50, 0x00 },
  { 0x10, 0x77, 0x56, 0x5F, 0x56, 0x57, 0x10, 0x00 },
  { 0x08, 0x6B, 0x4A, 0x5F, 0x3A, 0x5B, 0x08, 0x00 },
  { 0x08, 0x6B, 0x4A, 0x4F, 0x2A, 0x5B, 0x28, 0x00 },
  { 0x08, 0x7B, 0x5A, 0x5F, 0x5A, 0x5B, 0x08, 0x00 },
  { 0x08, 0x6B, 0x6A, 0x5F, 0x5A, 0x5B, 0x08, 0x00 },
  { 0x08, 0x6B, 0x5A, 0x5F, 0x1A, 0x7B, 0x08, 0x00 },
  { 0x08, 0x6B, 0x5A, 0x7F, 0x5A, 0x7B, 0x08, 0x00 },
  { 0x08, 0x6B, 0x5A, 0x7F, 0x6A, 0x7B, 0x08, 0x00 },
  { 0x08, 0x6B, 0x5A, 0x5F, 0x4A, 0x3B, 0x48, 0x00 },
  { 0x08, 0x6B, 0x5A, 0x7F, 0x7A, 0x5B, 0x08, 0x00 },
  { 0x08, 0x6B, 0x5A, 0x7F, 0x5A, 0x7B, 0x58, 0x00 },
  { 0x08, 0x6B, 0x5A, 0x5F, 0x2A, 0x5B, 0x28, 0x00 },
  { 0x10, 0x77, 0x56, 0x5F, 0x56, 0x77, 0x10, 0x00 }, // '뽐'
  { 0x08, 0x7B, 0x6A, 0x6F, 0x6A, 0x7B, 0x08, 0x00 },
  { 0x08, 0x7B, 0x6A, 0x7F, 0x4A, 0x3B, 0x48, 0x00 },
  { 0x10, 0x57, 0x56, 0x3F, 0x56, 0x57, 0x10, 0x00 },
  { 0x10, 0x57, 0x36, 0x5F, 0x36, 0x57, 0x10, 0x00 },
  { 0x10, 0x37, 0x56, 0x5F, 0x56, 0x37, 0x10, 0x00 },
  { 0x08, 0x5B, 0x3A, 0x1F, 0x3A, 0x5B, 0x08, 0x00 },
  { 0x08, 0x2B, 0x6A, 0x3F, 0x6A, 0x2B, 0x08, 0x00 },
  { 0x08, 0x1B, 0x3A, 0x3F, 0x3A, 0x7B, 0x08, 0x00 },
  { 0x08, 0x7B, 0x5A, 0x5F, 0x5A, 0x4B, 0x08, 0x00 },
  { 0x08, 0x5B, 0x7A, 0x5F, 0x7A, 0x5B, 0x08, 0x00 },
  { 0x08, 0x2B, 0x6A, 0x5F, 0x6A, 0x2B, 0x08, 0x00 },
  { 0x2F, 0x2A, 0x3F, 0x2A, 0x2F, 0x7F, 0x08, 0x00 },
  { 0x17, 0x36, 0x3F, 0x36, 0x37, 0x7F, 0x04, 0x00 },
  { 0x17, 0x36, 0x3F, 0x76, 0x37, 0x7F, 0x04, 0x00 },
  { 0x17, 0x36, 0x3F, 0x76, 0x57, 0x3F, 0x44, 0x00 },
  { 0x17, 0x76, 0x5F, 0x56, 0x57, 0x5F, 0x04, 0x00 }, // '뽠'
  { 0x0B, 0x6A, 0x4F, 0x5A, 0x3B, 0x5F, 0x02, 0x00 },
  { 0x0B, 0x6A, 0x4F, 0x4A, 0x2B, 0x5F, 0x22, 0x00 },
  { 0x0B, 0x7A, 0x5F, 0x5A, 0x5B, 0x5F, 0x02, 0x00 },
  { 0x0B, 0x6A, 0x6F, 0x5A, 0x5B, 0x5F, 0x02, 0x00 },
  { 0x0B, 0x6A, 0x5F, 0x5A, 0x1B, 0x7F, 0x02, 0x00 },
  { 0x0B, 0x6A, 0x5F, 0x7A, 0x5B, 0x7F, 0x02, 0x00 },
  { 0x0B, 0x6A, 0x5F, 0x7A, 0x6B, 0x7F, 0x02, 0x00 },
  { 0x0B, 0x6A, 0x5F, 0x5A, 0x4B, 0x3F, 0x42, 0x00 },
  { 0x0B, 0x6A, 0x5F, 0x7A, 0x7B, 0x5F, 0x02, 0x00 },
  { 0x0B, 0x6A, 0x5F, 0x7A, 0x5B, 0x7F, 0x52, 0x00 },
  { 0x0B, 0x6A, 0x5F, 0x5A, 0x2B, 0x5F, 0x22, 0x00 },
  { 0x17, 0x76, 0x5F, 0x56, 0x57, 0x7F, 0x04, 0x00 },
  { 0x0B, 0x7A, 0x6F, 0x6A, 0x6B, 0x7F, 0x02, 0x00 },
  { 0x0B, 0x7A, 0x6F, 0x7A, 0x4B, 0x3F, 0x42, 0x00 },
  { 0x17, 0x56, 0x5F, 0x36, 0x57, 0x5F, 0x04, 0x00 },
  { 0x17, 0x56, 0x3F, 0x56, 0x37, 0x5F, 0x04, 0x00 }, // '뽰'
  { 0x17, 0x36, 0x5F, 0x56, 0x57, 0x3F, 0x04, 0x00 },
  { 0x0B, 0x5A, 0x3F, 0x1A, 0x3B, 0x5F, 0x02, 0x00 },
  { 0x0B, 0x2A, 0x6F, 0x3A, 0x6B, 0x2F, 0x02, 0x00 },
  { 0x0B, 0x1A, 0x3F, 0x3A, 0x3B, 0x7F, 0x02, 0x00 },
  { 0x0B, 0x7A, 0x5F, 0x5A, 0x5B, 0x4F, 0x02, 0x00 },
  { 0x0B, 0x5A, 0x7F, 0x5A, 0x7B, 0x5F, 0x02, 0x00 },
  { 0x0B, 0x2A, 0x6F, 0x5A, 0x6B, 0x2F, 0x02, 0x00 },
  { 0x2F, 0x2A, 0x3F, 0x2A, 0x2F, 0x7F, 0x7F, 0x00 },
  { 0x17, 0x36, 0x3F, 0x36, 0x37, 0x3F, 0x7F, 0x00 },
  { 0x17, 0x36, 0x3F, 0x76, 0x37, 0x3F, 0x7F, 0x00 },
  { 0x17, 0x36, 0x3F, 0x76, 0x57, 0x3F, 0x5F, 0x00 },
  { 0x17, 0x76, 0x5F, 0x56, 0x57, 0x5F, 0x5F, 0x00 },
  { 0x0B, 0x6A, 0x4F, 0x4A, 0x5B, 0x3F, 0x5F, 0x00 },
  { 0x0B, 0x6A, 0x4F, 0x4A, 0x2B, 0x5F, 0x2F, 0x00 },
  { 0x0B, 0x7A, 0x5F, 0x5A, 0x5B, 0x5F, 0x5F, 0x00 },
  { 0x0B, 0x6A, 0x6F, 0x5A, 0x5B, 0x5F, 0x5F, 0x00 }, // '뾀'
  { 0x0B, 0x6A, 0x5F, 0x5A, 0x1B, 0x1F, 0x7F, 0x00 },
  { 0x0B, 0x6A, 0x5F, 0x5A, 0x7B, 0x5F, 0x7F, 0x00 },
  { 0x0B, 0x6A, 0x5F, 0x5A, 0x7B, 0x6F, 0x7F, 0x00 },
  { 0x0B, 0x6A, 0x5F, 0x5A, 0x4B, 0x3F, 0x4F, 0x00 },
  { 0x0B, 0x6A, 0x5F, 0x5A, 0x7B, 0x7F, 0x5F, 0x00 },
  { 0x0B, 0x6A, 0x5F, 0x7A, 0x5B, 0x7F, 0x5F, 0x00 },
  { 0x0B, 0x6A, 0x5F, 0x5A, 0x2B, 0x5F, 0x2F, 0x00 },
  { 0x17, 0x76, 0x5F, 0x56, 0x57, 0x5F, 0x7F, 0x00 },
  { 0x0B, 0x7A, 0x6F, 0x6A, 0x6B, 0x6F, 0x7F, 0x00 },
  { 0x0B, 0x7A, 0x6F, 0x7A, 0x4B, 0x3F, 0x4F, 0x00 },
  { 0x17, 0x56, 0x5F, 0x36, 0x57, 0x5F, 0x1F, 0x00 },
  { 0x17, 0x56, 0x3F, 0x56, 0x37, 0x5F, 0x1F, 0x00 },
  { 0x17, 0x36, 0x5F, 0x56, 0x57, 0x5F, 0x3F, 0x00 },
  { 0x0B, 0x5A, 0x5F, 0x3A, 0x3B, 0x5F, 0x5F, 0x00 },
  { 0x0B, 0x2A, 0x6F, 0x3A, 0x2B, 0x6F, 0x2F, 0x00 },
  { 0x0B, 0x1A, 0x3F, 0x3A, 0x3B, 0x3F, 0x7F, 0x00 }, // '뾐'
  { 0x0B, 0x7A, 0x5F, 0x5A, 0x5B, 0x5F, 0x4F, 0x00 },
  { 0x0B, 0x5A, 0x7F, 0x5A, 0x5B, 0x7F, 0x5F, 0x00 },
  { 0x0B, 0x2A, 0x6F, 0x5A, 0x6B, 0x6F, 0x2F, 0x00 },
  { 0x2F, 0x2A, 0x3F, 0x2A, 0x2F, 0x20, 0x7F, 0x00 },
  { 0x17, 0x36, 0x3F, 0x36, 0x37, 0x30, 0x7F, 0x00 },
  { 0x17, 0x36, 0x3F, 0x76, 0x37, 0x30, 0x7F, 0x00 },
  { 0x17, 0x36, 0x3F, 0x76, 0x57, 0x30, 0x5F, 0x00 },
  { 0x17, 0x76, 0x5F, 0x56, 0x57, 0x50, 0x5F, 0x00 },
  { 0x0B, 0x6A, 0x4F, 0x4A, 0x5B, 0x38, 0x5F, 0x00 },
  { 0x0B, 0x6A, 0x4F, 0x4A, 0x2B, 0x58, 0x2F, 0x00 },
  { 0x0B, 0x7A, 0x5F, 0x5A, 0x5B, 0x58, 0x5F, 0x00 },
  { 0x0B, 0x6A, 0x6F, 0x5A, 0x5B, 0x58, 0x5F, 0x00 },
  { 0x0B, 0x6A, 0x5F, 0x5A, 0x1B, 0x18, 0x7F, 0x00 },
  { 0x0B, 0x6A, 0x5F, 0x5A, 0x7B, 0x58, 0x7F, 0x00 },
  { 0x0B, 0x6A, 0x5F, 0x5A, 0x7B, 0x68, 0x7F, 0x00 },
  { 0x0B, 0x6A, 0x5F, 0x5A, 0x4B, 0x38, 0x4F, 0x00 }, // '뾠'
  { 0x0B, 0x6A, 0x5F, 0x5A, 0x7B, 0x78, 0x5F, 0x00 },
  { 0x0B, 0x6A, 0x5F, 0x7A, 0x5B, 0x78, 0x5F, 0x00 },
  { 0x0B, 0x6A, 0x5F, 0x5A, 0x2B, 0x58, 0x2F, 0x00 },
  { 0x17, 0x76, 0x5F, 0x56, 0x57, 0x50, 0x7F, 0x00 },
  { 0x0B, 0x7A, 0x6F, 0x6A, 0x6B, 0x68, 0x7F, 0x00 },
  { 0x0B, 0x7A, 0x6F, 0x7A, 0x4B, 0x38, 0x4F, 0x00 },
  { 0x17, 0x56, 0x5F, 0x36, 0x57, 0x50, 0x1F, 0x00 },
  { 0x17, 0x56, 0x3F, 0x56, 0x37, 0x50, 0x1F, 0x00 },
  { 0x17, 0x36, 0x5F, 0x56, 0x57, 0x50, 0x3F, 0x00 },
  { 0x0B, 0x5A, 0x5F, 0x3A, 0x3B, 0x58, 0x5F, 0x00 },
  { 0x0B, 0x2A, 0x6F, 0x3A, 0x2B, 0x68, 0x2F, 0x00 },
  { 0x0B, 0x1A, 0x3F, 0x3A, 0x3B, 0x38, 0x7F, 0x00 },
  { 0x0B, 0x7A, 0x5F, 0x5A, 0x5B, 0x58, 0x4F, 0x00 },
  { 0x0B, 0x5A, 0x7F, 0x5A, 0x5B, 0x78, 0x5F, 0x00 },
  { 0x0B, 0x2A, 0x6F, 0x5A, 0x6B, 0x68, 0x2F, 0x00 },
  { 0x20, 0x2F, 0x3A, 0x2F, 0x3A, 0x2F, 0x20, 0x00 }, // '뾰'
  { 0x10, 0x37, 0x3E, 0x37, 0x3E, 0x77, 0x10, 0x00 },
  { 0x10, 0x37, 0x3E, 0x77, 0x3E, 0x77, 0x10, 0x00 },
  { 0x10, 0x37, 0x3E, 0x77, 0x5E, 0x37, 0x50, 0x00 },
  { 0x10, 0x77, 0x5E, 0x57, 0x5E, 0x57, 0x10, 0x00 },
  { 0x08, 0x6B, 0x4E, 0x5B, 0x3E, 0x5B, 0x08, 0x00 },
  { 0x08, 0x6B, 0x4E, 0x4B, 0x2E, 0x5B, 0x28, 0x00 },
  { 0x08, 0x7B, 0x5E, 0x5B, 0x5E, 0x5B, 0x08, 0x00 },
  { 0x08, 0x6B, 0x6E, 0x5B, 0x5E, 0x5B, 0x08, 0x00 },
  { 0x08, 0x6B, 0x5E, 0x5B, 0x1E, 0x7B, 0x08, 0x00 },
  { 0x08, 0x6B, 0x5E, 0x7B, 0x5E, 0x7B, 0x08, 0x00 },
  { 0x08, 0x6B, 0x5E, 0x7B, 0x6E, 0x7B, 0x08, 0x00 },
  { 0x08, 0x6B, 0x5E, 0x5B, 0x4E, 0x3B, 0x48, 0x00 },
  { 0x08, 0x6B, 0x5E, 0x7B, 0x7E, 0x5B, 0x08, 0x00 },
  { 0x08, 0x6B, 0x5E, 0x7B, 0x5E, 0x7B, 0x58, 0x00 },
  { 0x08, 0x6B, 0x5E, 0x5B, 0x2E, 0x5B, 0x28, 0x00 },
  { 0x10, 0x77, 0x5E, 0x57, 0x5E, 0x77, 0x10, 0x00 }, // '뿀'
  { 0x08, 0x7B, 0x6E, 0x6B, 0x6E, 0x7B, 0x08, 0x00 },
  { 0x08, 0x7B, 0x6E, 0x7B, 0x4E, 0x3B, 0x48, 0x00 },
  { 0x10, 0x57, 0x5E, 0x37, 0x5E, 0x57, 0x10, 0x00 },
  { 0x10, 0x57, 0x3E, 0x57, 0x3E, 0x57, 0x10, 0x00 },
  { 0x10, 0x37, 0x5E, 0x57, 0x5E, 0x37, 0x10, 0x00 },
  { 0x08, 0x5B, 0x3E, 0x1B, 0x3E, 0x5B, 0x08, 0x00 },
  { 0x08, 0x2B, 0x6E, 0x3B, 0x6E, 0x2B, 0x08, 0x00 },
  { 0x08, 0x1B, 0x3E, 0x3B, 0x3E, 0x7B, 0x08, 0x00 },
  { 0x08, 0x7B, 0x5E, 0x5B, 0x5E, 0x4B, 0x08, 0x00 },
  { 0x08, 0x5B, 0x7E, 0x5B, 0x7E, 0x5B, 0x08, 0x00 },
  { 0x08, 0x2B, 0x6E, 0x5B, 0x6E, 0x2B, 0x08, 0x00 },
  { 0x20, 0x2F, 0x2A, 0x6F, 0x2A, 0x2F, 0x20, 0x00 },
  { 0x08, 0x2F, 0x2A, 0x3F, 0x2A, 0x6F, 0x08, 0x00 },
  { 0x08, 0x2F, 0x2A, 0x7F, 0x2A, 0x6F, 0x08, 0x00 },
  { 0x08, 0x2F, 0x2A, 0x7F, 0x4A, 0x2F, 0x48, 0x00 },
  { 0x08, 0x6F, 0x4A, 0x5F, 0x4A, 0x4F, 0x08, 0x00 }, // '뿐'
  { 0x04, 0x77, 0x46, 0x5F, 0x36, 0x57, 0x04, 0x00 },
  { 0x04, 0x77, 0x46, 0x5F, 0x36, 0x57, 0x34, 0x00 },
  { 0x04, 0x77, 0x56, 0x5F, 0x56, 0x57, 0x04, 0x00 },
  { 0x04, 0x17, 0x56, 0x7F, 0x56, 0x47, 0x04, 0x00 },
  { 0x04, 0x57, 0x76, 0x5F, 0x16, 0x77, 0x04, 0x00 },
  { 0x04, 0x57, 0x76, 0x7F, 0x56, 0x77, 0x04, 0x00 },
  { 0x04, 0x57, 0x76, 0x5F, 0x66, 0x77, 0x04, 0x00 },
  { 0x04, 0x57, 0x76, 0x5F, 0x46, 0x37, 0x44, 0x00 },
  { 0x04, 0x57, 0x76, 0x5F, 0x76, 0x77, 0x54, 0x00 },
  { 0x04, 0x57, 0x76, 0x7F, 0x56, 0x77, 0x54, 0x00 },
  { 0x04, 0x57, 0x76, 0x5F, 0x36, 0x57, 0x34, 0x00 },
  { 0x04, 0x77, 0x56, 0x5F, 0x56, 0x77, 0x04, 0x00 },
  { 0x04, 0x77, 0x66, 0x6F, 0x66, 0x77, 0x04, 0x00 },
  { 0x04, 0x77, 0x66, 0x7F, 0x46, 0x37, 0x44, 0x00 },
  { 0x08, 0x4F, 0x4A, 0x3F, 0x4A, 0x4F, 0x08, 0x00 },
  { 0x08, 0x4F, 0x2A, 0x5F, 0x2A, 0x4F, 0x08, 0x00 }, // '뿠'
  { 0x04, 0x27, 0x56, 0x5F, 0x56, 0x27, 0x04, 0x00 },
  { 0x04, 0x57, 0x36, 0x1F, 0x36, 0x57, 0x04, 0x00 },
  { 0x04, 0x27, 0x66, 0x3F, 0x66, 0x27, 0x04, 0x00 },
  { 0x04, 0x17, 0x36, 0x3F, 0x36, 0x77, 0x04, 0x00 },
  { 0x04, 0x77, 0x76, 0x7F, 0x76, 0x57, 0x04, 0x00 },
  { 0x04, 0x57, 0x76, 0x5F, 0x76, 0x57, 0x04, 0x00 },
  { 0x04, 0x27, 0x66, 0x5F, 0x66, 0x27, 0x04, 0x00 },
  { 0x1F, 0x1A, 0x7F, 0x1A, 0x3F, 0x20, 0x7F, 0x00 },
  { 0x07, 0x26, 0x3F, 0x26, 0x2F, 0x28, 0x7F, 0x00 },
  { 0x07, 0x26, 0x3F, 0x66, 0x2F, 0x28, 0x7F, 0x00 },
  { 0x07, 0x26, 0x3F, 0x66, 0x4F, 0x28, 0x5F, 0x00 },
  { 0x07, 0x66, 0x5F, 0x46, 0x4F, 0x48, 0x5F, 0x00 },
  { 0x07, 0x76, 0x4F, 0x46, 0x57, 0x38, 0x5F, 0x00 },
  { 0x07, 0x76, 0x4F, 0x46, 0x27, 0x58, 0x2F, 0x00 },
  { 0x07, 0x76, 0x5F, 0x56, 0x57, 0x58, 0x5F, 0x00 },
  { 0x07, 0x16, 0x5F, 0x76, 0x77, 0x58, 0x4F, 0x00 }, // '뿰'
  { 0x07, 0x56, 0x7F, 0x56, 0x17, 0x18, 0x7F, 0x00 },
  { 0x07, 0x56, 0x7F, 0x56, 0x77, 0x58, 0x7F, 0x00 },
  { 0x07, 0x56, 0x7F, 0x56, 0x77, 0x68, 0x7F, 0x00 },
  { 0x07, 0x56, 0x7F, 0x56, 0x47, 0x38, 0x4F, 0x00 },
  { 0x07, 0x56, 0x7F, 0x56, 0x77, 0x78, 0x5F, 0x00 },
  { 0x07, 0x56, 0x7F, 0x76, 0x57, 0x78, 0x5F, 0x00 },
  { 0x07, 0x56, 0x7F, 0x56, 0x27, 0x58, 0x2F, 0x00 },
  { 0x07, 0x76, 0x5F, 0x56, 0x57, 0x58, 0x7F, 0x00 },
  { 0x07, 0x76, 0x6F, 0x66, 0x67, 0x68, 0x7F, 0x00 },
  { 0x07, 0x76, 0x6F, 0x76, 0x47, 0x38, 0x4F, 0x00 },
  { 0x0F, 0x4A, 0x5F, 0x2A, 0x4F, 0x50, 0x1F, 0x00 },
  { 0x0F, 0x5A, 0x2F, 0x4A, 0x2F, 0x50, 0x1F, 0x00 },
  { 0x07, 0x26, 0x5F, 0x56, 0x57, 0x58, 0x2F, 0x00 },
  { 0x07, 0x56, 0x5F, 0x36, 0x37, 0x58, 0x5F, 0x00 },
  { 0x07, 0x26, 0x6F, 0x36, 0x27, 0x68, 0x2F, 0x00 },
  { 0x07, 0x16, 0x3F, 0x36, 0x37, 0x38, 0x7F, 0x00 }, // '쀀'
  { 0x07, 0x76, 0x7F, 0x76, 0x77, 0x78, 0x5F, 0x00 },
  { 0x07, 0x56, 0x7F, 0x56, 0x57, 0x78, 0x5F, 0x00 },
  { 0x07, 0x26, 0x6F, 0x56, 0x67, 0x68, 0x2F, 0x00 },
  { 0x1F, 0x1A, 0x7F, 0x1A, 0x2F, 0x7F, 0x7F, 0x00 },
  { 0x0F, 0x2A, 0x3F, 0x2A, 0x37, 0x3F, 0x7F, 0x00 },
  { 0x0F, 0x2A, 0x3F, 0x6A, 0x37, 0x3F, 0x7F, 0x00 },
  { 0x0F, 0x2A, 0x3F, 0x6A, 0x57, 0x3F, 0x5F, 0x00 },
  { 0x0F, 0x6A, 0x5F, 0x4A, 0x57, 0x5F, 0x5F, 0x00 },
  { 0x07, 0x76, 0x4F, 0x46, 0x5B, 0x3F, 0x5F, 0x00 },
  { 0x07, 0x76, 0x4F, 0x46, 0x2B, 0x5F, 0x2F, 0x00 },
  { 0x07, 0x76, 0x5F, 0x56, 0x5B, 0x5F, 0x5F, 0x00 },
  { 0x07, 0x16, 0x5F, 0x76, 0x7B, 0x5F, 0x4F, 0x00 },
  { 0x07, 0x56, 0x7F, 0x56, 0x1B, 0x1F, 0x7F, 0x00 },
  { 0x07, 0x56, 0x7F, 0x56, 0x7B, 0x5F, 0x7F, 0x00 },
  { 0x07, 0x56, 0x7F, 0x56, 0x7B, 0x6F, 0x7F, 0x00 },
  { 0x07, 0x56, 0x7F, 0x56, 0x4B, 0x3F, 0x4F, 0x00 }, // '쀐'
  { 0x07, 0x56, 0x7F, 0x56, 0x7B, 0x7F, 0x5F, 0x00 },
  { 0x07, 0x56, 0x7F, 0x76, 0x5B, 0x7F, 0x5F, 0x00 },
  { 0x07, 0x56, 0x7F, 0x56, 0x2B, 0x5F, 0x2F, 0x00 },
  { 0x07, 0x76, 0x5F, 0x56, 0x5B, 0x5F, 0x7F, 0x00 },
  { 0x07, 0x76, 0x6F, 0x66, 0x6B, 0x6F, 0x7F, 0x00 },
  { 0x07, 0x76, 0x6F, 0x76, 0x4B, 0x3F, 0x4F, 0x00 },
  { 0x0F, 0x4A, 0x5F, 0x2A, 0x57, 0x5F, 0x1F, 0x00 },
  { 0x0F, 0x5A, 0x2F, 0x4A, 0x37, 0x5F, 0x1F, 0x00 },
  { 0x07, 0x26, 0x5F, 0x56, 0x5B, 0x5F, 0x2F, 0x00 },
  { 0x07, 0x56, 0x5F, 0x36, 0x3B, 0x5F, 0x5F, 0x00 },
  { 0x07, 0x26, 0x6F, 0x36, 0x2B, 0x6F, 0x2F, 0x00 },
  { 0x07, 0x16, 0x3F, 0x36, 0x3B, 0x3F, 0x7F, 0x00 },
  { 0x07, 0x76, 0x7F, 0x76, 0x7B, 0x7F, 0x5F, 0x00 },
  { 0x07, 0x56, 0x7F, 0x56, 0x5B, 0x7F, 0x5F, 0x00 },
  { 0x07, 0x26, 0x6F, 0x56, 0x6B, 0x6F, 0x2F, 0x00 },
  { 0x2F, 0x2A, 0x6F, 0x2A, 0x2F, 0x20, 0x7F, 0x00 }, // '쀠'
  { 0x0F, 0x2A, 0x3F, 0x2A, 0x2F, 0x28, 0x6F, 0x00 },
  { 0x0F, 0x2A, 0x3F, 0x6A, 0x2F, 0x28, 0x6F, 0x00 },
  { 0x0F, 0x2A, 0x3F, 0x6A, 0x4F, 0x28, 0x4F, 0x00 },
  { 0x0F, 0x6A, 0x5F, 0x4A, 0x4F, 0x48, 0x5F, 0x00 },
  { 0x07, 0x76, 0x4F, 0x46, 0x57, 0x34, 0x57, 0x00 },
  { 0x07, 0x76, 0x4F, 0x56, 0x37, 0x54, 0x37, 0x00 },
  { 0x07, 0x76, 0x5F, 0x56, 0x57, 0x54, 0x57, 0x00 },
  { 0x07, 0x16, 0x5F, 0x76, 0x77, 0x54, 0x4F, 0x00 },
  { 0x07, 0x56, 0x7F, 0x56, 0x17, 0x14, 0x77, 0x00 },
  { 0x07, 0x56, 0x7F, 0x56, 0x77, 0x54, 0x77, 0x00 },
  { 0x07, 0x56, 0x7F, 0x56, 0x77, 0x64, 0x77, 0x00 },
  { 0x07, 0x56, 0x7F, 0x56, 0x47, 0x34, 0x47, 0x00 },
  { 0x07, 0x56, 0x7F, 0x56, 0x77, 0x74, 0x57, 0x00 },
  { 0x07, 0x56, 0x7F, 0x76, 0x57, 0x74, 0x57, 0x00 },
  { 0x07, 0x56, 0x7F, 0x56, 0x37, 0x54, 0x37, 0x00 },
  { 0x07, 0x76, 0x5F, 0x56, 0x57, 0x54, 0x77, 0x00 }, // '쀰'
  { 0x07, 0x76, 0x6F, 0x66, 0x67, 0x64, 0x77, 0x00 },
  { 0x07, 0x76, 0x6F, 0x76, 0x47, 0x34, 0x4F, 0x00 },
  { 0x0F, 0x4A, 0x5F, 0x2A, 0x4F, 0x48, 0x1F, 0x00 },
  { 0x0F, 0x5A, 0x2F, 0x4A, 0x2F, 0x48, 0x1F, 0x00 },
  { 0x07, 0x26, 0x5F, 0x56, 0x57, 0x54, 0x2F, 0x00 },
  { 0x07, 0x56, 0x5F, 0x36, 0x37, 0x54, 0x57, 0x00 },
  { 0x07, 0x26, 0x6F, 0x36, 0x27, 0x64, 0x2F, 0x00 },
  { 0x07, 0x16, 0x3F, 0x36, 0x37, 0x34, 0x77, 0x00 },
  { 0x07, 0x76, 0x7F, 0x76, 0x77, 0x74, 0x57, 0x00 },
  { 0x07, 0x56, 0x7F, 0x56, 0x57, 0x74, 0x57, 0x00 },
  { 0x07, 0x26, 0x6F, 0x56, 0x67, 0x64, 0x2F, 0x00 },
  { 0x20, 0x2F, 0x6A, 0x2F, 0x6A, 0x2F, 0x20, 0x00 },
  { 0x08, 0x2F, 0x3A, 0x2F, 0x3A, 0x6F, 0x08, 0x00 },
  { 0x08, 0x2F, 0x3A, 0x6F, 0x3A, 0x6F, 0x08, 0x00 },
  { 0x08, 0x2F, 0x3A, 0x6F, 0x5A, 0x2F, 0x48, 0x00 },
  { 0x08, 0x6F, 0x5A, 0x4F, 0x5A, 0x4F, 0x08, 0x00 }, // '쁀'
  { 0x04, 0x77, 0x4E, 0x57, 0x3E, 0x57, 0x04, 0x00 },
  { 0x04, 0x77, 0x4E, 0x57, 0x3E, 0x57, 0x34, 0x00 },
  { 0x04, 0x77, 0x5E, 0x57, 0x5E, 0x57, 0x04, 0x00 },
  { 0x04, 0x17, 0x5E, 0x77, 0x5E, 0x47, 0x04, 0x00 },
  { 0x04, 0x57, 0x7E, 0x57, 0x1E, 0x77, 0x04, 0x00 },
  { 0x04, 0x57, 0x7E, 0x77, 0x5E, 0x77, 0x04, 0x00 },
  { 0x04, 0x57, 0x7E, 0x57, 0x6E, 0x77, 0x04, 0x00 },
  { 0x04, 0x57, 0x7E, 0x57, 0x4E, 0x37, 0x44, 0x00 },
  { 0x04, 0x57, 0x7E, 0x57, 0x7E, 0x77, 0x54, 0x00 },
  { 0x04, 0x57, 0x7E, 0x77, 0x5E, 0x77, 0x54, 0x00 },
  { 0x04, 0x57, 0x7E, 0x57, 0x3E, 0x57, 0x34, 0x00 },
  { 0x04, 0x77, 0x5E, 0x57, 0x5E, 0x77, 0x04, 0x00 },
  { 0x04, 0x77, 0x6E, 0x67, 0x6E, 0x77, 0x04, 0x00 },
  { 0x04, 0x77, 0x6E, 0x77, 0x4E, 0x37, 0x44, 0x00 },
  { 0x08, 0x4F, 0x5A, 0x2F, 0x5A, 0x4F, 0x08, 0x00 },
  { 0x08, 0x4F, 0x3A, 0x4F, 0x3A, 0x4F, 0x08, 0x00 }, // '쁐'
  { 0x04, 0x27, 0x5E, 0x57, 0x5E, 0x27, 0x04, 0x00 },
  { 0x04, 0x57, 0x3E, 0x17, 0x3E, 0x57, 0x04, 0x00 },
  { 0x04, 0x27, 0x6E, 0x37, 0x6E, 0x27, 0x04, 0x00 },
  { 0x04, 0x17, 0x3E, 0x37, 0x3E, 0x77, 0x04, 0x00 },
  { 0x04, 0x77, 0x7E, 0x77, 0x7E, 0x57, 0x04, 0x00 },
  { 0x04, 0x57, 0x7E, 0x57, 0x7E, 0x57, 0x04, 0x00 },
  { 0x04, 0x27, 0x6E, 0x57, 0x6E, 0x27, 0x04, 0x00 },
  { 0x20, 0x2F, 0x2A, 0x2F, 0x2A, 0x2F, 0x20, 0x00 },
  { 0x08, 0x2F, 0x2A, 0x2F, 0x2A, 0x6F, 0x08, 0x00 },
  { 0x08, 0x2F, 0x2A, 0x6F, 0x2A, 0x6F, 0x08, 0x00 },
  { 0x08, 0x2F, 0x2A, 0x6F, 0x4A, 0x2F, 0x48, 0x00 },
  { 0x08, 0x6F, 0x4A, 0x4F, 0x4A, 0x4F, 0x08, 0x00 },
  { 0x08, 0x6F, 0x4A, 0x5F, 0x3A, 0x5F, 0x08, 0x00 },
  { 0x08, 0x6F, 0x4A, 0x4F, 0x2A, 0x5F, 0x28, 0x00 },
  { 0x08, 0x7F, 0x5A, 0x5F, 0x5A, 0x5F, 0x08, 0x00 },
  { 0x08, 0x6F, 0x6A, 0x5F, 0x5A, 0x5F, 0x08, 0x00 }, // '쁠'
  { 0x08, 0x6F, 0x5A, 0x5F, 0x1A, 0x7F, 0x08, 0x00 },
  { 0x08, 0x6F, 0x5A, 0x7F, 0x5A, 0x7F, 0x08, 0x00 },
  { 0x08, 0x6F, 0x5A, 0x7F, 0x6A, 0x7F, 0x08, 0x00 },
  { 0x08, 0x6F, 0x5A, 0x5F, 0x4A, 0x3F, 0x48, 0x00 },
  { 0x08, 0x6F, 0x5A, 0x7F, 0x7A, 0x5F, 0x08, 0x00 },
  { 0x08, 0x6F, 0x5A, 0x7F, 0x5A, 0x7F, 0x58, 0x00 },
  { 0x08, 0x6F, 0x5A, 0x5F, 0x2A, 0x5F, 0x28, 0x00 },
  { 0x08, 0x7F, 0x5A, 0x5F, 0x5A, 0x7F, 0x08, 0x00 },
  { 0x08, 0x7F, 0x6A, 0x6F, 0x6A, 0x7F, 0x08, 0x00 },
  { 0x08, 0x7F, 0x6A, 0x7F, 0x4A, 0x3F, 0x48, 0x00 },
  { 0x08, 0x4F, 0x2A, 0x1F, 0x2A, 0x4F, 0x08, 0x00 },
  { 0x08, 0x4F, 0x3A, 0x4F, 0x3A, 0x4F, 0x08, 0x00 },
  { 0x08, 0x2F, 0x5A, 0x5F, 0x5A, 0x2F, 0x08, 0x00 },
  { 0x08, 0x5F, 0x3A, 0x1F, 0x3A, 0x5F, 0x08, 0x00 },
  { 0x04, 0x57, 0x36, 0x1F, 0x36, 0x57, 0x04, 0x00 },
  { 0x08, 0x1F, 0x3A, 0x3F, 0x3A, 0x7F, 0x08, 0x00 }, // '쁰'
  { 0x08, 0x7F, 0x7A, 0x7F, 0x7A, 0x5F, 0x08, 0x00 },
  { 0x08, 0x5F, 0x7A, 0x5F, 0x7A, 0x5F, 0x08, 0x00 },
  { 0x04, 0x17, 0x36, 0x5F, 0x36, 0x17, 0x04, 0x00 },
  { 0x2F, 0x2A, 0x2F, 0x2A, 0x2F, 0x20, 0x7F, 0x00 },
  { 0x0F, 0x2A, 0x2F, 0x2A, 0x2F, 0x28, 0x6F, 0x00 },
  { 0x0F, 0x2A, 0x2F, 0x6A, 0x2F, 0x28, 0x6F, 0x00 },
  { 0x0F, 0x2A, 0x2F, 0x6A, 0x4F, 0x28, 0x4F, 0x00 },
  { 0x0F, 0x6A, 0x4F, 0x4A, 0x4F, 0x48, 0x4F, 0x00 },
  { 0x0F, 0x6A, 0x4F, 0x4A, 0x5F, 0x38, 0x5F, 0x00 },
  { 0x0F, 0x6A, 0x4F, 0x4A, 0x2F, 0x58, 0x2F, 0x00 },
  { 0x0F, 0x7A, 0x5F, 0x5A, 0x5F, 0x58, 0x5F, 0x00 },
  { 0x0B, 0x6A, 0x6B, 0x5A, 0x5B, 0x58, 0x5F, 0x00 },
  { 0x0B, 0x6A, 0x5B, 0x5A, 0x1B, 0x18, 0x7F, 0x00 },
  { 0x0B, 0x6A, 0x5B, 0x5A, 0x7B, 0x58, 0x7F, 0x00 },
  { 0x0B, 0x6A, 0x5B, 0x5A, 0x7B, 0x68, 0x7F, 0x00 },
  { 0x0B, 0x6A, 0x5B, 0x5A, 0x4B, 0x38, 0x4F, 0x00 }, // '삀'
  { 0x0B, 0x6A, 0x5B, 0x5A, 0x7B, 0x78, 0x5F, 0x00 },
  { 0x0B, 0x6A, 0x5B, 0x7A, 0x5B, 0x78, 0x5F, 0x00 },
  { 0x0B, 0x6A, 0x5B, 0x5A, 0x2B, 0x58, 0x2F, 0x00 },
  { 0x0F, 0x7A, 0x5F, 0x5A, 0x5F, 0x58, 0x7F, 0x00 },
  { 0x0F, 0x7A, 0x6F, 0x6A, 0x6F, 0x68, 0x7F, 0x00 },
  { 0x0F, 0x7A, 0x6F, 0x7A, 0x4F, 0x38, 0x4F, 0x00 },
  { 0x0F, 0x4A, 0x2F, 0x1A, 0x2F, 0x48, 0x0F, 0x00 },
  { 0x0F, 0x4A, 0x3F, 0x4A, 0x3F, 0x48, 0x0F, 0x00 },
  { 0x0F, 0x2A, 0x5F, 0x5A, 0x5F, 0x58, 0x2F, 0x00 },
  { 0x0F, 0x5A, 0x5F, 0x3A, 0x3F, 0x58, 0x5F, 0x00 },
  { 0x0F, 0x2A, 0x6F, 0x3A, 0x2F, 0x68, 0x2F, 0x00 },
  { 0x0F, 0x1A, 0x3F, 0x3A, 0x3F, 0x38, 0x7F, 0x00 },
  { 0x0B, 0x7A, 0x5B, 0x5A, 0x5B, 0x58, 0x4F, 0x00 },
  { 0x0F, 0x5A, 0x7F, 0x5A, 0x5F, 0x78, 0x5F, 0x00 },
  { 0x0F, 0x2A, 0x6F, 0x5A, 0x6F, 0x68, 0x2F, 0x00 },
  { 0x3F, 0x24, 0x3F, 0x24, 0x3F, 0x00, 0x7F, 0x00 }, // '삐'
  { 0x0F, 0x2A, 0x2F, 0x2A, 0x2F, 0x20, 0x6F, 0x00 },
  { 0x0F, 0x2A, 0x2F, 0x6A, 0x2F, 0x20, 0x6F, 0x00 },
  { 0x0F, 0x2A, 0x2F, 0x6A, 0x4F, 0x20, 0x4F, 0x00 },
  { 0x0F, 0x6A, 0x4F, 0x4A, 0x4F, 0x40, 0x5F, 0x00 },
  { 0x0F, 0x6A, 0x4F, 0x4A, 0x5F, 0x30, 0x5F, 0x00 },
  { 0x0F, 0x6A, 0x4F, 0x4A, 0x2F, 0x50, 0x2F, 0x00 },
  { 0x0F, 0x7A, 0x5F, 0x5A, 0x5F, 0x50, 0x5F, 0x00 },
  { 0x0F, 0x6A, 0x6F, 0x5A, 0x5F, 0x58, 0x5F, 0x00 },
  { 0x0F, 0x6A, 0x5F, 0x5A, 0x1F, 0x10, 0x7F, 0x00 },
  { 0x0F, 0x6A, 0x5F, 0x5A, 0x7F, 0x50, 0x7F, 0x00 },
  { 0x0F, 0x6A, 0x5F, 0x5A, 0x7F, 0x60, 0x7F, 0x00 },
  { 0x0F, 0x6A, 0x5F, 0x5A, 0x4F, 0x30, 0x4F, 0x00 },
  { 0x0F, 0x6A, 0x5F, 0x5A, 0x7F, 0x70, 0x5F, 0x00 },
  { 0x0F, 0x6A, 0x5F, 0x7A, 0x5F, 0x70, 0x5F, 0x00 },
  { 0x0F, 0x6A, 0x5F, 0x5A, 0x2F, 0x50, 0x2F, 0x00 },
  { 0x0F, 0x7A, 0x5F, 0x5A, 0x5F, 0x50, 0x7F, 0x00 }, // '삠'
  { 0x0F, 0x7A, 0x6F, 0x6A, 0x6F, 0x60, 0x7F, 0x00 },
  { 0x0F, 0x7A, 0x6F, 0x7A, 0x4F, 0x30, 0x4F, 0x00 },
  { 0x0F, 0x4A, 0x2F, 0x1A, 0x2F, 0x40, 0x0F, 0x00 },
  { 0x0F, 0x4A, 0x3F, 0x4A, 0x3F, 0x40, 0x0F, 0x00 },
  { 0x0F, 0x2A, 0x5F, 0x5A, 0x5F, 0x50, 0x2F, 0x00 },
  { 0x0F, 0x5A, 0x5F, 0x3A, 0x3F, 0x50, 0x5F, 0x00 },
  { 0x07, 0x56, 0x57, 0x3E, 0x37, 0x50, 0x57, 0x00 },
  { 0x0F, 0x1A, 0x3F, 0x3A, 0x3F, 0x30, 0x7F, 0x00 },
  { 0x0F, 0x7A, 0x5F, 0x5A, 0x5F, 0x58, 0x4F, 0x00 },
  { 0x0F, 0x5A, 0x7F, 0x5A, 0x5F, 0x70, 0x5F, 0x00 },
  { 0x07, 0x16, 0x37, 0x5E, 0x57, 0x30, 0x17, 0x00 },
  { 0x20, 0x18, 0x07, 0x18, 0x20, 0x7F, 0x08, 0x00 },
  { 0x08, 0x24, 0x23, 0x24, 0x28, 0x6F, 0x04, 0x00 },
  { 0x08, 0x24, 0x23, 0x64, 0x28, 0x6F, 0x04, 0x00 },
  { 0x08, 0x24, 0x23, 0x64, 0x48, 0x2F, 0x44, 0x00 },
  { 0x08, 0x64, 0x43, 0x44, 0x48, 0x5F, 0x04, 0x00 }, // '산'
  { 0x04, 0x72, 0x41, 0x52, 0x34, 0x57, 0x02, 0x00 },
  { 0x04, 0x72, 0x41, 0x52, 0x34, 0x5F, 0x32, 0x00 },
  { 0x04, 0x72, 0x51, 0x52, 0x54, 0x57, 0x02, 0x00 },
  { 0x04, 0x6A, 0x69, 0x5A, 0x5C, 0x5F, 0x02, 0x00 },
  { 0x04, 0x6A, 0x59, 0x5A, 0x0C, 0x7F, 0x02, 0x00 },
  { 0x04, 0x6A, 0x59, 0x7A, 0x4C, 0x7F, 0x02, 0x00 },
  { 0x04, 0x6A, 0x59, 0x7A, 0x54, 0x7F, 0x02, 0x00 },
  { 0x04, 0x6A, 0x59, 0x5A, 0x44, 0x37, 0x42, 0x00 },
  { 0x04, 0x6A, 0x59, 0x7A, 0x5C, 0x4F, 0x02, 0x00 },
  { 0x04, 0x6A, 0x59, 0x7A, 0x4C, 0x7F, 0x4A, 0x00 },
  { 0x04, 0x6A, 0x59, 0x5A, 0x34, 0x5F, 0x32, 0x00 },
  { 0x04, 0x72, 0x51, 0x52, 0x54, 0x77, 0x02, 0x00 },
  { 0x08, 0x74, 0x63, 0x64, 0x68, 0x7F, 0x04, 0x00 },
  { 0x08, 0x74, 0x63, 0x74, 0x48, 0x2F, 0x44, 0x00 },
  { 0x08, 0x44, 0x23, 0x14, 0x28, 0x4F, 0x04, 0x00 },
  { 0x08, 0x44, 0x33, 0x44, 0x38, 0x4F, 0x04, 0x00 }, // '샀'
  { 0x08, 0x24, 0x53, 0x54, 0x58, 0x2F, 0x04, 0x00 },
  { 0x04, 0x52, 0x31, 0x12, 0x34, 0x57, 0x02, 0x00 },
  { 0x04, 0x52, 0x31, 0x1A, 0x34, 0x57, 0x02, 0x00 },
  { 0x04, 0x12, 0x31, 0x32, 0x34, 0x77, 0x02, 0x00 },
  { 0x04, 0x7A, 0x59, 0x5A, 0x5C, 0x4F, 0x02, 0x00 },
  { 0x04, 0x52, 0x71, 0x52, 0x74, 0x57, 0x02, 0x00 },
  { 0x04, 0x12, 0x31, 0x5A, 0x34, 0x17, 0x02, 0x00 },
  { 0x38, 0x07, 0x38, 0x00, 0x7F, 0x08, 0x7F, 0x00 },
  { 0x0C, 0x23, 0x2C, 0x20, 0x2F, 0x22, 0x6F, 0x00 },
  { 0x0C, 0x23, 0x2C, 0x60, 0x2F, 0x22, 0x6F, 0x00 },
  { 0x0C, 0x23, 0x2C, 0x60, 0x4F, 0x22, 0x4F, 0x00 },
  { 0x0C, 0x63, 0x4C, 0x40, 0x5F, 0x44, 0x5F, 0x00 },
  { 0x0C, 0x63, 0x4C, 0x40, 0x57, 0x32, 0x57, 0x00 },
  { 0x0C, 0x63, 0x4C, 0x50, 0x37, 0x5A, 0x37, 0x00 },
  { 0x04, 0x73, 0x54, 0x50, 0x57, 0x52, 0x57, 0x00 },
  { 0x04, 0x6B, 0x6C, 0x58, 0x5F, 0x5A, 0x5F, 0x00 }, // '샐'
  { 0x04, 0x6B, 0x5C, 0x58, 0x0F, 0x0A, 0x7F, 0x00 },
  { 0x04, 0x6B, 0x5C, 0x58, 0x7F, 0x4A, 0x7F, 0x00 },
  { 0x04, 0x6B, 0x5C, 0x58, 0x7F, 0x52, 0x7F, 0x00 },
  { 0x04, 0x6B, 0x5C, 0x58, 0x67, 0x1A, 0x67, 0x00 },
  { 0x04, 0x6B, 0x5C, 0x58, 0x7F, 0x5A, 0x4F, 0x00 },
  { 0x04, 0x6B, 0x5C, 0x78, 0x4F, 0x7A, 0x4F, 0x00 },
  { 0x04, 0x6B, 0x5C, 0x58, 0x37, 0x5A, 0x37, 0x00 },
  { 0x04, 0x73, 0x54, 0x50, 0x57, 0x52, 0x77, 0x00 },
  { 0x0C, 0x73, 0x6C, 0x60, 0x6F, 0x62, 0x7F, 0x00 },
  { 0x0C, 0x73, 0x6C, 0x70, 0x4F, 0x32, 0x4F, 0x00 },
  { 0x0C, 0x43, 0x2C, 0x10, 0x2F, 0x42, 0x0F, 0x00 },
  { 0x0C, 0x43, 0x2C, 0x40, 0x2F, 0x42, 0x0F, 0x00 },
  { 0x04, 0x23, 0x54, 0x50, 0x57, 0x52, 0x27, 0x00 },
  { 0x04, 0x53, 0x54, 0x30, 0x37, 0x52, 0x57, 0x00 },
  { 0x04, 0x53, 0x54, 0x38, 0x37, 0x52, 0x57, 0x00 },
  { 0x04, 0x13, 0x34, 0x30, 0x37, 0x32, 0x77, 0x00 }, // '샠'
  { 0x04, 0x7B, 0x5C, 0x58, 0x5F, 0x5A, 0x4F, 0x00 },
  { 0x04, 0x53, 0x74, 0x50, 0x57, 0x72, 0x57, 0x00 },
  { 0x04, 0x13, 0x34, 0x58, 0x57, 0x32, 0x17, 0x00 },
  { 0x20, 0x18, 0x07, 0x18, 0x20, 0x7F, 0x12, 0x00 },
  { 0x08, 0x24, 0x23, 0x24, 0x28, 0x7F, 0x0A, 0x00 },
  { 0x08, 0x24, 0x23, 0x64, 0x28, 0x7F, 0x0A, 0x00 },
  { 0x08, 0x24, 0x23, 0x64, 0x48, 0x3F, 0x4A, 0x00 },
  { 0x08, 0x64, 0x43, 0x44, 0x48, 0x5F, 0x0A, 0x00 },
  { 0x08, 0x64, 0x43, 0x54, 0x38, 0x5F, 0x0A, 0x00 },
  { 0x08, 0x64, 0x43, 0x54, 0x38, 0x5F, 0x35, 0x00 },
  { 0x08, 0x74, 0x53, 0x54, 0x58, 0x5F, 0x0A, 0x00 },
  { 0x04, 0x6A, 0x69, 0x5A, 0x5C, 0x5F, 0x05, 0x00 },
  { 0x04, 0x6A, 0x59, 0x5A, 0x0C, 0x7F, 0x05, 0x00 },
  { 0x04, 0x6A, 0x59, 0x7A, 0x4C, 0x7F, 0x05, 0x00 },
  { 0x04, 0x6A, 0x59, 0x7A, 0x54, 0x7F, 0x05, 0x00 },
  { 0x04, 0x6A, 0x59, 0x5A, 0x44, 0x2F, 0x45, 0x00 }, // '샰'
  { 0x04, 0x6A, 0x59, 0x7A, 0x5C, 0x4F, 0x05, 0x00 },
  { 0x04, 0x6A, 0x59, 0x7A, 0x54, 0x7F, 0x55, 0x00 },
  { 0x04, 0x6A, 0x59, 0x5A, 0x34, 0x5F, 0x35, 0x00 },
  { 0x08, 0x74, 0x53, 0x54, 0x58, 0x7F, 0x0A, 0x00 },
  { 0x08, 0x74, 0x63, 0x64, 0x68, 0x7F, 0x0A, 0x00 },
  { 0x08, 0x74, 0x63, 0x74, 0x48, 0x3F, 0x4A, 0x00 },
  { 0x08, 0x44, 0x23, 0x14, 0x28, 0x5F, 0x0A, 0x00 },
  { 0x08, 0x44, 0x33, 0x44, 0x38, 0x4F, 0x0A, 0x00 },
  { 0x08, 0x24, 0x53, 0x54, 0x58, 0x2F, 0x0A, 0x00 },
  { 0x08, 0x54, 0x33, 0x14, 0x38, 0x5F, 0x0A, 0x00 },
  { 0x04, 0x52, 0x31, 0x1A, 0x34, 0x5F, 0x0A, 0x00 },
  { 0x08, 0x14, 0x33, 0x34, 0x38, 0x7F, 0x0A, 0x00 },
  { 0x04, 0x7A, 0x59, 0x5A, 0x5C, 0x4F, 0x05, 0x00 },
  { 0x08, 0x54, 0x73, 0x54, 0x78, 0x5F, 0x0A, 0x00 },
  { 0x04, 0x12, 0x31, 0x5A, 0x34, 0x1F, 0x05, 0x00 },
  { 0x38, 0x07, 0x38, 0x00, 0x7F, 0x12, 0x7F, 0x00 }, // '섀'
  { 0x0C, 0x23, 0x2C, 0x20, 0x3F, 0x2A, 0x7F, 0x00 },
  { 0x0C, 0x23, 0x2C, 0x60, 0x3F, 0x2A, 0x7F, 0x00 },
  { 0x0C, 0x23, 0x2C, 0x60, 0x5F, 0x2A, 0x5F, 0x00 },
  { 0x0C, 0x63, 0x4C, 0x40, 0x5F, 0x4A, 0x5F, 0x00 },
  { 0x0C, 0x63, 0x4C, 0x40, 0x5F, 0x35, 0x5F, 0x00 },
  { 0x0C, 0x63, 0x4C, 0x40, 0x2F, 0x55, 0x2F, 0x00 },
  { 0x0C, 0x73, 0x5C, 0x50, 0x5F, 0x55, 0x5F, 0x00 },
  { 0x04, 0x6B, 0x6C, 0x58, 0x5F, 0x55, 0x5F, 0x00 },
  { 0x04, 0x6B, 0x5C, 0x58, 0x1F, 0x15, 0x7F, 0x00 },
  { 0x04, 0x6B, 0x5C, 0x58, 0x7F, 0x55, 0x7F, 0x00 },
  { 0x04, 0x6B, 0x5C, 0x58, 0x7F, 0x65, 0x7F, 0x00 },
  { 0x04, 0x6B, 0x5C, 0x58, 0x4F, 0x35, 0x4F, 0x00 },
  { 0x04, 0x6B, 0x5C, 0x58, 0x7F, 0x75, 0x5F, 0x00 },
  { 0x04, 0x6B, 0x5C, 0x78, 0x5F, 0x75, 0x5F, 0x00 },
  { 0x04, 0x6B, 0x5C, 0x58, 0x2F, 0x55, 0x2F, 0x00 },
  { 0x0C, 0x73, 0x5C, 0x50, 0x5F, 0x55, 0x7F, 0x00 }, // '섐'
  { 0x0C, 0x73, 0x6C, 0x60, 0x6F, 0x6A, 0x7F, 0x00 },
  { 0x0C, 0x73, 0x6C, 0x70, 0x4F, 0x35, 0x4F, 0x00 },
  { 0x0C, 0x43, 0x2C, 0x10, 0x3F, 0x4A, 0x1F, 0x00 },
  { 0x0C, 0x43, 0x2C, 0x40, 0x3F, 0x4A, 0x1F, 0x00 },
  { 0x0C, 0x23, 0x5C, 0x50, 0x5F, 0x55, 0x2F, 0x00 },
  { 0x04, 0x53, 0x54, 0x30, 0x3F, 0x55, 0x5F, 0x00 },
  { 0x0C, 0x23, 0x6C, 0x30, 0x2F, 0x65, 0x2F, 0x00 },
  { 0x04, 0x13, 0x34, 0x30, 0x3F, 0x35, 0x7F, 0x00 },
  { 0x04, 0x7B, 0x5C, 0x58, 0x5F, 0x55, 0x4F, 0x00 },
  { 0x04, 0x53, 0x74, 0x50, 0x5F, 0x75, 0x5F, 0x00 },
  { 0x0C, 0x23, 0x6C, 0x50, 0x6F, 0x65, 0x2F, 0x00 },
  { 0x00, 0x20, 0x18, 0x07, 0x18, 0x24, 0x7F, 0x00 },
  { 0x00, 0x08, 0x24, 0x23, 0x24, 0x2A, 0x6F, 0x00 },
  { 0x00, 0x08, 0x24, 0x23, 0x64, 0x2A, 0x6F, 0x00 },
  { 0x08, 0x24, 0x23, 0x64, 0x4A, 0x2F, 0x40, 0x00 },
  { 0x00, 0x08, 0x64, 0x43, 0x44, 0x4A, 0x5F, 0x00 }, // '선'
  { 0x00, 0x08, 0x64, 0x43, 0x54, 0x3A, 0x5F, 0x00 },
  { 0x08, 0x64, 0x43, 0x54, 0x3A, 0x5F, 0x30, 0x00 },
  { 0x00, 0x04, 0x73, 0x54, 0x52, 0x52, 0x57, 0x00 },
  { 0x00, 0x04, 0x6B, 0x6C, 0x5A, 0x5A, 0x5F, 0x00 },
  { 0x00, 0x04, 0x6B, 0x5C, 0x5A, 0x0A, 0x7F, 0x00 },
  { 0x00, 0x04, 0x6B, 0x5C, 0x7A, 0x4A, 0x7F, 0x00 },
  { 0x00, 0x04, 0x6B, 0x5C, 0x7A, 0x52, 0x7F, 0x00 },
  { 0x04, 0x6B, 0x5C, 0x5A, 0x42, 0x37, 0x40, 0x00 },
  { 0x00, 0x04, 0x6B, 0x5C, 0x7A, 0x5A, 0x4F, 0x00 },
  { 0x04, 0x6B, 0x5C, 0x7A, 0x4A, 0x7F, 0x48, 0x00 },
  { 0x04, 0x6B, 0x5C, 0x5A, 0x32, 0x5F, 0x30, 0x00 },
  { 0x00, 0x04, 0x73, 0x54, 0x52, 0x52, 0x77, 0x00 },
  { 0x00, 0x08, 0x74, 0x63, 0x64, 0x6A, 0x7F, 0x00 },
  { 0x08, 0x74, 0x63, 0x74, 0x4A, 0x2F, 0x40, 0x00 },
  { 0x00, 0x08, 0x44, 0x23, 0x14, 0x2A, 0x4F, 0x00 },
  { 0x00, 0x08, 0x44, 0x33, 0x44, 0x3A, 0x4F, 0x00 }, // '섰'
  { 0x00, 0x08, 0x24, 0x53, 0x54, 0x5A, 0x2F, 0x00 },
  { 0x00, 0x04, 0x53, 0x34, 0x12, 0x32, 0x57, 0x00 },
  { 0x00, 0x04, 0x53, 0x34, 0x1A, 0x32, 0x57, 0x00 },
  { 0x00, 0x04, 0x13, 0x34, 0x32, 0x32, 0x77, 0x00 },
  { 0x00, 0x04, 0x7B, 0x5C, 0x5A, 0x5A, 0x4F, 0x00 },
  { 0x00, 0x04, 0x53, 0x74, 0x52, 0x72, 0x57, 0x00 },
  { 0x00, 0x04, 0x13, 0x34, 0x5A, 0x32, 0x17, 0x00 },
  { 0x38, 0x07, 0x38, 0x04, 0x7F, 0x00, 0x7F, 0x00 },
  { 0x0C, 0x23, 0x2C, 0x22, 0x2F, 0x20, 0x6F, 0x00 },
  { 0x0C, 0x23, 0x2C, 0x62, 0x2F, 0x20, 0x6F, 0x00 },
  { 0x0C, 0x23, 0x2C, 0x62, 0x4F, 0x20, 0x4F, 0x00 },
  { 0x0C, 0x63, 0x4C, 0x42, 0x5F, 0x40, 0x5F, 0x00 },
  { 0x0C, 0x63, 0x4C, 0x42, 0x57, 0x30, 0x57, 0x00 },
  { 0x0C, 0x63, 0x4C, 0x52, 0x37, 0x58, 0x37, 0x00 },
  { 0x04, 0x73, 0x54, 0x52, 0x57, 0x50, 0x57, 0x00 },
  { 0x04, 0x6B, 0x6C, 0x5A, 0x5F, 0x58, 0x5F, 0x00 }, // '셀'
  { 0x04, 0x6B, 0x5C, 0x5A, 0x0F, 0x08, 0x7F, 0x00 },
  { 0x04, 0x6B, 0x5C, 0x5A, 0x7F, 0x48, 0x7F, 0x00 },
  { 0x04, 0x6B, 0x5C, 0x5A, 0x7F, 0x50, 0x7F, 0x00 },
  { 0x04, 0x6B, 0x5C, 0x5A, 0x67, 0x18, 0x67, 0x00 },
  { 0x04, 0x6B, 0x5C, 0x5A, 0x7F, 0x58, 0x4F, 0x00 },
  { 0x04, 0x6B, 0x5C, 0x7A, 0x4F, 0x78, 0x4F, 0x00 },
  { 0x04, 0x6B, 0x5C, 0x5A, 0x37, 0x58, 0x37, 0x00 },
  { 0x04, 0x73, 0x54, 0x52, 0x57, 0x50, 0x77, 0x00 },
  { 0x0C, 0x73, 0x6C, 0x62, 0x6F, 0x60, 0x7F, 0x00 },
  { 0x0C, 0x73, 0x6C, 0x72, 0x4F, 0x30, 0x4F, 0x00 },
  { 0x0C, 0x43, 0x2C, 0x12, 0x2F, 0x40, 0x0F, 0x00 },
  { 0x0C, 0x43, 0x2C, 0x42, 0x2F, 0x40, 0x0F, 0x00 },
  { 0x04, 0x23, 0x54, 0x52, 0x57, 0x50, 0x27, 0x00 },
  { 0x04, 0x53, 0x54, 0x32, 0x37, 0x50, 0x57, 0x00 },
  { 0x04, 0x53, 0x54, 0x3A, 0x37, 0x50, 0x57, 0x00 },
  { 0x04, 0x13, 0x34, 0x32, 0x37, 0x30, 0x77, 0x00 }, // '셐'
  { 0x04, 0x7B, 0x5C, 0x5A, 0x5F, 0x58, 0x4F, 0x00 },
  { 0x04, 0x53, 0x74, 0x52, 0x57, 0x70, 0x57, 0x00 },
  { 0x04, 0x13, 0x34, 0x5A, 0x57, 0x30, 0x17, 0x00 },
  { 0x00, 0x20, 0x18, 0x07, 0x18, 0x2A, 0x7F, 0x00 },
  { 0x00, 0x0C, 0x23, 0x2C, 0x20, 0x2A, 0x7F, 0x00 },
  { 0x00, 0x0C, 0x23, 0x2C, 0x60, 0x2A, 0x7F, 0x00 },
  { 0x0C, 0x23, 0x2C, 0x60, 0x4A, 0x3F, 0x40, 0x00 },
  { 0x00, 0x0C, 0x63, 0x4C, 0x40, 0x4A, 0x5F, 0x00 },
  { 0x00, 0x0C, 0x63, 0x4C, 0x50, 0x35, 0x5F, 0x00 },
  { 0x0C, 0x63, 0x4C, 0x50, 0x35, 0x5F, 0x30, 0x00 },
  { 0x00, 0x04, 0x73, 0x54, 0x50, 0x55, 0x5F, 0x00 },
  { 0x00, 0x04, 0x6B, 0x6C, 0x58, 0x55, 0x5F, 0x00 },
  { 0x00, 0x04, 0x6B, 0x5C, 0x58, 0x15, 0x7F, 0x00 },
  { 0x00, 0x04, 0x6B, 0x5C, 0x78, 0x55, 0x7F, 0x00 },
  { 0x00, 0x04, 0x6B, 0x5C, 0x78, 0x65, 0x7F, 0x00 },
  { 0x04, 0x6B, 0x5C, 0x58, 0x45, 0x2F, 0x40, 0x00 }, // '셠'
  { 0x00, 0x04, 0x6B, 0x5C, 0x78, 0x75, 0x5F, 0x00 },
  { 0x04, 0x6B, 0x5C, 0x78, 0x55, 0x7F, 0x50, 0x00 },
  { 0x04, 0x6B, 0x5C, 0x58, 0x35, 0x5F, 0x30, 0x00 },
  { 0x00, 0x04, 0x73, 0x54, 0x50, 0x55, 0x7F, 0x00 },
  { 0x00, 0x0C, 0x73, 0x6C, 0x60, 0x6A, 0x7F, 0x00 },
  { 0x0C, 0x73, 0x6C, 0x70, 0x4A, 0x3F, 0x40, 0x00 },
  { 0x00, 0x0C, 0x43, 0x2C, 0x10, 0x2A, 0x4F, 0x00 },
  { 0x00, 0x0C, 0x43, 0x2C, 0x40, 0x2A, 0x5F, 0x00 },
  { 0x00, 0x0C, 0x23, 0x5C, 0x50, 0x55, 0x2F, 0x00 },
  { 0x00, 0x04, 0x53, 0x34, 0x10, 0x35, 0x5F, 0x00 },
  { 0x00, 0x04, 0x53, 0x34, 0x18, 0x35, 0x5F, 0x00 },
  { 0x00, 0x04, 0x13, 0x34, 0x30, 0x35, 0x7F, 0x00 },
  { 0x00, 0x04, 0x7B, 0x5C, 0x58, 0x55, 0x4F, 0x00 },
  { 0x00, 0x04, 0x53, 0x74, 0x50, 0x75, 0x5F, 0x00 },
  { 0x00, 0x04, 0x13, 0x34, 0x58, 0x35, 0x1F, 0x00 },
  { 0x38, 0x07, 0x38, 0x12, 0x7F, 0x00, 0x7F, 0x00 }, // '셰'
  { 0x0C, 0x23, 0x2C, 0x2A, 0x3F, 0x20, 0x7F, 0x00 },
  { 0x0C, 0x23, 0x2C, 0x6A, 0x3F, 0x20, 0x7F, 0x00 },
  { 0x0C, 0x23, 0x2C, 0x6A, 0x5F, 0x20, 0x5F, 0x00 },
  { 0x0C, 0x63, 0x4C, 0x4A, 0x5F, 0x40, 0x5F, 0x00 },
  { 0x0C, 0x63, 0x4C, 0x45, 0x5F, 0x30, 0x5F, 0x00 },
  { 0x0C, 0x63, 0x4C, 0x45, 0x2F, 0x50, 0x2F, 0x00 },
  { 0x0C, 0x73, 0x5C, 0x55, 0x5F, 0x50, 0x5F, 0x00 },
  { 0x04, 0x6B, 0x6C, 0x55, 0x5F, 0x58, 0x5F, 0x00 },
  { 0x04, 0x6B, 0x5C, 0x55, 0x1F, 0x10, 0x7F, 0x00 },
  { 0x04, 0x6B, 0x5C, 0x55, 0x7F, 0x50, 0x7F, 0x00 },
  { 0x04, 0x6B, 0x5C, 0x55, 0x7F, 0x60, 0x7F, 0x00 },
  { 0x04, 0x6B, 0x5C, 0x55, 0x4F, 0x30, 0x4F, 0x00 },
  { 0x04, 0x6B, 0x5C, 0x55, 0x7F, 0x70, 0x5F, 0x00 },
  { 0x04, 0x6B, 0x5C, 0x75, 0x5F, 0x70, 0x5F, 0x00 },
  { 0x04, 0x6B, 0x5C, 0x55, 0x2F, 0x50, 0x2F, 0x00 },
  { 0x0C, 0x73, 0x5C, 0x55, 0x5F, 0x50, 0x7F, 0x00 }, // '솀'
  { 0x0C, 0x73, 0x6C, 0x65, 0x6F, 0x60, 0x7F, 0x00 },
  { 0x0C, 0x73, 0x6C, 0x75, 0x4F, 0x30, 0x4F, 0x00 },
  { 0x0C, 0x43, 0x2C, 0x15, 0x2F, 0x40, 0x0F, 0x00 },
  { 0x0C, 0x43, 0x2C, 0x45, 0x2F, 0x40, 0x0F, 0x00 },
  { 0x0C, 0x23, 0x5C, 0x55, 0x5F, 0x50, 0x2F, 0x00 },
  { 0x04, 0x53, 0x54, 0x35, 0x3F, 0x50, 0x5F, 0x00 },
  { 0x0C, 0x23, 0x6C, 0x35, 0x2F, 0x60, 0x2F, 0x00 },
  { 0x04, 0x13, 0x34, 0x32, 0x37, 0x30, 0x77, 0x00 },
  { 0x04, 0x7B, 0x5C, 0x5A, 0x5F, 0x58, 0x4F, 0x00 },
  { 0x0C, 0x53, 0x7C, 0x55, 0x5F, 0x70, 0x5F, 0x00 },
  { 0x0C, 0x23, 0x6C, 0x55, 0x6F, 0x60, 0x2F, 0x00 },
  { 0x20, 0x28, 0x24, 0x33, 0x24, 0x28, 0x20, 0x00 },
  { 0x08, 0x2A, 0x2A, 0x2D, 0x2A, 0x6A, 0x08, 0x00 },
  { 0x08, 0x2A, 0x2A, 0x6D, 0x2A, 0x6A, 0x08, 0x00 },
  { 0x08, 0x2A, 0x2A, 0x6D, 0x4A, 0x2A, 0x48, 0x00 },
  { 0x10, 0x74, 0x52, 0x59, 0x52, 0x54, 0x10, 0x00 }, // '손'
  { 0x08, 0x6A, 0x4A, 0x5D, 0x3A, 0x5A, 0x08, 0x00 },
  { 0x08, 0x6A, 0x4A, 0x4D, 0x2A, 0x5A, 0x28, 0x00 },
  { 0x08, 0x7A, 0x5A, 0x5D, 0x5A, 0x5A, 0x08, 0x00 },
  { 0x08, 0x6A, 0x6A, 0x5D, 0x5A, 0x5A, 0x08, 0x00 },
  { 0x08, 0x6A, 0x5A, 0x5D, 0x1A, 0x7A, 0x08, 0x00 },
  { 0x08, 0x6A, 0x5A, 0x7D, 0x5A, 0x7A, 0x08, 0x00 },
  { 0x08, 0x6A, 0x5A, 0x7D, 0x6A, 0x7A, 0x08, 0x00 },
  { 0x08, 0x6A, 0x5A, 0x5D, 0x4A, 0x3A, 0x48, 0x00 },
  { 0x08, 0x6A, 0x5A, 0x7D, 0x7A, 0x5A, 0x08, 0x00 },
  { 0x08, 0x6A, 0x5A, 0x7D, 0x5A, 0x7A, 0x58, 0x00 },
  { 0x08, 0x6A, 0x5A, 0x5D, 0x2A, 0x5A, 0x28, 0x00 },
  { 0x08, 0x7A, 0x5A, 0x5D, 0x5A, 0x7A, 0x08, 0x00 },
  { 0x08, 0x7A, 0x6A, 0x6D, 0x6A, 0x7A, 0x08, 0x00 },
  { 0x08, 0x7A, 0x6A, 0x7D, 0x4A, 0x3A, 0x48, 0x00 },
  { 0x08, 0x4A, 0x2A, 0x1D, 0x2A, 0x4A, 0x08, 0x00 },
  { 0x08, 0x4A, 0x3A, 0x4D, 0x3A, 0x4A, 0x08, 0x00 }, // '솠'
  { 0x08, 0x2A, 0x5A, 0x5D, 0x5A, 0x2A, 0x08, 0x00 },
  { 0x08, 0x5A, 0x3A, 0x1D, 0x3A, 0x5A, 0x08, 0x00 },
  { 0x08, 0x2A, 0x6A, 0x3D, 0x6A, 0x2A, 0x08, 0x00 },
  { 0x08, 0x1A, 0x3A, 0x3D, 0x3A, 0x7A, 0x08, 0x00 },
  { 0x08, 0x7A, 0x5A, 0x5D, 0x5A, 0x4A, 0x08, 0x00 },
  { 0x08, 0x5A, 0x7A, 0x5D, 0x7A, 0x5A, 0x08, 0x00 },
  { 0x08, 0x2A, 0x6A, 0x5D, 0x6A, 0x2A, 0x08, 0x00 },
  { 0x28, 0x24, 0x3B, 0x24, 0x28, 0x7F, 0x08, 0x00 },
  { 0x0A, 0x2A, 0x2D, 0x2A, 0x2A, 0x6F, 0x02, 0x00 },
  { 0x0A, 0x2A, 0x2D, 0x2A, 0x2A, 0x6F, 0x02, 0x00 },
  { 0x0A, 0x2A, 0x2D, 0x2A, 0x2A, 0x6F, 0x02, 0x00 },
  { 0x14, 0x72, 0x5D, 0x52, 0x54, 0x5F, 0x04, 0x00 },
  { 0x0A, 0x6A, 0x4D, 0x5A, 0x3A, 0x5F, 0x02, 0x00 },
  { 0x0A, 0x6A, 0x4D, 0x4A, 0x2A, 0x5F, 0x22, 0x00 },
  { 0x0A, 0x7A, 0x5D, 0x5A, 0x5A, 0x5F, 0x02, 0x00 },
  { 0x0A, 0x6A, 0x6D, 0x5A, 0x5A, 0x5F, 0x02, 0x00 }, // '솰'
  { 0x0A, 0x6A, 0x5D, 0x5A, 0x1A, 0x7F, 0x02, 0x00 },
  { 0x0A, 0x6A, 0x5D, 0x7A, 0x5A, 0x7F, 0x02, 0x00 },
  { 0x0A, 0x6A, 0x5D, 0x7A, 0x6A, 0x7F, 0x02, 0x00 },
  { 0x0A, 0x6A, 0x5D, 0x5A, 0x4A, 0x3F, 0x42, 0x00 },
  { 0x0A, 0x6A, 0x5D, 0x7A, 0x7A, 0x5F, 0x02, 0x00 },
  { 0x0A, 0x6A, 0x5D, 0x7A, 0x5A, 0x7F, 0x52, 0x00 },
  { 0x0A, 0x6A, 0x5D, 0x5A, 0x2A, 0x5F, 0x22, 0x00 },
  { 0x0A, 0x7A, 0x5D, 0x5A, 0x5A, 0x7F, 0x02, 0x00 },
  { 0x0A, 0x7A, 0x6D, 0x6A, 0x6A, 0x7F, 0x02, 0x00 },
  { 0x0A, 0x7A, 0x6D, 0x7A, 0x4A, 0x3F, 0x42, 0x00 },
  { 0x0A, 0x4A, 0x2D, 0x1A, 0x2A, 0x4F, 0x02, 0x00 },
  { 0x0A, 0x4A, 0x3D, 0x4A, 0x3A, 0x4F, 0x02, 0x00 },
  { 0x0A, 0x2A, 0x5D, 0x5A, 0x5A, 0x2F, 0x02, 0x00 },
  { 0x0A, 0x5A, 0x3D, 0x1A, 0x3A, 0x5F, 0x02, 0x00 },
  { 0x0A, 0x2A, 0x6D, 0x3A, 0x6A, 0x2F, 0x02, 0x00 },
  { 0x0A, 0x1A, 0x3D, 0x3A, 0x3A, 0x7F, 0x02, 0x00 }, // '쇀'
  { 0x0A, 0x7A, 0x5D, 0x5A, 0x5A, 0x4F, 0x02, 0x00 },
  { 0x0A, 0x5A, 0x7D, 0x5A, 0x7A, 0x5F, 0x02, 0x00 },
  { 0x0A, 0x2A, 0x6D, 0x5A, 0x6A, 0x2F, 0x02, 0x00 },
  { 0x24, 0x33, 0x24, 0x20, 0x7F, 0x08, 0x7F, 0x00 },
  { 0x0A, 0x2D, 0x2A, 0x28, 0x2F, 0x22, 0x6F, 0x00 },
  { 0x0A, 0x2D, 0x2A, 0x68, 0x2F, 0x22, 0x6F, 0x00 },
  { 0x0A, 0x2D, 0x2A, 0x68, 0x4F, 0x22, 0x4F, 0x00 },
  { 0x14, 0x7B, 0x54, 0x50, 0x5F, 0x44, 0x5F, 0x00 },
  { 0x0A, 0x6D, 0x4A, 0x48, 0x5F, 0x32, 0x5F, 0x00 },
  { 0x0A, 0x6D, 0x4A, 0x48, 0x2F, 0x52, 0x2F, 0x00 },
  { 0x0A, 0x7D, 0x5A, 0x58, 0x5F, 0x52, 0x5F, 0x00 },
  { 0x0A, 0x6D, 0x6A, 0x58, 0x5F, 0x5A, 0x5F, 0x00 },
  { 0x0A, 0x6D, 0x5A, 0x58, 0x1F, 0x1A, 0x7F, 0x00 },
  { 0x0A, 0x6D, 0x5A, 0x58, 0x7F, 0x5A, 0x7F, 0x00 },
  { 0x0A, 0x6D, 0x5A, 0x58, 0x7F, 0x6A, 0x7F, 0x00 },
  { 0x0A, 0x6D, 0x5A, 0x58, 0x4F, 0x3A, 0x4F, 0x00 }, // '쇐'
  { 0x0A, 0x6D, 0x5A, 0x58, 0x7F, 0x7A, 0x5F, 0x00 },
  { 0x0A, 0x6D, 0x5A, 0x78, 0x5F, 0x7A, 0x5F, 0x00 },
  { 0x0A, 0x6D, 0x5A, 0x58, 0x2F, 0x5A, 0x2F, 0x00 },
  { 0x0A, 0x7D, 0x5A, 0x58, 0x5F, 0x52, 0x7F, 0x00 },
  { 0x0A, 0x7D, 0x6A, 0x68, 0x6F, 0x62, 0x7F, 0x00 },
  { 0x0A, 0x7D, 0x6A, 0x78, 0x4F, 0x32, 0x4F, 0x00 },
  { 0x0A, 0x4D, 0x2A, 0x18, 0x2F, 0x42, 0x0F, 0x00 },
  { 0x0A, 0x4D, 0x3A, 0x48, 0x3F, 0x42, 0x0F, 0x00 },
  { 0x0A, 0x2D, 0x5A, 0x58, 0x5F, 0x52, 0x2F, 0x00 },
  { 0x0A, 0x5D, 0x5A, 0x38, 0x3F, 0x52, 0x5F, 0x00 },
  { 0x0A, 0x2D, 0x6A, 0x38, 0x2F, 0x62, 0x2F, 0x00 },
  { 0x0A, 0x1D, 0x3A, 0x38, 0x3F, 0x32, 0x7F, 0x00 },
  { 0x0A, 0x7D, 0x5A, 0x58, 0x5F, 0x5A, 0x4F, 0x00 },
  { 0x0A, 0x5D, 0x7A, 0x58, 0x5F, 0x72, 0x5F, 0x00 },
  { 0x0A, 0x2D, 0x6A, 0x58, 0x6F, 0x62, 0x2F, 0x00 },
  { 0x00, 0x28, 0x24, 0x3B, 0x24, 0x28, 0x7F, 0x00 }, // '쇠'
  { 0x00, 0x0A, 0x2A, 0x2D, 0x2A, 0x2A, 0x6F, 0x00 },
  { 0x00, 0x0A, 0x2A, 0x2D, 0x6A, 0x2A, 0x6F, 0x00 },
  { 0x0A, 0x2A, 0x2D, 0x6A, 0x4A, 0x2F, 0x40, 0x00 },
  { 0x00, 0x14, 0x72, 0x5D, 0x52, 0x54, 0x5F, 0x00 },
  { 0x00, 0x0A, 0x6A, 0x4D, 0x5A, 0x3A, 0x5F, 0x00 },
  { 0x0A, 0x6A, 0x4D, 0x4A, 0x2A, 0x5F, 0x20, 0x00 },
  { 0x00, 0x0A, 0x7A, 0x5D, 0x5A, 0x5A, 0x5F, 0x00 },
  { 0x00, 0x0A, 0x6A, 0x6D, 0x5A, 0x5A, 0x5F, 0x00 },
  { 0x00, 0x0A, 0x6A, 0x5D, 0x5A, 0x1A, 0x7F, 0x00 },
  { 0x00, 0x0A, 0x6A, 0x5D, 0x7A, 0x5A, 0x7F, 0x00 },
  { 0x00, 0x0A, 0x6A, 0x5D, 0x7A, 0x6A, 0x7F, 0x00 },
  { 0x0A, 0x6A, 0x5D, 0x5A, 0x4A, 0x3F, 0x40, 0x00 },
  { 0x00, 0x0A, 0x6A, 0x5D, 0x7A, 0x7A, 0x5F, 0x00 },
  { 0x0A, 0x6A, 0x5D, 0x7A, 0x5A, 0x7F, 0x50, 0x00 },
  { 0x0A, 0x6A, 0x5D, 0x5A, 0x2A, 0x5F, 0x20, 0x00 },
  { 0x00, 0x0A, 0x7A, 0x5D, 0x5A, 0x5A, 0x7F, 0x00 }, // '쇰'
  { 0x00, 0x0A, 0x7A, 0x6D, 0x6A, 0x6A, 0x7F, 0x00 },
  { 0x0A, 0x7A, 0x6D, 0x7A, 0x4A, 0x3F, 0x40, 0x00 },
  { 0x00, 0x0A, 0x4A, 0x2D, 0x1A, 0x2A, 0x4F, 0x00 },
  { 0x00, 0x0A, 0x4A, 0x3D, 0x4A, 0x3A, 0x4F, 0x00 },
  { 0x00, 0x0A, 0x2A, 0x5D, 0x5A, 0x5A, 0x2F, 0x00 },
  { 0x00, 0x0A, 0x5A, 0x3D, 0x1A, 0x3A, 0x5F, 0x00 },
  { 0x00, 0x0A, 0x2A, 0x6D, 0x3A, 0x6A, 0x2F, 0x00 },
  { 0x00, 0x0A, 0x1A, 0x3D, 0x3A, 0x3A, 0x7F, 0x00 },
  { 0x00, 0x0A, 0x7A, 0x5D, 0x5A, 0x5A, 0x4F, 0x00 },
  { 0x00, 0x0A, 0x5A, 0x7D, 0x5A, 0x7A, 0x5F, 0x00 },
  { 0x00, 0x0A, 0x2A, 0x6D, 0x5A, 0x6A, 0x2F, 0x00 },
  { 0x20, 0x28, 0x34, 0x23, 0x34, 0x28, 0x20, 0x00 },
  { 0x08, 0x2A, 0x2E, 0x29, 0x2E, 0x6A, 0x08, 0x00 },
  { 0x08, 0x2A, 0x2E, 0x69, 0x2E, 0x6A, 0x08, 0x00 },
  { 0x08, 0x2A, 0x2E, 0x69, 0x4E, 0x2A, 0x48, 0x00 },
  { 0x10, 0x74, 0x5A, 0x51, 0x5A, 0x54, 0x10, 0x00 }, // '숀'
  { 0x08, 0x6A, 0x4E, 0x59, 0x3E, 0x5A, 0x08, 0x00 },
  { 0x08, 0x6A, 0x4E, 0x49, 0x2E, 0x5A, 0x28, 0x00 },
  { 0x08, 0x7A, 0x5E, 0x59, 0x5E, 0x5A, 0x08, 0x00 },
  { 0x08, 0x6A, 0x6E, 0x59, 0x5E, 0x5A, 0x08, 0x00 },
  { 0x08, 0x6A, 0x5E, 0x59, 0x1E, 0x7A, 0x08, 0x00 },
  { 0x08, 0x6A, 0x5E, 0x79, 0x5E, 0x7A, 0x08, 0x00 },
  { 0x08, 0x6A, 0x5E, 0x79, 0x6E, 0x7A, 0x08, 0x00 },
  { 0x08, 0x6A, 0x5E, 0x59, 0x4E, 0x3A, 0x48, 0x00 },
  { 0x08, 0x6A, 0x5E, 0x79, 0x7E, 0x5A, 0x08, 0x00 },
  { 0x08, 0x6A, 0x5E, 0x79, 0x5E, 0x7A, 0x58, 0x00 },
  { 0x08, 0x6A, 0x5E, 0x59, 0x2E, 0x5A, 0x28, 0x00 },
  { 0x08, 0x7A, 0x5E, 0x59, 0x5E, 0x7A, 0x08, 0x00 },
  { 0x08, 0x7A, 0x6E, 0x69, 0x6E, 0x7A, 0x08, 0x00 },
  { 0x08, 0x7A, 0x6E, 0x79, 0x4E, 0x3A, 0x48, 0x00 },
  { 0x08, 0x4A, 0x2E, 0x19, 0x2E, 0x4A, 0x08, 0x00 },
  { 0x08, 0x4A, 0x3E, 0x49, 0x3E, 0x4A, 0x08, 0x00 }, // '숐'
  { 0x08, 0x2A, 0x5E, 0x59, 0x5E, 0x2A, 0x08, 0x00 },
  { 0x08, 0x5A, 0x3E, 0x19, 0x3E, 0x5A, 0x08, 0x00 },
  { 0x08, 0x2A, 0x6E, 0x39, 0x6E, 0x2A, 0x08, 0x00 },
  { 0x08, 0x1A, 0x3E, 0x39, 0x3E, 0x7A, 0x08, 0x00 },
  { 0x08, 0x7A, 0x5E, 0x59, 0x5E, 0x4A, 0x08, 0x00 },
  { 0x08, 0x5A, 0x7E, 0x59, 0x7E, 0x5A, 0x08, 0x00 },
  { 0x08, 0x2A, 0x6E, 0x59, 0x6E, 0x2A, 0x08, 0x00 },
  { 0x10, 0x14, 0x12, 0x71, 0x12, 0x14, 0x10, 0x00 },
  { 0x08, 0x2A, 0x2A, 0x39, 0x2A, 0x6A, 0x08, 0x00 },
  { 0x08, 0x2A, 0x2A, 0x79, 0x2A, 0x6A, 0x08, 0x00 },
  { 0x08, 0x2A, 0x2A, 0x79, 0x4A, 0x2A, 0x48, 0x00 },
  { 0x08, 0x6A, 0x4A, 0x59, 0x4A, 0x4A, 0x08, 0x00 },
  { 0x04, 0x76, 0x46, 0x5D, 0x36, 0x56, 0x04, 0x00 },
  { 0x04, 0x76, 0x46, 0x5D, 0x36, 0x56, 0x34, 0x00 },
  { 0x04, 0x76, 0x56, 0x5D, 0x56, 0x56, 0x04, 0x00 },
  { 0x04, 0x16, 0x56, 0x7D, 0x56, 0x46, 0x04, 0x00 }, // '술'
  { 0x04, 0x56, 0x76, 0x5D, 0x16, 0x76, 0x04, 0x00 },
  { 0x04, 0x56, 0x76, 0x7D, 0x56, 0x76, 0x04, 0x00 },
  { 0x04, 0x56, 0x76, 0x5D, 0x66, 0x76, 0x04, 0x00 },
  { 0x04, 0x56, 0x76, 0x5D, 0x46, 0x36, 0x44, 0x00 },
  { 0x04, 0x56, 0x76, 0x5D, 0x76, 0x76, 0x54, 0x00 },
  { 0x04, 0x56, 0x76, 0x7D, 0x56, 0x76, 0x54, 0x00 },
  { 0x04, 0x56, 0x76, 0x5D, 0x36, 0x56, 0x34, 0x00 },
  { 0x04, 0x76, 0x56, 0x5D, 0x56, 0x76, 0x04, 0x00 },
  { 0x04, 0x76, 0x66, 0x6D, 0x66, 0x76, 0x04, 0x00 },
  { 0x04, 0x76, 0x66, 0x7D, 0x46, 0x36, 0x44, 0x00 },
  { 0x04, 0x46, 0x26, 0x1D, 0x26, 0x46, 0x04, 0x00 },
  { 0x04, 0x46, 0x36, 0x4D, 0x36, 0x46, 0x04, 0x00 },
  { 0x04, 0x26, 0x56, 0x5D, 0x56, 0x26, 0x04, 0x00 },
  { 0x04, 0x56, 0x36, 0x1D, 0x36, 0x56, 0x04, 0x00 },
  { 0x04, 0x26, 0x66, 0x3D, 0x66, 0x26, 0x04, 0x00 },
  { 0x04, 0x16, 0x36, 0x3D, 0x36, 0x76, 0x04, 0x00 }, // '숰'
  { 0x04, 0x76, 0x76, 0x7D, 0x76, 0x56, 0x04, 0x00 },
  { 0x04, 0x56, 0x76, 0x5D, 0x76, 0x56, 0x04, 0x00 },
  { 0x04, 0x26, 0x66, 0x5D, 0x66, 0x26, 0x04, 0x00 },
  { 0x00, 0x14, 0x12, 0x71, 0x12, 0x24, 0x7F, 0x00 },
  { 0x00, 0x0A, 0x2A, 0x39, 0x2A, 0x32, 0x7F, 0x00 },
  { 0x00, 0x0A, 0x2A, 0x39, 0x6A, 0x32, 0x7F, 0x00 },
  { 0x0A, 0x2A, 0x39, 0x6A, 0x52, 0x3F, 0x40, 0x00 },
  { 0x00, 0x0A, 0x6A, 0x59, 0x4A, 0x52, 0x5F, 0x00 },
  { 0x00, 0x06, 0x76, 0x4D, 0x56, 0x3A, 0x5F, 0x00 },
  { 0x06, 0x76, 0x4D, 0x46, 0x2A, 0x5F, 0x20, 0x00 },
  { 0x00, 0x06, 0x76, 0x5D, 0x56, 0x5A, 0x5F, 0x00 },
  { 0x00, 0x06, 0x16, 0x5D, 0x76, 0x5A, 0x4F, 0x00 },
  { 0x00, 0x06, 0x56, 0x7D, 0x56, 0x1A, 0x7F, 0x00 },
  { 0x00, 0x06, 0x56, 0x7D, 0x76, 0x5A, 0x7F, 0x00 },
  { 0x00, 0x06, 0x56, 0x7D, 0x56, 0x6A, 0x7F, 0x00 },
  { 0x06, 0x56, 0x7D, 0x56, 0x4A, 0x3F, 0x40, 0x00 }, // '쉀'
  { 0x06, 0x56, 0x7D, 0x56, 0x7A, 0x7F, 0x50, 0x00 },
  { 0x06, 0x56, 0x7D, 0x76, 0x5A, 0x7F, 0x50, 0x00 },
  { 0x06, 0x56, 0x7D, 0x56, 0x2A, 0x5F, 0x20, 0x00 },
  { 0x00, 0x06, 0x76, 0x5D, 0x56, 0x5A, 0x7F, 0x00 },
  { 0x00, 0x06, 0x76, 0x6D, 0x66, 0x6A, 0x7F, 0x00 },
  { 0x06, 0x76, 0x6D, 0x76, 0x4A, 0x3F, 0x40, 0x00 },
  { 0x00, 0x06, 0x46, 0x2D, 0x16, 0x2A, 0x4F, 0x00 },
  { 0x00, 0x06, 0x4E, 0x35, 0x46, 0x3A, 0x4F, 0x00 },
  { 0x00, 0x06, 0x26, 0x5D, 0x56, 0x5A, 0x2F, 0x00 },
  { 0x00, 0x06, 0x56, 0x3D, 0x16, 0x3A, 0x5F, 0x00 },
  { 0x00, 0x06, 0x26, 0x6D, 0x36, 0x6A, 0x2F, 0x00 },
  { 0x00, 0x06, 0x16, 0x3D, 0x36, 0x3A, 0x7F, 0x00 },
  { 0x00, 0x06, 0x76, 0x7D, 0x76, 0x7A, 0x5F, 0x00 },
  { 0x00, 0x06, 0x56, 0x7D, 0x56, 0x7A, 0x5F, 0x00 },
  { 0x00, 0x06, 0x26, 0x6D, 0x56, 0x6A, 0x2F, 0x00 },
  { 0x14, 0x73, 0x14, 0x20, 0x7F, 0x00, 0x7F, 0x00 }, // '쉐'
  { 0x0A, 0x39, 0x2A, 0x30, 0x3F, 0x20, 0x7F, 0x00 },
  { 0x0A, 0x39, 0x2A, 0x70, 0x3F, 0x20, 0x7F, 0x00 },
  { 0x0A, 0x39, 0x2A, 0x70, 0x5F, 0x20, 0x5F, 0x00 },
  { 0x0A, 0x79, 0x4A, 0x50, 0x5F, 0x40, 0x5F, 0x00 },
  { 0x06, 0x6D, 0x46, 0x48, 0x5F, 0x30, 0x5F, 0x00 },
  { 0x06, 0x6D, 0x46, 0x48, 0x2F, 0x50, 0x2F, 0x00 },
  { 0x06, 0x7D, 0x56, 0x58, 0x5F, 0x50, 0x5F, 0x00 },
  { 0x06, 0x1D, 0x56, 0x78, 0x7F, 0x50, 0x4F, 0x00 },
  { 0x06, 0x5D, 0x76, 0x58, 0x1F, 0x10, 0x7F, 0x00 },
  { 0x06, 0x5D, 0x76, 0x58, 0x7F, 0x50, 0x7F, 0x00 },
  { 0x06, 0x5D, 0x76, 0x58, 0x7F, 0x60, 0x7F, 0x00 },
  { 0x06, 0x5D, 0x76, 0x58, 0x4F, 0x30, 0x4F, 0x00 },
  { 0x06, 0x5D, 0x76, 0x58, 0x7F, 0x70, 0x5F, 0x00 },
  { 0x06, 0x5D, 0x76, 0x78, 0x5F, 0x70, 0x5F, 0x00 },
  { 0x06, 0x5D, 0x76, 0x58, 0x2F, 0x50, 0x2F, 0x00 },
  { 0x06, 0x7D, 0x56, 0x58, 0x5F, 0x50, 0x7F, 0x00 }, // '쉠'
  { 0x06, 0x7D, 0x66, 0x68, 0x6F, 0x60, 0x7F, 0x00 },
  { 0x06, 0x7D, 0x66, 0x78, 0x4F, 0x30, 0x4F, 0x00 },
  { 0x06, 0x4D, 0x26, 0x18, 0x2F, 0x40, 0x0F, 0x00 },
  { 0x06, 0x4D, 0x36, 0x48, 0x3F, 0x40, 0x0F, 0x00 },
  { 0x06, 0x2D, 0x56, 0x58, 0x5F, 0x50, 0x2F, 0x00 },
  { 0x06, 0x5D, 0x56, 0x38, 0x3F, 0x50, 0x5F, 0x00 },
  { 0x06, 0x2D, 0x66, 0x38, 0x2F, 0x60, 0x2F, 0x00 },
  { 0x06, 0x1D, 0x36, 0x38, 0x3F, 0x30, 0x7F, 0x00 },
  { 0x06, 0x7D, 0x76, 0x78, 0x7F, 0x70, 0x5F, 0x00 },
  { 0x06, 0x5D, 0x76, 0x58, 0x5F, 0x70, 0x5F, 0x00 },
  { 0x06, 0x2D, 0x66, 0x58, 0x6F, 0x60, 0x2F, 0x00 },
  { 0x00, 0x14, 0x12, 0x71, 0x12, 0x14, 0x7F, 0x00 },
  { 0x00, 0x0A, 0x2A, 0x39, 0x2A, 0x2A, 0x6F, 0x00 },
  { 0x00, 0x0A, 0x2A, 0x39, 0x6A, 0x2A, 0x6F, 0x00 },
  { 0x0A, 0x2A, 0x39, 0x6A, 0x4A, 0x2F, 0x40, 0x00 },
  { 0x00, 0x0A, 0x6A, 0x59, 0x4A, 0x4A, 0x5F, 0x00 }, // '쉰'
  { 0x00, 0x06, 0x76, 0x4D, 0x56, 0x36, 0x57, 0x00 },
  { 0x06, 0x76, 0x4D, 0x56, 0x36, 0x5F, 0x30, 0x00 },
  { 0x00, 0x06, 0x76, 0x5D, 0x56, 0x56, 0x57, 0x00 },
  { 0x00, 0x06, 0x16, 0x5D, 0x76, 0x56, 0x4F, 0x00 },
  { 0x00, 0x06, 0x56, 0x7D, 0x56, 0x16, 0x77, 0x00 },
  { 0x00, 0x06, 0x56, 0x7D, 0x76, 0x56, 0x77, 0x00 },
  { 0x00, 0x06, 0x56, 0x7D, 0x56, 0x66, 0x77, 0x00 },
  { 0x06, 0x56, 0x7D, 0x56, 0x46, 0x37, 0x40, 0x00 },
  { 0x06, 0x56, 0x7D, 0x56, 0x76, 0x77, 0x50, 0x00 },
  { 0x06, 0x56, 0x7D, 0x76, 0x56, 0x77, 0x50, 0x00 },
  { 0x06, 0x56, 0x7D, 0x56, 0x36, 0x5F, 0x30, 0x00 },
  { 0x00, 0x06, 0x76, 0x5D, 0x56, 0x56, 0x77, 0x00 },
  { 0x00, 0x06, 0x76, 0x6D, 0x66, 0x66, 0x77, 0x00 },
  { 0x06, 0x76, 0x6D, 0x76, 0x46, 0x37, 0x40, 0x00 },
  { 0x00, 0x06, 0x46, 0x2D, 0x16, 0x26, 0x4F, 0x00 },
  { 0x00, 0x06, 0x4E, 0x35, 0x46, 0x36, 0x4F, 0x00 }, // '슀'
  { 0x00, 0x06, 0x26, 0x5D, 0x56, 0x56, 0x2F, 0x00 },
  { 0x00, 0x06, 0x56, 0x3D, 0x16, 0x36, 0x57, 0x00 },
  { 0x00, 0x06, 0x26, 0x6D, 0x36, 0x66, 0x2F, 0x00 },
  { 0x00, 0x06, 0x16, 0x3D, 0x36, 0x36, 0x77, 0x00 },
  { 0x00, 0x06, 0x76, 0x7D, 0x76, 0x76, 0x57, 0x00 },
  { 0x00, 0x06, 0x56, 0x7D, 0x56, 0x76, 0x57, 0x00 },
  { 0x00, 0x06, 0x26, 0x6D, 0x36, 0x66, 0x2F, 0x00 },
  { 0x10, 0x14, 0x72, 0x11, 0x72, 0x14, 0x10, 0x00 },
  { 0x08, 0x2A, 0x3A, 0x29, 0x3A, 0x6A, 0x08, 0x00 },
  { 0x08, 0x2A, 0x3A, 0x69, 0x3A, 0x6A, 0x08, 0x00 },
  { 0x08, 0x2A, 0x3A, 0x69, 0x5A, 0x2A, 0x48, 0x00 },
  { 0x08, 0x6A, 0x5A, 0x49, 0x5A, 0x4A, 0x08, 0x00 },
  { 0x04, 0x76, 0x4E, 0x55, 0x3E, 0x56, 0x04, 0x00 },
  { 0x04, 0x76, 0x4E, 0x55, 0x3E, 0x56, 0x34, 0x00 },
  { 0x04, 0x76, 0x5E, 0x55, 0x5E, 0x56, 0x04, 0x00 },
  { 0x04, 0x16, 0x5E, 0x75, 0x5E, 0x46, 0x04, 0x00 }, // '슐'
  { 0x04, 0x56, 0x7E, 0x55, 0x1E, 0x76, 0x04, 0x00 },
  { 0x04, 0x56, 0x7E, 0x75, 0x5E, 0x76, 0x04, 0x00 },
  { 0x04, 0x56, 0x7E, 0x55, 0x6E, 0x76, 0x04, 0x00 },
  { 0x04, 0x56, 0x7E, 0x55, 0x4E, 0x36, 0x44, 0x00 },
  { 0x04, 0x56, 0x7E, 0x55, 0x7E, 0x76, 0x54, 0x00 },
  { 0x04, 0x56, 0x7E, 0x75, 0x5E, 0x76, 0x54, 0x00 },
  { 0x04, 0x56, 0x7E, 0x55, 0x3E, 0x56, 0x34, 0x00 },
  { 0x04, 0x76, 0x5E, 0x55, 0x5E, 0x76, 0x04, 0x00 },
  { 0x04, 0x76, 0x6E, 0x65, 0x6E, 0x76, 0x04, 0x00 },
  { 0x04, 0x76, 0x6E, 0x75, 0x4E, 0x36, 0x44, 0x00 },
  { 0x04, 0x46, 0x2E, 0x15, 0x2E, 0x46, 0x04, 0x00 },
  { 0x04, 0x46, 0x2E, 0x45, 0x2E, 0x46, 0x04, 0x00 },
  { 0x04, 0x26, 0x5E, 0x55, 0x5E, 0x26, 0x04, 0x00 },
  { 0x04, 0x56, 0x3E, 0x15, 0x3E, 0x56, 0x04, 0x00 },
  { 0x04, 0x26, 0x6E, 0x35, 0x6E, 0x26, 0x04, 0x00 },
  { 0x04, 0x16, 0x3E, 0x35, 0x3E, 0x76, 0x04, 0x00 }, // '슠'
  { 0x04, 0x76, 0x7E, 0x75, 0x7E, 0x56, 0x04, 0x00 },
  { 0x04, 0x56, 0x7E, 0x55, 0x7E, 0x56, 0x04, 0x00 },
  { 0x04, 0x26, 0x6E, 0x55, 0x6E, 0x26, 0x04, 0x00 },
  { 0x20, 0x28, 0x24, 0x23, 0x24, 0x28, 0x20, 0x00 },
  { 0x08, 0x2A, 0x2A, 0x29, 0x2A, 0x6A, 0x08, 0x00 },
  { 0x08, 0x2A, 0x2A, 0x69, 0x2A, 0x6A, 0x08, 0x00 },
  { 0x08, 0x2A, 0x2A, 0x69, 0x4A, 0x2A, 0x48, 0x00 },
  { 0x08, 0x6A, 0x4A, 0x49, 0x4A, 0x4A, 0x08, 0x00 },
  { 0x04, 0x76, 0x46, 0x55, 0x36, 0x56, 0x04, 0x00 },
  { 0x04, 0x76, 0x46, 0x55, 0x36, 0x5E, 0x34, 0x00 },
  { 0x04, 0x76, 0x56, 0x55, 0x56, 0x56, 0x04, 0x00 },
  { 0x08, 0x6A, 0x6A, 0x59, 0x5A, 0x5A, 0x08, 0x00 },
  { 0x08, 0x6A, 0x5A, 0x59, 0x1A, 0x7A, 0x08, 0x00 },
  { 0x08, 0x6A, 0x5A, 0x79, 0x5A, 0x7A, 0x08, 0x00 },
  { 0x08, 0x6A, 0x5A, 0x79, 0x6A, 0x7A, 0x08, 0x00 },
  { 0x08, 0x6A, 0x5A, 0x59, 0x4A, 0x3A, 0x48, 0x00 }, // '슰'
  { 0x08, 0x6A, 0x5A, 0x79, 0x7A, 0x5A, 0x08, 0x00 },
  { 0x08, 0x6A, 0x5A, 0x79, 0x5A, 0x7A, 0x58, 0x00 },
  { 0x08, 0x6A, 0x5A, 0x59, 0x2A, 0x5A, 0x28, 0x00 },
  { 0x04, 0x76, 0x56, 0x55, 0x56, 0x76, 0x04, 0x00 },
  { 0x08, 0x7A, 0x6A, 0x69, 0x6A, 0x7A, 0x08, 0x00 },
  { 0x08, 0x7A, 0x6A, 0x79, 0x4A, 0x3A, 0x48, 0x00 },
  { 0x08, 0x4A, 0x2A, 0x19, 0x2A, 0x4A, 0x08, 0x00 },
  { 0x08, 0x4A, 0x3A, 0x49, 0x3A, 0x4A, 0x08, 0x00 },
  { 0x04, 0x26, 0x56, 0x55, 0x56, 0x26, 0x04, 0x00 },
  { 0x04, 0x56, 0x36, 0x15, 0x36, 0x56, 0x04, 0x00 },
  { 0x04, 0x56, 0x36, 0x1D, 0x36, 0x56, 0x04, 0x00 },
  { 0x04, 0x16, 0x36, 0x35, 0x36, 0x76, 0x04, 0x00 },
  { 0x08, 0x7A, 0x5A, 0x59, 0x5A, 0x4A, 0x08, 0x00 },
  { 0x04, 0x56, 0x76, 0x55, 0x76, 0x56, 0x04, 0x00 },
  { 0x04, 0x16, 0x36, 0x5D, 0x36, 0x16, 0x04, 0x00 },
  { 0x00, 0x28, 0x24, 0x23, 0x24, 0x28, 0x7F, 0x00 }, // '싀'
  { 0x00, 0x08, 0x2A, 0x29, 0x2A, 0x28, 0x6F, 0x00 },
  { 0x00, 0x08, 0x2A, 0x29, 0x6A, 0x28, 0x6F, 0x00 },
  { 0x08, 0x2A, 0x29, 0x6A, 0x48, 0x2F, 0x40, 0x00 },
  { 0x00, 0x08, 0x6A, 0x49, 0x4A, 0x48, 0x5F, 0x00 },
  { 0x00, 0x04, 0x76, 0x45, 0x56, 0x34, 0x57, 0x00 },
  { 0x04, 0x76, 0x45, 0x56, 0x34, 0x5F, 0x30, 0x00 },
  { 0x00, 0x04, 0x76, 0x55, 0x56, 0x54, 0x57, 0x00 },
  { 0x00, 0x04, 0x6E, 0x6D, 0x5E, 0x5C, 0x5F, 0x00 },
  { 0x00, 0x04, 0x6E, 0x5D, 0x5E, 0x0C, 0x7F, 0x00 },
  { 0x00, 0x04, 0x6E, 0x5D, 0x7E, 0x4C, 0x7F, 0x00 },
  { 0x00, 0x04, 0x6E, 0x5D, 0x7E, 0x54, 0x7F, 0x00 },
  { 0x04, 0x6E, 0x5D, 0x5E, 0x44, 0x37, 0x40, 0x00 },
  { 0x04, 0x6E, 0x5D, 0x7E, 0x4C, 0x7F, 0x48, 0x00 },
  { 0x04, 0x6E, 0x5D, 0x5E, 0x34, 0x5F, 0x30, 0x00 },
  { 0x00, 0x04, 0x6E, 0x5D, 0x7E, 0x4C, 0x7F, 0x00 },
  { 0x00, 0x04, 0x76, 0x55, 0x56, 0x54, 0x77, 0x00 }, // '싐'
  { 0x00, 0x08, 0x7A, 0x69, 0x6A, 0x68, 0x7F, 0x00 },
  { 0x08, 0x7A, 0x69, 0x7A, 0x48, 0x3F, 0x40, 0x00 },
  { 0x00, 0x08, 0x4A, 0x29, 0x1A, 0x28, 0x4F, 0x00 },
  { 0x00, 0x08, 0x4A, 0x39, 0x4A, 0x38, 0x4F, 0x00 },
  { 0x00, 0x04, 0x26, 0x55, 0x56, 0x54, 0x27, 0x00 },
  { 0x00, 0x04, 0x56, 0x35, 0x16, 0x34, 0x57, 0x00 },
  { 0x00, 0x04, 0x56, 0x35, 0x1E, 0x34, 0x57, 0x00 },
  { 0x00, 0x04, 0x16, 0x35, 0x36, 0x34, 0x77, 0x00 },
  { 0x00, 0x04, 0x7E, 0x5D, 0x5E, 0x5C, 0x4F, 0x00 },
  { 0x00, 0x04, 0x56, 0x75, 0x56, 0x74, 0x57, 0x00 },
  { 0x00, 0x04, 0x16, 0x35, 0x5E, 0x34, 0x17, 0x00 },
  { 0x00, 0x20, 0x18, 0x07, 0x18, 0x20, 0x7F, 0x00 },
  { 0x00, 0x08, 0x24, 0x23, 0x24, 0x28, 0x6F, 0x00 },
  { 0x00, 0x08, 0x24, 0x23, 0x64, 0x28, 0x6F, 0x00 },
  { 0x08, 0x24, 0x23, 0x64, 0x48, 0x2F, 0x40, 0x00 },
  { 0x00, 0x08, 0x64, 0x43, 0x44, 0x48, 0x5F, 0x00 }, // '신'
  { 0x00, 0x04, 0x72, 0x41, 0x52, 0x34, 0x57, 0x00 },
  { 0x04, 0x72, 0x41, 0x52, 0x34, 0x5F, 0x30, 0x00 },
  { 0x00, 0x04, 0x72, 0x51, 0x52, 0x54, 0x57, 0x00 },
  { 0x00, 0x04, 0x6A, 0x69, 0x5A, 0x5C, 0x5F, 0x00 },
  { 0x00, 0x04, 0x6A, 0x59, 0x5A, 0x0C, 0x7F, 0x00 },
  { 0x00, 0x04, 0x6A, 0x59, 0x7A, 0x4C, 0x7F, 0x00 },
  { 0x00, 0x04, 0x6A, 0x59, 0x7A, 0x54, 0x7F, 0x00 },
  { 0x04, 0x6A, 0x59, 0x5A, 0x44, 0x37, 0x40, 0x00 },
  { 0x00, 0x04, 0x6A, 0x59, 0x7A, 0x5C, 0x4F, 0x00 },
  { 0x04, 0x6A, 0x59, 0x7A, 0x4C, 0x7F, 0x48, 0x00 },
  { 0x04, 0x6A, 0x59, 0x5A, 0x34, 0x5F, 0x30, 0x00 },
  { 0x00, 0x04, 0x72, 0x51, 0x52, 0x54, 0x77, 0x00 },
  { 0x00, 0x08, 0x74, 0x63, 0x64, 0x68, 0x7F, 0x00 },
  { 0x08, 0x74, 0x63, 0x74, 0x48, 0x2F, 0x40, 0x00 },
  { 0x00, 0x08, 0x44, 0x23, 0x14, 0x28, 0x4F, 0x00 },
  { 0x00, 0x08, 0x44, 0x33, 0x44, 0x38, 0x4F, 0x00 }, // '싰'
  { 0x00, 0x08, 0x24, 0x53, 0x54, 0x58, 0x2F, 0x00 },
  { 0x00, 0x04, 0x52, 0x31, 0x12, 0x34, 0x57, 0x00 },
  { 0x00, 0x04, 0x52, 0x31, 0x1A, 0x34, 0x57, 0x00 },
  { 0x00, 0x04, 0x12, 0x31, 0x32, 0x34, 0x77, 0x00 },
  { 0x00, 0x04, 0x7A, 0x59, 0x5A, 0x5C, 0x4F, 0x00 },
  { 0x00, 0x04, 0x52, 0x71, 0x52, 0x74, 0x57, 0x00 },
  { 0x00, 0x04, 0x12, 0x31, 0x5A, 0x34, 0x17, 0x00 },
  { 0x38, 0x07, 0x38, 0x07, 0x38, 0x7F, 0x08, 0x00 },
  { 0x0C, 0x23, 0x2C, 0x23, 0x2C, 0x6F, 0x04, 0x00 },
  { 0x0C, 0x23, 0x2C, 0x63, 0x2C, 0x6F, 0x04, 0x00 },
  { 0x0C, 0x23, 0x2C, 0x63, 0x4C, 0x2F, 0x44, 0x00 },
  { 0x0C, 0x63, 0x4C, 0x43, 0x4C, 0x5F, 0x04, 0x00 },
  { 0x04, 0x73, 0x44, 0x53, 0x34, 0x57, 0x02, 0x00 },
  { 0x04, 0x73, 0x44, 0x53, 0x34, 0x5F, 0x32, 0x00 },
  { 0x04, 0x73, 0x54, 0x53, 0x54, 0x57, 0x02, 0x00 },
  { 0x04, 0x6B, 0x6C, 0x5B, 0x5C, 0x5F, 0x02, 0x00 }, // '쌀'
  { 0x04, 0x6B, 0x5C, 0x5B, 0x0C, 0x7F, 0x02, 0x00 },
  { 0x04, 0x6B, 0x5C, 0x7B, 0x4C, 0x7F, 0x02, 0x00 },
  { 0x04, 0x6B, 0x5C, 0x7B, 0x54, 0x7F, 0x02, 0x00 },
  { 0x04, 0x6B, 0x5C, 0x5B, 0x44, 0x37, 0x42, 0x00 },
  { 0x04, 0x6B, 0x5C, 0x7B, 0x5C, 0x4F, 0x02, 0x00 },
  { 0x04, 0x6B, 0x5C, 0x7B, 0x4C, 0x7F, 0x4A, 0x00 },
  { 0x04, 0x6B, 0x5C, 0x5B, 0x34, 0x5F, 0x32, 0x00 },
  { 0x04, 0x73, 0x54, 0x53, 0x54, 0x77, 0x02, 0x00 },
  { 0x0C, 0x73, 0x6C, 0x63, 0x6C, 0x7F, 0x02, 0x00 },
  { 0x0C, 0x73, 0x6C, 0x73, 0x4C, 0x2F, 0x42, 0x00 },
  { 0x0C, 0x43, 0x2C, 0x13, 0x2C, 0x4F, 0x02, 0x00 },
  { 0x04, 0x43, 0x34, 0x43, 0x34, 0x4F, 0x02, 0x00 },
  { 0x04, 0x23, 0x54, 0x53, 0x54, 0x27, 0x02, 0x00 },
  { 0x04, 0x53, 0x34, 0x13, 0x34, 0x57, 0x02, 0x00 },
  { 0x04, 0x53, 0x34, 0x1B, 0x34, 0x57, 0x02, 0x00 },
  { 0x04, 0x13, 0x34, 0x33, 0x34, 0x77, 0x02, 0x00 }, // '쌐'
  { 0x04, 0x7B, 0x5C, 0x5B, 0x5C, 0x4F, 0x02, 0x00 },
  { 0x04, 0x53, 0x74, 0x53, 0x74, 0x57, 0x02, 0x00 },
  { 0x04, 0x13, 0x34, 0x5B, 0x34, 0x17, 0x02, 0x00 },
  { 0x38, 0x07, 0x38, 0x07, 0x38, 0x7F, 0x7F, 0x00 },
  { 0x0C, 0x23, 0x2C, 0x23, 0x2C, 0x2F, 0x6F, 0x00 },
  { 0x0C, 0x23, 0x2C, 0x63, 0x2C, 0x2F, 0x6F, 0x00 },
  { 0x0C, 0x23, 0x2C, 0x63, 0x4C, 0x2F, 0x4F, 0x00 },
  { 0x0C, 0x63, 0x4C, 0x43, 0x4C, 0x5F, 0x5F, 0x00 },
  { 0x04, 0x73, 0x44, 0x43, 0x54, 0x37, 0x57, 0x00 },
  { 0x04, 0x73, 0x44, 0x53, 0x34, 0x5F, 0x37, 0x00 },
  { 0x04, 0x73, 0x54, 0x53, 0x54, 0x57, 0x57, 0x00 },
  { 0x04, 0x6B, 0x6C, 0x5B, 0x5C, 0x5F, 0x5F, 0x00 },
  { 0x04, 0x6B, 0x5C, 0x5B, 0x0C, 0x0F, 0x7F, 0x00 },
  { 0x04, 0x6B, 0x5C, 0x5B, 0x7C, 0x4F, 0x7F, 0x00 },
  { 0x04, 0x6B, 0x5C, 0x5B, 0x7C, 0x57, 0x7F, 0x00 },
  { 0x04, 0x6B, 0x5C, 0x5B, 0x64, 0x1F, 0x67, 0x00 }, // '쌠'
  { 0x04, 0x6B, 0x5C, 0x5B, 0x7C, 0x5F, 0x4F, 0x00 },
  { 0x04, 0x6B, 0x5C, 0x7B, 0x4C, 0x7F, 0x4F, 0x00 },
  { 0x04, 0x6B, 0x5C, 0x5B, 0x34, 0x5F, 0x37, 0x00 },
  { 0x04, 0x73, 0x54, 0x53, 0x54, 0x57, 0x77, 0x00 },
  { 0x0C, 0x73, 0x6C, 0x63, 0x6C, 0x6F, 0x7F, 0x00 },
  { 0x0C, 0x73, 0x6C, 0x73, 0x4C, 0x3F, 0x4F, 0x00 },
  { 0x0C, 0x43, 0x2C, 0x13, 0x2C, 0x4F, 0x0F, 0x00 },
  { 0x04, 0x43, 0x34, 0x43, 0x34, 0x47, 0x07, 0x00 },
  { 0x04, 0x23, 0x54, 0x53, 0x54, 0x57, 0x27, 0x00 },
  { 0x04, 0x53, 0x54, 0x33, 0x34, 0x57, 0x57, 0x00 },
  { 0x04, 0x53, 0x54, 0x3B, 0x34, 0x57, 0x57, 0x00 },
  { 0x04, 0x13, 0x34, 0x33, 0x34, 0x37, 0x77, 0x00 },
  { 0x04, 0x7B, 0x5C, 0x5B, 0x5C, 0x5F, 0x4F, 0x00 },
  { 0x04, 0x53, 0x74, 0x53, 0x54, 0x77, 0x57, 0x00 },
  { 0x04, 0x13, 0x34, 0x5B, 0x54, 0x37, 0x17, 0x00 },
  { 0x38, 0x07, 0x38, 0x07, 0x38, 0x7F, 0x12, 0x00 }, // '쌰'
  { 0x0C, 0x23, 0x2C, 0x23, 0x2C, 0x7F, 0x0A, 0x00 },
  { 0x0C, 0x23, 0x2C, 0x63, 0x2C, 0x7F, 0x0A, 0x00 },
  { 0x0C, 0x23, 0x2C, 0x63, 0x4C, 0x3F, 0x4A, 0x00 },
  { 0x0C, 0x63, 0x4C, 0x43, 0x4C, 0x5F, 0x0A, 0x00 },
  { 0x04, 0x73, 0x44, 0x53, 0x34, 0x5F, 0x05, 0x00 },
  { 0x04, 0x73, 0x44, 0x53, 0x34, 0x5F, 0x35, 0x00 },
  { 0x04, 0x73, 0x54, 0x53, 0x54, 0x5F, 0x05, 0x00 },
  { 0x04, 0x6B, 0x6C, 0x5B, 0x5C, 0x5F, 0x05, 0x00 },
  { 0x04, 0x6B, 0x5C, 0x5B, 0x0C, 0x7F, 0x05, 0x00 },
  { 0x04, 0x6B, 0x5C, 0x7B, 0x4C, 0x7F, 0x05, 0x00 },
  { 0x04, 0x6B, 0x5C, 0x7B, 0x54, 0x7F, 0x05, 0x00 },
  { 0x04, 0x6B, 0x5C, 0x5B, 0x44, 0x2F, 0x45, 0x00 },
  { 0x04, 0x6B, 0x5C, 0x7B, 0x5C, 0x4F, 0x05, 0x00 },
  { 0x04, 0x6B, 0x5C, 0x7B, 0x54, 0x7F, 0x55, 0x00 },
  { 0x04, 0x6B, 0x5C, 0x5B, 0x34, 0x5F, 0x35, 0x00 },
  { 0x04, 0x73, 0x54, 0x53, 0x54, 0x7F, 0x05, 0x00 }, // '썀'
  { 0x0C, 0x73, 0x6C, 0x63, 0x6C, 0x7F, 0x0A, 0x00 },
  { 0x0C, 0x73, 0x6C, 0x73, 0x4C, 0x3F, 0x4A, 0x00 },
  { 0x0C, 0x43, 0x2C, 0x13, 0x2C, 0x5F, 0x0A, 0x00 },
  { 0x0C, 0x43, 0x2C, 0x43, 0x2C, 0x5F, 0x0A, 0x00 },
  { 0x04, 0x23, 0x54, 0x53, 0x54, 0x2F, 0x05, 0x00 },
  { 0x04, 0x53, 0x34, 0x13, 0x34, 0x5F, 0x05, 0x00 },
  { 0x04, 0x53, 0x34, 0x1B, 0x34, 0x5F, 0x05, 0x00 },
  { 0x04, 0x13, 0x34, 0x33, 0x34, 0x7F, 0x05, 0x00 },
  { 0x04, 0x7B, 0x5C, 0x5B, 0x5C, 0x4F, 0x05, 0x00 },
  { 0x04, 0x53, 0x74, 0x53, 0x74, 0x5F, 0x05, 0x00 },
  { 0x04, 0x13, 0x34, 0x5B, 0x34, 0x1F, 0x05, 0x00 },
  { 0x38, 0x07, 0x38, 0x07, 0x38, 0x7F, 0x7F, 0x00 },
  { 0x0C, 0x23, 0x2C, 0x23, 0x2C, 0x2F, 0x6F, 0x00 },
  { 0x0C, 0x23, 0x2C, 0x63, 0x2C, 0x2F, 0x6F, 0x00 },
  { 0x0C, 0x23, 0x2C, 0x63, 0x4C, 0x2F, 0x4F, 0x00 },
  { 0x0C, 0x63, 0x4C, 0x43, 0x4C, 0x5F, 0x5F, 0x00 }, // '썐'
  { 0x04, 0x73, 0x44, 0x43, 0x54, 0x37, 0x57, 0x00 },
  { 0x04, 0x73, 0x44, 0x53, 0x34, 0x5F, 0x37, 0x00 },
  { 0x04, 0x73, 0x54, 0x53, 0x54, 0x57, 0x57, 0x00 },
  { 0x04, 0x6B, 0x6C, 0x5B, 0x5C, 0x5F, 0x5F, 0x00 },
  { 0x04, 0x6B, 0x5C, 0x5B, 0x0C, 0x0F, 0x7F, 0x00 },
  { 0x04, 0x6B, 0x5C, 0x5B, 0x7C, 0x4F, 0x7F, 0x00 },
  { 0x04, 0x6B, 0x5C, 0x5B, 0x7C, 0x57, 0x7F, 0x00 },
  { 0x04, 0x6B, 0x5C, 0x5B, 0x64, 0x1F, 0x67, 0x00 },
  { 0x04, 0x6B, 0x5C, 0x5B, 0x7C, 0x5F, 0x4F, 0x00 },
  { 0x04, 0x6B, 0x5C, 0x7B, 0x4C, 0x7F, 0x4F, 0x00 },
  { 0x04, 0x6B, 0x5C, 0x5B, 0x34, 0x5F, 0x37, 0x00 },
  { 0x04, 0x73, 0x54, 0x53, 0x54, 0x57, 0x77, 0x00 },
  { 0x0C, 0x73, 0x6C, 0x63, 0x6C, 0x6F, 0x7F, 0x00 },
  { 0x0C, 0x73, 0x6C, 0x73, 0x4C, 0x3F, 0x4F, 0x00 },
  { 0x0C, 0x43, 0x2C, 0x13, 0x2C, 0x4F, 0x0F, 0x00 },
  { 0x04, 0x43, 0x34, 0x43, 0x34, 0x47, 0x07, 0x00 }, // '썠'
  { 0x04, 0x23, 0x54, 0x53, 0x54, 0x57, 0x27, 0x00 },
  { 0x04, 0x53, 0x54, 0x33, 0x34, 0x57, 0x57, 0x00 },
  { 0x04, 0x53, 0x54, 0x3B, 0x34, 0x57, 0x57, 0x00 },
  { 0x04, 0x13, 0x34, 0x33, 0x34, 0x37, 0x77, 0x00 },
  { 0x04, 0x7B, 0x5C, 0x5B, 0x5C, 0x5F, 0x4F, 0x00 },
  { 0x04, 0x53, 0x74, 0x53, 0x54, 0x77, 0x57, 0x00 },
  { 0x04, 0x13, 0x34, 0x5B, 0x54, 0x37, 0x17, 0x00 },
  { 0x38, 0x07, 0x38, 0x07, 0x38, 0x04, 0x7F, 0x00 },
  { 0x0C, 0x23, 0x2C, 0x23, 0x2C, 0x22, 0x6F, 0x00 },
  { 0x0C, 0x23, 0x2C, 0x63, 0x2C, 0x22, 0x6F, 0x00 },
  { 0x0C, 0x23, 0x2C, 0x63, 0x4C, 0x22, 0x4F, 0x00 },
  { 0x0C, 0x63, 0x4C, 0x43, 0x4C, 0x42, 0x5F, 0x00 },
  { 0x04, 0x73, 0x44, 0x43, 0x54, 0x32, 0x57, 0x00 },
  { 0x04, 0x73, 0x44, 0x53, 0x34, 0x5A, 0x37, 0x00 },
  { 0x04, 0x73, 0x54, 0x53, 0x54, 0x52, 0x57, 0x00 },
  { 0x04, 0x6B, 0x6C, 0x5B, 0x5C, 0x5A, 0x5F, 0x00 }, // '썰'
  { 0x04, 0x6B, 0x5C, 0x5B, 0x0C, 0x0A, 0x7F, 0x00 },
  { 0x04, 0x6B, 0x5C, 0x5B, 0x7C, 0x4A, 0x7F, 0x00 },
  { 0x04, 0x6B, 0x5C, 0x5B, 0x7C, 0x52, 0x7F, 0x00 },
  { 0x04, 0x6B, 0x5C, 0x5B, 0x44, 0x32, 0x4F, 0x00 },
  { 0x04, 0x6B, 0x5C, 0x5B, 0x7C, 0x5A, 0x4F, 0x00 },
  { 0x04, 0x6B, 0x5C, 0x7B, 0x4C, 0x7A, 0x4F, 0x00 },
  { 0x04, 0x6B, 0x5C, 0x5B, 0x34, 0x5A, 0x37, 0x00 },
  { 0x04, 0x73, 0x54, 0x53, 0x54, 0x52, 0x77, 0x00 },
  { 0x0C, 0x73, 0x6C, 0x63, 0x6C, 0x62, 0x7F, 0x00 },
  { 0x0C, 0x73, 0x6C, 0x73, 0x4C, 0x32, 0x4F, 0x00 },
  { 0x0C, 0x43, 0x2C, 0x13, 0x2C, 0x42, 0x0F, 0x00 },
  { 0x04, 0x43, 0x34, 0x43, 0x34, 0x42, 0x0F, 0x00 },
  { 0x04, 0x23, 0x54, 0x53, 0x54, 0x52, 0x27, 0x00 },
  { 0x04, 0x53, 0x54, 0x33, 0x34, 0x52, 0x57, 0x00 },
  { 0x04, 0x53, 0x54, 0x3B, 0x34, 0x52, 0x57, 0x00 },
  { 0x04, 0x13, 0x34, 0x33, 0x34, 0x32, 0x77, 0x00 }, // '쎀'
  { 0x04, 0x7B, 0x5C, 0x5B, 0x5C, 0x5A, 0x4F, 0x00 },
  { 0x04, 0x53, 0x74, 0x53, 0x54, 0x72, 0x57, 0x00 },
  { 0x04, 0x13, 0x34, 0x5B, 0x54, 0x32, 0x17, 0x00 },
  { 0x38, 0x07, 0x38, 0x07, 0x3A, 0x7F, 0x7F, 0x00 },
  { 0x0C, 0x23, 0x2C, 0x23, 0x2D, 0x2F, 0x6F, 0x00 },
  { 0x0C, 0x23, 0x2C, 0x63, 0x2D, 0x2F, 0x6F, 0x00 },
  { 0x0C, 0x23, 0x2C, 0x63, 0x4D, 0x2F, 0x4F, 0x00 },
  { 0x0C, 0x63, 0x4C, 0x43, 0x4D, 0x5F, 0x5F, 0x00 },
  { 0x04, 0x73, 0x44, 0x43, 0x55, 0x37, 0x57, 0x00 },
  { 0x04, 0x73, 0x44, 0x53, 0x35, 0x5F, 0x37, 0x00 },
  { 0x04, 0x73, 0x54, 0x53, 0x55, 0x57, 0x57, 0x00 },
  { 0x04, 0x6B, 0x6C, 0x5B, 0x5D, 0x5F, 0x5F, 0x00 },
  { 0x04, 0x6B, 0x5C, 0x5B, 0x0D, 0x0F, 0x7F, 0x00 },
  { 0x04, 0x6B, 0x5C, 0x5B, 0x7D, 0x4F, 0x7F, 0x00 },
  { 0x04, 0x6B, 0x5C, 0x5B, 0x7D, 0x57, 0x7F, 0x00 },
  { 0x04, 0x6B, 0x5C, 0x5B, 0x65, 0x1F, 0x67, 0x00 }, // '쎐'
  { 0x04, 0x6B, 0x5C, 0x5B, 0x7D, 0x5F, 0x4F, 0x00 },
  { 0x04, 0x6B, 0x5C, 0x7B, 0x4D, 0x7F, 0x4F, 0x00 },
  { 0x04, 0x6B, 0x5C, 0x5B, 0x35, 0x5F, 0x37, 0x00 },
  { 0x04, 0x73, 0x54, 0x53, 0x55, 0x57, 0x77, 0x00 },
  { 0x0C, 0x73, 0x6C, 0x63, 0x6D, 0x6F, 0x7F, 0x00 },
  { 0x0C, 0x73, 0x6C, 0x73, 0x4D, 0x3F, 0x4F, 0x00 },
  { 0x0C, 0x43, 0x2C, 0x13, 0x2D, 0x4F, 0x0F, 0x00 },
  { 0x04, 0x43, 0x34, 0x43, 0x35, 0x47, 0x07, 0x00 },
  { 0x04, 0x23, 0x54, 0x53, 0x55, 0x57, 0x27, 0x00 },
  { 0x04, 0x53, 0x54, 0x33, 0x35, 0x57, 0x57, 0x00 },
  { 0x04, 0x53, 0x54, 0x3B, 0x35, 0x57, 0x57, 0x00 },
  { 0x04, 0x13, 0x34, 0x33, 0x35, 0x37, 0x77, 0x00 },
  { 0x04, 0x7B, 0x5C, 0x5B, 0x5D, 0x5F, 0x4F, 0x00 },
  { 0x04, 0x53, 0x74, 0x53, 0x55, 0x77, 0x57, 0x00 },
  { 0x04, 0x13, 0x34, 0x5B, 0x55, 0x37, 0x17, 0x00 },
  { 0x38, 0x07, 0x38, 0x07, 0x38, 0x0A, 0x7F, 0x00 }, // '쎠'
  { 0x0C, 0x23, 0x2C, 0x23, 0x2C, 0x2A, 0x7F, 0x00 },
  { 0x0C, 0x23, 0x2C, 0x63, 0x2C, 0x2A, 0x7F, 0x00 },
  { 0x0C, 0x23, 0x2C, 0x63, 0x4C, 0x2A, 0x5F, 0x00 },
  { 0x0C, 0x63, 0x4C, 0x43, 0x4C, 0x4A, 0x5F, 0x00 },
  { 0x04, 0x73, 0x44, 0x43, 0x54, 0x35, 0x5F, 0x00 },
  { 0x04, 0x73, 0x44, 0x43, 0x24, 0x55, 0x2F, 0x00 },
  { 0x04, 0x73, 0x54, 0x53, 0x54, 0x55, 0x5F, 0x00 },
  { 0x04, 0x6B, 0x6C, 0x5B, 0x5C, 0x55, 0x5F, 0x00 },
  { 0x04, 0x6B, 0x5C, 0x5B, 0x14, 0x15, 0x7F, 0x00 },
  { 0x04, 0x6B, 0x5C, 0x5B, 0x74, 0x55, 0x7F, 0x00 },
  { 0x04, 0x6B, 0x5C, 0x5B, 0x74, 0x65, 0x7F, 0x00 },
  { 0x04, 0x6B, 0x5C, 0x5B, 0x44, 0x35, 0x4F, 0x00 },
  { 0x04, 0x6B, 0x5C, 0x5B, 0x74, 0x75, 0x5F, 0x00 },
  { 0x04, 0x6B, 0x5C, 0x7B, 0x54, 0x75, 0x5F, 0x00 },
  { 0x04, 0x6B, 0x5C, 0x5B, 0x24, 0x55, 0x2F, 0x00 },
  { 0x04, 0x73, 0x54, 0x53, 0x54, 0x55, 0x7F, 0x00 }, // '쎰'
  { 0x0C, 0x73, 0x6C, 0x63, 0x6C, 0x6A, 0x7F, 0x00 },
  { 0x0C, 0x73, 0x6C, 0x73, 0x4C, 0x35, 0x4F, 0x00 },
  { 0x0C, 0x43, 0x2C, 0x13, 0x2C, 0x4A, 0x1F, 0x00 },
  { 0x04, 0x43, 0x34, 0x43, 0x34, 0x45, 0x0F, 0x00 },
  { 0x04, 0x23, 0x54, 0x53, 0x54, 0x55, 0x2F, 0x00 },
  { 0x04, 0x53, 0x54, 0x33, 0x34, 0x55, 0x5F, 0x00 },
  { 0x04, 0x53, 0x54, 0x3B, 0x34, 0x55, 0x5F, 0x00 },
  { 0x04, 0x13, 0x34, 0x33, 0x34, 0x35, 0x7F, 0x00 },
  { 0x04, 0x7B, 0x5C, 0x5B, 0x5C, 0x55, 0x4F, 0x00 },
  { 0x04, 0x53, 0x74, 0x53, 0x54, 0x75, 0x5F, 0x00 },
  { 0x04, 0x13, 0x34, 0x5B, 0x54, 0x35, 0x1F, 0x00 },
  { 0x38, 0x07, 0x38, 0x07, 0x3A, 0x7F, 0x7F, 0x00 },
  { 0x0C, 0x23, 0x2C, 0x23, 0x2D, 0x2F, 0x6F, 0x00 },
  { 0x0C, 0x23, 0x2C, 0x63, 0x2D, 0x2F, 0x6F, 0x00 },
  { 0x0C, 0x23, 0x2C, 0x63, 0x4D, 0x2F, 0x4F, 0x00 },
  { 0x0C, 0x63, 0x4C, 0x43, 0x4D, 0x5F, 0x5F, 0x00 }, // '쏀'
  { 0x04, 0x73, 0x44, 0x43, 0x55, 0x37, 0x57, 0x00 },
  { 0x04, 0x73, 0x44, 0x53, 0x35, 0x5F, 0x37, 0x00 },
  { 0x04, 0x73, 0x54, 0x53, 0x55, 0x57, 0x57, 0x00 },
  { 0x04, 0x6B, 0x6C, 0x5B, 0x5D, 0x5F, 0x5F, 0x00 },
  { 0x04, 0x6B, 0x5C, 0x5B, 0x0D, 0x0F, 0x7F, 0x00 },
  { 0x04, 0x6B, 0x5C, 0x5B, 0x7D, 0x4F, 0x7F, 0x00 },
  { 0x04, 0x6B, 0x5C, 0x5B, 0x7D, 0x57, 0x7F, 0x00 },
  { 0x04, 0x6B, 0x5C, 0x5B, 0x65, 0x1F, 0x67, 0x00 },
  { 0x04, 0x6B, 0x5C, 0x5B, 0x7D, 0x5F, 0x4F, 0x00 },
  { 0x04, 0x6B, 0x5C, 0x7B, 0x4D, 0x7F, 0x4F, 0x00 },
  { 0x04, 0x6B, 0x5C, 0x5B, 0x35, 0x5F, 0x37, 0x00 },
  { 0x04, 0x73, 0x54, 0x53, 0x55, 0x57, 0x77, 0x00 },
  { 0x0C, 0x73, 0x6C, 0x63, 0x6D, 0x6F, 0x7F, 0x00 },
  { 0x0C, 0x73, 0x6C, 0x73, 0x4D, 0x3F, 0x4F, 0x00 },
  { 0x0C, 0x43, 0x2C, 0x13, 0x2D, 0x4F, 0x0F, 0x00 },
  { 0x04, 0x43, 0x34, 0x43, 0x35, 0x47, 0x07, 0x00 }, // '쏐'
  { 0x04, 0x23, 0x54, 0x53, 0x55, 0x57, 0x27, 0x00 },
  { 0x04, 0x53, 0x54, 0x33, 0x35, 0x57, 0x57, 0x00 },
  { 0x04, 0x53, 0x54, 0x3B, 0x35, 0x57, 0x57, 0x00 },
  { 0x04, 0x13, 0x34, 0x33, 0x35, 0x37, 0x77, 0x00 },
  { 0x04, 0x7B, 0x5C, 0x5B, 0x5D, 0x5F, 0x4F, 0x00 },
  { 0x04, 0x53, 0x74, 0x53, 0x55, 0x77, 0x57, 0x00 },
  { 0x04, 0x13, 0x34, 0x5B, 0x55, 0x37, 0x17, 0x00 },
  { 0x20, 0x2C, 0x23, 0x34, 0x23, 0x2C, 0x20, 0x00 },
  { 0x08, 0x2A, 0x29, 0x2E, 0x29, 0x6A, 0x08, 0x00 },
  { 0x08, 0x2A, 0x29, 0x6E, 0x29, 0x6A, 0x08, 0x00 },
  { 0x08, 0x2A, 0x29, 0x6E, 0x49, 0x2A, 0x48, 0x00 },
  { 0x08, 0x6A, 0x49, 0x4E, 0x49, 0x4A, 0x08, 0x00 },
  { 0x08, 0x6A, 0x49, 0x5E, 0x39, 0x5A, 0x08, 0x00 },
  { 0x08, 0x6A, 0x49, 0x4E, 0x29, 0x5A, 0x28, 0x00 },
  { 0x08, 0x7A, 0x59, 0x5E, 0x59, 0x5A, 0x08, 0x00 },
  { 0x08, 0x6A, 0x69, 0x5E, 0x59, 0x5A, 0x08, 0x00 }, // '쏠'
  { 0x08, 0x5A, 0x79, 0x5E, 0x19, 0x7A, 0x08, 0x00 },
  { 0x08, 0x5A, 0x79, 0x7E, 0x59, 0x7A, 0x08, 0x00 },
  { 0x08, 0x5A, 0x79, 0x5E, 0x69, 0x7A, 0x08, 0x00 },
  { 0x08, 0x5A, 0x79, 0x5E, 0x49, 0x3A, 0x48, 0x00 },
  { 0x08, 0x5A, 0x79, 0x5E, 0x79, 0x7A, 0x58, 0x00 },
  { 0x08, 0x5A, 0x79, 0x7E, 0x59, 0x7A, 0x58, 0x00 },
  { 0x08, 0x5A, 0x79, 0x5E, 0x29, 0x5A, 0x28, 0x00 },
  { 0x08, 0x7A, 0x59, 0x5E, 0x59, 0x7A, 0x08, 0x00 },
  { 0x08, 0x7A, 0x69, 0x6E, 0x69, 0x7A, 0x08, 0x00 },
  { 0x08, 0x7A, 0x69, 0x7E, 0x49, 0x3A, 0x48, 0x00 },
  { 0x08, 0x4A, 0x29, 0x1E, 0x29, 0x4A, 0x08, 0x00 },
  { 0x08, 0x4A, 0x39, 0x4E, 0x39, 0x4A, 0x08, 0x00 },
  { 0x08, 0x2A, 0x59, 0x5E, 0x59, 0x2A, 0x08, 0x00 },
  { 0x08, 0x5A, 0x39, 0x1E, 0x39, 0x5A, 0x08, 0x00 },
  { 0x08, 0x2A, 0x69, 0x3E, 0x69, 0x2A, 0x08, 0x00 },
  { 0x08, 0x1A, 0x39, 0x3E, 0x39, 0x7A, 0x08, 0x00 }, // '쏰'
  { 0x08, 0x7A, 0x79, 0x7E, 0x79, 0x5A, 0x08, 0x00 },
  { 0x08, 0x5A, 0x79, 0x5E, 0x79, 0x5A, 0x08, 0x00 },
  { 0x08, 0x2A, 0x69, 0x5E, 0x69, 0x2A, 0x08, 0x00 },
  { 0x2C, 0x23, 0x34, 0x23, 0x2C, 0x7F, 0x08, 0x00 },
  { 0x0A, 0x29, 0x2E, 0x29, 0x2A, 0x6F, 0x02, 0x00 },
  { 0x0A, 0x29, 0x2E, 0x69, 0x2A, 0x6F, 0x02, 0x00 },
  { 0x0A, 0x29, 0x2E, 0x69, 0x4A, 0x2F, 0x42, 0x00 },
  { 0x0A, 0x69, 0x4E, 0x49, 0x4A, 0x5F, 0x04, 0x00 },
  { 0x0A, 0x69, 0x4E, 0x59, 0x3A, 0x5F, 0x02, 0x00 },
  { 0x0A, 0x69, 0x4E, 0x29, 0x5A, 0x2F, 0x02, 0x00 },
  { 0x0A, 0x79, 0x5E, 0x59, 0x5A, 0x5F, 0x02, 0x00 },
  { 0x0A, 0x69, 0x6E, 0x59, 0x5A, 0x5F, 0x02, 0x00 },
  { 0x0A, 0x69, 0x5E, 0x59, 0x1A, 0x7F, 0x02, 0x00 },
  { 0x0A, 0x69, 0x5E, 0x79, 0x5A, 0x7F, 0x02, 0x00 },
  { 0x0A, 0x69, 0x5E, 0x79, 0x6A, 0x7F, 0x02, 0x00 },
  { 0x0A, 0x69, 0x5E, 0x59, 0x4A, 0x3F, 0x42, 0x00 }, // '쐀'
  { 0x0A, 0x69, 0x5E, 0x79, 0x7A, 0x5F, 0x02, 0x00 },
  { 0x0A, 0x69, 0x5E, 0x79, 0x5A, 0x7F, 0x52, 0x00 },
  { 0x0A, 0x69, 0x5E, 0x59, 0x2A, 0x5F, 0x22, 0x00 },
  { 0x0A, 0x79, 0x5E, 0x59, 0x5A, 0x7F, 0x02, 0x00 },
  { 0x0A, 0x79, 0x6E, 0x69, 0x6A, 0x7F, 0x02, 0x00 },
  { 0x0A, 0x79, 0x6E, 0x79, 0x4A, 0x3F, 0x42, 0x00 },
  { 0x0A, 0x49, 0x2E, 0x19, 0x2A, 0x4F, 0x02, 0x00 },
  { 0x0A, 0x49, 0x3E, 0x49, 0x3A, 0x4F, 0x02, 0x00 },
  { 0x0A, 0x29, 0x5E, 0x59, 0x5A, 0x2F, 0x02, 0x00 },
  { 0x0A, 0x59, 0x3E, 0x19, 0x3A, 0x5F, 0x02, 0x00 },
  { 0x0A, 0x29, 0x6E, 0x39, 0x6A, 0x2F, 0x02, 0x00 },
  { 0x0A, 0x19, 0x3E, 0x39, 0x3A, 0x7F, 0x02, 0x00 },
  { 0x0A, 0x79, 0x5E, 0x59, 0x5A, 0x4F, 0x02, 0x00 },
  { 0x0A, 0x59, 0x7E, 0x59, 0x7A, 0x5F, 0x02, 0x00 },
  { 0x0A, 0x29, 0x6E, 0x59, 0x6A, 0x2F, 0x02, 0x00 },
  { 0x2C, 0x23, 0x34, 0x23, 0x2C, 0x7F, 0x7F, 0x00 }, // '쐐'
  { 0x0A, 0x29, 0x2E, 0x29, 0x2A, 0x2F, 0x6F, 0x00 },
  { 0x0A, 0x29, 0x2E, 0x69, 0x2A, 0x2F, 0x6F, 0x00 },
  { 0x0A, 0x29, 0x2E, 0x69, 0x4A, 0x2F, 0x4F, 0x00 },
  { 0x0A, 0x69, 0x4E, 0x49, 0x4A, 0x5F, 0x5F, 0x00 },
  { 0x0A, 0x69, 0x4E, 0x49, 0x5A, 0x3F, 0x5F, 0x00 },
  { 0x0A, 0x69, 0x4E, 0x49, 0x2A, 0x5F, 0x2F, 0x00 },
  { 0x0A, 0x79, 0x5E, 0x59, 0x5A, 0x5F, 0x5F, 0x00 },
  { 0x0A, 0x69, 0x6E, 0x59, 0x5A, 0x5F, 0x5F, 0x00 },
  { 0x0A, 0x69, 0x5E, 0x59, 0x1A, 0x1F, 0x7F, 0x00 },
  { 0x0A, 0x69, 0x5E, 0x59, 0x7A, 0x5F, 0x7F, 0x00 },
  { 0x0A, 0x69, 0x5E, 0x59, 0x7A, 0x6F, 0x7F, 0x00 },
  { 0x0A, 0x69, 0x5E, 0x59, 0x4A, 0x3F, 0x4F, 0x00 },
  { 0x0A, 0x69, 0x5E, 0x59, 0x7A, 0x7F, 0x5F, 0x00 },
  { 0x0A, 0x69, 0x5E, 0x79, 0x5A, 0x7F, 0x5F, 0x00 },
  { 0x0A, 0x69, 0x5E, 0x59, 0x2A, 0x5F, 0x2F, 0x00 },
  { 0x0A, 0x79, 0x5E, 0x59, 0x5A, 0x5F, 0x7F, 0x00 }, // '쐠'
  { 0x0A, 0x79, 0x6E, 0x69, 0x6A, 0x6F, 0x7F, 0x00 },
  { 0x0A, 0x79, 0x6E, 0x79, 0x4A, 0x3F, 0x4F, 0x00 },
  { 0x0A, 0x49, 0x2E, 0x19, 0x2A, 0x4F, 0x0F, 0x00 },
  { 0x0A, 0x49, 0x3E, 0x49, 0x3A, 0x4F, 0x0F, 0x00 },
  { 0x0A, 0x29, 0x5E, 0x59, 0x5A, 0x5F, 0x2F, 0x00 },
  { 0x0A, 0x59, 0x5E, 0x39, 0x3A, 0x5F, 0x5F, 0x00 },
  { 0x0A, 0x29, 0x6E, 0x39, 0x2A, 0x6F, 0x2F, 0x00 },
  { 0x0A, 0x19, 0x3E, 0x39, 0x3A, 0x3F, 0x7F, 0x00 },
  { 0x0A, 0x79, 0x5E, 0x59, 0x5A, 0x5F, 0x4F, 0x00 },
  { 0x0A, 0x59, 0x7E, 0x59, 0x5A, 0x7F, 0x5F, 0x00 },
  { 0x0A, 0x29, 0x6E, 0x59, 0x6A, 0x6F, 0x2F, 0x00 },
  { 0x00, 0x2C, 0x23, 0x34, 0x23, 0x2C, 0x7F, 0x00 },
  { 0x00, 0x0A, 0x29, 0x2E, 0x29, 0x2A, 0x6F, 0x00 },
  { 0x00, 0x0A, 0x29, 0x2E, 0x69, 0x2A, 0x6F, 0x00 },
  { 0x0A, 0x29, 0x2E, 0x69, 0x4A, 0x2F, 0x40, 0x00 },
  { 0x00, 0x0A, 0x69, 0x4E, 0x49, 0x4A, 0x5F, 0x00 }, // '쐰'
  { 0x00, 0x0A, 0x69, 0x4E, 0x59, 0x3A, 0x5F, 0x00 },
  { 0x00, 0x0A, 0x69, 0x4E, 0x29, 0x5A, 0x2F, 0x00 },
  { 0x00, 0x0A, 0x79, 0x5E, 0x59, 0x5A, 0x5F, 0x00 },
  { 0x00, 0x0A, 0x69, 0x6E, 0x59, 0x5A, 0x5F, 0x00 },
  { 0x00, 0x0A, 0x69, 0x5E, 0x59, 0x1A, 0x7F, 0x00 },
  { 0x00, 0x0A, 0x69, 0x5E, 0x79, 0x5A, 0x7F, 0x00 },
  { 0x00, 0x0A, 0x69, 0x5E, 0x79, 0x6A, 0x7F, 0x00 },
  { 0x0A, 0x69, 0x5E, 0x59, 0x4A, 0x3F, 0x40, 0x00 },
  { 0x00, 0x0A, 0x69, 0x5E, 0x79, 0x7A, 0x5F, 0x00 },
  { 0x0A, 0x69, 0x5E, 0x79, 0x5A, 0x7F, 0x50, 0x00 },
  { 0x0A, 0x69, 0x5E, 0x59, 0x2A, 0x5F, 0x20, 0x00 },
  { 0x00, 0x0A, 0x79, 0x5E, 0x59, 0x5A, 0x7F, 0x00 },
  { 0x00, 0x0A, 0x79, 0x6E, 0x69, 0x6A, 0x7F, 0x00 },
  { 0x0A, 0x79, 0x6E, 0x79, 0x4A, 0x3F, 0x40, 0x00 },
  { 0x00, 0x0A, 0x49, 0x2E, 0x19, 0x2A, 0x4F, 0x00 },
  { 0x00, 0x0A, 0x49, 0x3E, 0x49, 0x3A, 0x4F, 0x00 }, // '쑀'
  { 0x00, 0x0A, 0x29, 0x5E, 0x59, 0x5A, 0x2F, 0x00 },
  { 0x00, 0x0A, 0x59, 0x3E, 0x19, 0x3A, 0x5F, 0x00 },
  { 0x00, 0x0A, 0x29, 0x6E, 0x39, 0x6A, 0x2F, 0x00 },
  { 0x00, 0x0A, 0x19, 0x3E, 0x39, 0x3A, 0x7F, 0x00 },
  { 0x00, 0x0A, 0x79, 0x5E, 0x59, 0x5A, 0x4F, 0x00 },
  { 0x00, 0x0A, 0x59, 0x7E, 0x59, 0x7A, 0x5F, 0x00 },
  { 0x00, 0x0A, 0x29, 0x6E, 0x59, 0x6A, 0x2F, 0x00 },
  { 0x20, 0x24, 0x33, 0x24, 0x33, 0x24, 0x20, 0x00 },
  { 0x08, 0x2A, 0x2D, 0x2A, 0x2D, 0x6A, 0x08, 0x00 },
  { 0x08, 0x2A, 0x2D, 0x6A, 0x2D, 0x6A, 0x08, 0x00 },
  { 0x08, 0x2A, 0x2D, 0x6A, 0x4D, 0x2A, 0x48, 0x00 },
  { 0x08, 0x6A, 0x4D, 0x4A, 0x4D, 0x4A, 0x08, 0x00 },
  { 0x08, 0x6A, 0x4D, 0x5A, 0x3D, 0x5A, 0x08, 0x00 },
  { 0x08, 0x6A, 0x4D, 0x4A, 0x2D, 0x5A, 0x28, 0x00 },
  { 0x08, 0x7A, 0x5D, 0x5A, 0x5D, 0x5A, 0x08, 0x00 },
  { 0x08, 0x6A, 0x6D, 0x5A, 0x5D, 0x5A, 0x08, 0x00 }, // '쑐'
  { 0x08, 0x5A, 0x7D, 0x5A, 0x1D, 0x7A, 0x08, 0x00 },
  { 0x08, 0x5A, 0x7D, 0x7A, 0x5D, 0x7A, 0x08, 0x00 },
  { 0x08, 0x5A, 0x7D, 0x5A, 0x6D, 0x7A, 0x08, 0x00 },
  { 0x08, 0x5A, 0x7D, 0x5A, 0x4D, 0x3A, 0x48, 0x00 },
  { 0x08, 0x5A, 0x7D, 0x5A, 0x7D, 0x7A, 0x58, 0x00 },
  { 0x08, 0x5A, 0x7D, 0x7A, 0x5D, 0x7A, 0x58, 0x00 },
  { 0x08, 0x5A, 0x7D, 0x5A, 0x2D, 0x5A, 0x28, 0x00 },
  { 0x08, 0x7A, 0x5D, 0x5A, 0x5D, 0x7A, 0x08, 0x00 },
  { 0x08, 0x7A, 0x6D, 0x6A, 0x6D, 0x7A, 0x08, 0x00 },
  { 0x08, 0x7A, 0x6D, 0x7A, 0x4D, 0x3A, 0x48, 0x00 },
  { 0x08, 0x4A, 0x2D, 0x1A, 0x2D, 0x4A, 0x08, 0x00 },
  { 0x08, 0x4A, 0x3D, 0x4A, 0x3D, 0x4A, 0x08, 0x00 },
  { 0x08, 0x2A, 0x5D, 0x5A, 0x5D, 0x2A, 0x08, 0x00 },
  { 0x08, 0x5A, 0x3D, 0x1A, 0x3D, 0x5A, 0x08, 0x00 },
  { 0x08, 0x2A, 0x6D, 0x3A, 0x6D, 0x2A, 0x08, 0x00 },
  { 0x08, 0x1A, 0x3D, 0x3A, 0x3D, 0x7A, 0x08, 0x00 }, // '쑠'
  { 0x08, 0x7A, 0x7D, 0x7A, 0x7D, 0x5A, 0x08, 0x00 },
  { 0x08, 0x5A, 0x7D, 0x5A, 0x7D, 0x5A, 0x08, 0x00 },
  { 0x08, 0x2A, 0x6D, 0x5A, 0x6D, 0x2A, 0x08, 0x00 },
  { 0x10, 0x14, 0x13, 0x74, 0x13, 0x14, 0x10, 0x00 },
  { 0x08, 0x2A, 0x29, 0x3A, 0x29, 0x6A, 0x08, 0x00 },
  { 0x08, 0x2A, 0x29, 0x7A, 0x29, 0x6A, 0x08, 0x00 },
  { 0x08, 0x2A, 0x29, 0x7A, 0x49, 0x2A, 0x48, 0x00 },
  { 0x08, 0x6A, 0x49, 0x5A, 0x49, 0x4A, 0x08, 0x00 },
  { 0x04, 0x76, 0x45, 0x5E, 0x35, 0x56, 0x04, 0x00 },
  { 0x04, 0x76, 0x45, 0x5E, 0x35, 0x56, 0x34, 0x00 },
  { 0x04, 0x76, 0x55, 0x5E, 0x55, 0x56, 0x04, 0x00 },
  { 0x04, 0x16, 0x55, 0x7E, 0x55, 0x46, 0x04, 0x00 },
  { 0x04, 0x56, 0x75, 0x5E, 0x15, 0x76, 0x04, 0x00 },
  { 0x04, 0x56, 0x75, 0x7E, 0x55, 0x76, 0x04, 0x00 },
  { 0x04, 0x56, 0x75, 0x5E, 0x65, 0x76, 0x04, 0x00 },
  { 0x04, 0x56, 0x75, 0x5E, 0x45, 0x36, 0x44, 0x00 }, // '쑰'
  { 0x04, 0x56, 0x75, 0x5E, 0x75, 0x76, 0x54, 0x00 },
  { 0x04, 0x56, 0x75, 0x7E, 0x55, 0x76, 0x54, 0x00 },
  { 0x04, 0x56, 0x75, 0x5E, 0x25, 0x56, 0x24, 0x00 },
  { 0x04, 0x76, 0x55, 0x5E, 0x55, 0x76, 0x04, 0x00 },
  { 0x04, 0x76, 0x65, 0x6E, 0x65, 0x76, 0x04, 0x00 },
  { 0x04, 0x76, 0x65, 0x7E, 0x45, 0x36, 0x44, 0x00 },
  { 0x04, 0x46, 0x25, 0x1E, 0x25, 0x46, 0x04, 0x00 },
  { 0x04, 0x46, 0x35, 0x4E, 0x35, 0x46, 0x04, 0x00 },
  { 0x04, 0x26, 0x55, 0x5E, 0x55, 0x26, 0x04, 0x00 },
  { 0x04, 0x56, 0x35, 0x1E, 0x35, 0x56, 0x04, 0x00 },
  { 0x04, 0x26, 0x65, 0x3E, 0x65, 0x26, 0x04, 0x00 },
  { 0x04, 0x16, 0x35, 0x3E, 0x35, 0x76, 0x04, 0x00 },
  { 0x04, 0x76, 0x75, 0x7E, 0x75, 0x56, 0x04, 0x00 },
  { 0x04, 0x56, 0x75, 0x5E, 0x75, 0x56, 0x04, 0x00 },
  { 0x04, 0x26, 0x65, 0x5E, 0x65, 0x26, 0x04, 0x00 },
  { 0x14, 0x13, 0x74, 0x13, 0x14, 0x20, 0x7F, 0x00 }, // '쒀'
  { 0x0A, 0x29, 0x3A, 0x29, 0x2A, 0x30, 0x7F, 0x00 },
  { 0x0A, 0x29, 0x3A, 0x69, 0x2A, 0x30, 0x7F, 0x00 },
  { 0x0A, 0x29, 0x3A, 0x69, 0x4A, 0x30, 0x5F, 0x00 },
  { 0x0A, 0x69, 0x5A, 0x49, 0x4A, 0x50, 0x5F, 0x00 },
  { 0x06, 0x75, 0x4E, 0x45, 0x56, 0x38, 0x5F, 0x00 },
  { 0x06, 0x75, 0x4E, 0x45, 0x26, 0x58, 0x2F, 0x00 },
  { 0x06, 0x75, 0x5E, 0x55, 0x56, 0x58, 0x5F, 0x00 },
  { 0x06, 0x15, 0x5E, 0x75, 0x76, 0x58, 0x4F, 0x00 },
  { 0x06, 0x55, 0x7E, 0x55, 0x16, 0x18, 0x7F, 0x00 },
  { 0x06, 0x55, 0x7E, 0x55, 0x76, 0x58, 0x7F, 0x00 },
  { 0x06, 0x55, 0x7E, 0x55, 0x76, 0x68, 0x7F, 0x00 },
  { 0x06, 0x55, 0x7E, 0x55, 0x46, 0x38, 0x4F, 0x00 },
  { 0x06, 0x55, 0x7E, 0x55, 0x76, 0x78, 0x5F, 0x00 },
  { 0x06, 0x55, 0x7E, 0x75, 0x56, 0x78, 0x5F, 0x00 },
  { 0x06, 0x55, 0x7E, 0x55, 0x26, 0x58, 0x2F, 0x00 },
  { 0x06, 0x75, 0x5E, 0x55, 0x56, 0x58, 0x7F, 0x00 }, // '쒐'
  { 0x06, 0x75, 0x6E, 0x65, 0x66, 0x68, 0x7F, 0x00 },
  { 0x06, 0x75, 0x6E, 0x75, 0x46, 0x38, 0x4F, 0x00 },
  { 0x06, 0x45, 0x2E, 0x15, 0x26, 0x48, 0x0F, 0x00 },
  { 0x06, 0x4D, 0x36, 0x45, 0x36, 0x48, 0x0F, 0x00 },
  { 0x06, 0x25, 0x5E, 0x55, 0x56, 0x58, 0x2F, 0x00 },
  { 0x06, 0x55, 0x5E, 0x35, 0x36, 0x58, 0x5F, 0x00 },
  { 0x06, 0x25, 0x6E, 0x35, 0x26, 0x68, 0x2F, 0x00 },
  { 0x06, 0x15, 0x3E, 0x35, 0x36, 0x38, 0x7F, 0x00 },
  { 0x06, 0x75, 0x7E, 0x75, 0x76, 0x78, 0x5F, 0x00 },
  { 0x06, 0x55, 0x7E, 0x55, 0x56, 0x78, 0x5F, 0x00 },
  { 0x06, 0x25, 0x6E, 0x55, 0x66, 0x68, 0x2F, 0x00 },
  { 0x14, 0x13, 0x74, 0x13, 0x24, 0x7F, 0x7F, 0x00 },
  { 0x0A, 0x29, 0x3A, 0x29, 0x32, 0x3F, 0x7F, 0x00 },
  { 0x0A, 0x29, 0x3A, 0x69, 0x32, 0x3F, 0x7F, 0x00 },
  { 0x0A, 0x29, 0x3A, 0x69, 0x52, 0x3F, 0x5F, 0x00 },
  { 0x0A, 0x69, 0x5A, 0x49, 0x52, 0x5F, 0x5F, 0x00 }, // '쒠'
  { 0x06, 0x75, 0x4E, 0x45, 0x5A, 0x3F, 0x5F, 0x00 },
  { 0x06, 0x75, 0x4E, 0x45, 0x2A, 0x5F, 0x2F, 0x00 },
  { 0x06, 0x75, 0x5E, 0x55, 0x5A, 0x5F, 0x5F, 0x00 },
  { 0x06, 0x15, 0x5E, 0x75, 0x7A, 0x5F, 0x4F, 0x00 },
  { 0x06, 0x55, 0x7E, 0x55, 0x1A, 0x1F, 0x7F, 0x00 },
  { 0x06, 0x55, 0x7E, 0x55, 0x7A, 0x5F, 0x7F, 0x00 },
  { 0x06, 0x55, 0x7E, 0x55, 0x7A, 0x6F, 0x7F, 0x00 },
  { 0x06, 0x55, 0x7E, 0x55, 0x4A, 0x3F, 0x4F, 0x00 },
  { 0x06, 0x55, 0x7E, 0x55, 0x7A, 0x7F, 0x5F, 0x00 },
  { 0x06, 0x55, 0x7E, 0x75, 0x5A, 0x7F, 0x5F, 0x00 },
  { 0x06, 0x55, 0x7E, 0x55, 0x2A, 0x5F, 0x2F, 0x00 },
  { 0x06, 0x75, 0x5E, 0x55, 0x5A, 0x5F, 0x7F, 0x00 },
  { 0x06, 0x75, 0x6E, 0x65, 0x6A, 0x6F, 0x7F, 0x00 },
  { 0x06, 0x75, 0x6E, 0x75, 0x4A, 0x3F, 0x4F, 0x00 },
  { 0x06, 0x45, 0x2E, 0x15, 0x2A, 0x4F, 0x0F, 0x00 },
  { 0x06, 0x4D, 0x36, 0x45, 0x3A, 0x4F, 0x0F, 0x00 }, // '쒰'
  { 0x06, 0x25, 0x5E, 0x55, 0x5A, 0x5F, 0x2F, 0x00 },
  { 0x06, 0x55, 0x5E, 0x35, 0x3A, 0x5F, 0x5F, 0x00 },
  { 0x06, 0x25, 0x6E, 0x35, 0x2A, 0x6F, 0x2F, 0x00 },
  { 0x06, 0x15, 0x3E, 0x35, 0x3A, 0x3F, 0x7F, 0x00 },
  { 0x06, 0x75, 0x7E, 0x75, 0x7A, 0x7F, 0x5F, 0x00 },
  { 0x06, 0x55, 0x7E, 0x55, 0x5A, 0x7F, 0x5F, 0x00 },
  { 0x06, 0x25, 0x6E, 0x55, 0x6A, 0x6F, 0x2F, 0x00 },
  { 0x00, 0x14, 0x13, 0x74, 0x13, 0x14, 0x7F, 0x00 },
  { 0x00, 0x0A, 0x29, 0x3A, 0x29, 0x2A, 0x6F, 0x00 },
  { 0x00, 0x0A, 0x29, 0x3A, 0x69, 0x2A, 0x6F, 0x00 },
  { 0x0A, 0x29, 0x3A, 0x69, 0x4A, 0x2F, 0x40, 0x00 },
  { 0x00, 0x0A, 0x69, 0x5A, 0x49, 0x4A, 0x5F, 0x00 },
  { 0x00, 0x06, 0x75, 0x4E, 0x55, 0x36, 0x57, 0x00 },
  { 0x06, 0x75, 0x4E, 0x55, 0x36, 0x5F, 0x30, 0x00 },
  { 0x00, 0x06, 0x75, 0x5E, 0x55, 0x56, 0x57, 0x00 },
  { 0x00, 0x06, 0x15, 0x5E, 0x75, 0x56, 0x4F, 0x00 }, // '쓀'
  { 0x00, 0x06, 0x55, 0x7E, 0x55, 0x16, 0x77, 0x00 },
  { 0x00, 0x06, 0x55, 0x7E, 0x75, 0x56, 0x77, 0x00 },
  { 0x00, 0x06, 0x55, 0x7E, 0x55, 0x66, 0x77, 0x00 },
  { 0x06, 0x55, 0x7E, 0x55, 0x46, 0x37, 0x40, 0x00 },
  { 0x06, 0x55, 0x7E, 0x55, 0x76, 0x77, 0x50, 0x00 },
  { 0x06, 0x55, 0x7E, 0x75, 0x56, 0x77, 0x50, 0x00 },
  { 0x06, 0x55, 0x7E, 0x55, 0x36, 0x5F, 0x30, 0x00 },
  { 0x00, 0x06, 0x75, 0x5E, 0x55, 0x56, 0x77, 0x00 },
  { 0x00, 0x06, 0x75, 0x6E, 0x65, 0x66, 0x77, 0x00 },
  { 0x06, 0x75, 0x6E, 0x75, 0x46, 0x37, 0x40, 0x00 },
  { 0x00, 0x06, 0x45, 0x2E, 0x15, 0x26, 0x4F, 0x00 },
  { 0x00, 0x06, 0x4D, 0x36, 0x45, 0x36, 0x4F, 0x00 },
  { 0x00, 0x06, 0x25, 0x5E, 0x55, 0x56, 0x2F, 0x00 },
  { 0x00, 0x06, 0x55, 0x3E, 0x15, 0x36, 0x57, 0x00 },
  { 0x00, 0x06, 0x25, 0x6E, 0x35, 0x66, 0x2F, 0x00 },
  { 0x00, 0x06, 0x15, 0x3E, 0x35, 0x36, 0x77, 0x00 }, // '쓐'
  { 0x00, 0x06, 0x75, 0x7E, 0x75, 0x76, 0x57, 0x00 },
  { 0x00, 0x06, 0x55, 0x7E, 0x55, 0x76, 0x57, 0x00 },
  { 0x00, 0x06, 0x25, 0x6E, 0x55, 0x66, 0x2F, 0x00 },
  { 0x10, 0x14, 0x73, 0x14, 0x73, 0x14, 0x10, 0x00 },
  { 0x08, 0x2A, 0x39, 0x2A, 0x39, 0x6A, 0x08, 0x00 },
  { 0x08, 0x2A, 0x39, 0x6A, 0x39, 0x6A, 0x08, 0x00 },
  { 0x08, 0x2A, 0x39, 0x6A, 0x59, 0x2A, 0x48, 0x00 },
  { 0x08, 0x6A, 0x59, 0x4A, 0x59, 0x4A, 0x08, 0x00 },
  { 0x04, 0x76, 0x4D, 0x56, 0x3D, 0x56, 0x04, 0x00 },
  { 0x04, 0x76, 0x4D, 0x56, 0x3D, 0x56, 0x34, 0x00 },
  { 0x04, 0x76, 0x5D, 0x56, 0x5D, 0x56, 0x04, 0x00 },
  { 0x04, 0x16, 0x5D, 0x76, 0x5D, 0x46, 0x04, 0x00 },
  { 0x04, 0x56, 0x7D, 0x56, 0x1D, 0x76, 0x04, 0x00 },
  { 0x04, 0x56, 0x7D, 0x76, 0x5D, 0x76, 0x04, 0x00 },
  { 0x04, 0x56, 0x7D, 0x56, 0x6D, 0x76, 0x04, 0x00 },
  { 0x04, 0x56, 0x7D, 0x56, 0x4D, 0x36, 0x44, 0x00 }, // '쓠'
  { 0x04, 0x56, 0x7D, 0x56, 0x7D, 0x76, 0x54, 0x00 },
  { 0x04, 0x56, 0x7D, 0x76, 0x5D, 0x76, 0x54, 0x00 },
  { 0x04, 0x56, 0x7D, 0x56, 0x2D, 0x56, 0x24, 0x00 },
  { 0x04, 0x76, 0x5D, 0x56, 0x5D, 0x76, 0x04, 0x00 },
  { 0x04, 0x76, 0x6D, 0x66, 0x6D, 0x76, 0x04, 0x00 },
  { 0x04, 0x76, 0x6D, 0x76, 0x4D, 0x36, 0x44, 0x00 },
  { 0x04, 0x46, 0x2D, 0x16, 0x2D, 0x46, 0x04, 0x00 },
  { 0x04, 0x46, 0x2D, 0x46, 0x2D, 0x46, 0x04, 0x00 },
  { 0x04, 0x26, 0x5D, 0x56, 0x5D, 0x26, 0x04, 0x00 },
  { 0x04, 0x56, 0x3D, 0x16, 0x3D, 0x56, 0x04, 0x00 },
  { 0x04, 0x26, 0x6D, 0x36, 0x6D, 0x26, 0x04, 0x00 },
  { 0x04, 0x16, 0x3D, 0x36, 0x3D, 0x76, 0x04, 0x00 },
  { 0x04, 0x76, 0x7D, 0x76, 0x7D, 0x56, 0x04, 0x00 },
  { 0x04, 0x56, 0x7D, 0x56, 0x7D, 0x56, 0x04, 0x00 },
  { 0x04, 0x26, 0x6D, 0x56, 0x6D, 0x26, 0x04, 0x00 },
  { 0x20, 0x2C, 0x23, 0x2C, 0x23, 0x2C, 0x20, 0x00 }, // '쓰'
  { 0x08, 0x2A, 0x29, 0x2A, 0x29, 0x6A, 0x08, 0x00 },
  { 0x08, 0x2A, 0x29, 0x6A, 0x29, 0x6A, 0x08, 0x00 },
  { 0x08, 0x2A, 0x29, 0x6A, 0x49, 0x2A, 0x48, 0x00 },
  { 0x08, 0x6A, 0x49, 0x4A, 0x49, 0x4A, 0x08, 0x00 },
  { 0x04, 0x76, 0x45, 0x56, 0x35, 0x56, 0x04, 0x00 },
  { 0x04, 0x76, 0x45, 0x56, 0x35, 0x56, 0x34, 0x00 },
  { 0x04, 0x76, 0x55, 0x56, 0x55, 0x56, 0x04, 0x00 },
  { 0x08, 0x6A, 0x69, 0x5A, 0x59, 0x5A, 0x08, 0x00 },
  { 0x08, 0x6A, 0x59, 0x5A, 0x19, 0x7A, 0x08, 0x00 },
  { 0x08, 0x6A, 0x59, 0x7A, 0x59, 0x7A, 0x08, 0x00 },
  { 0x08, 0x6A, 0x59, 0x7A, 0x69, 0x7A, 0x08, 0x00 },
  { 0x08, 0x6A, 0x59, 0x5A, 0x49, 0x3A, 0x48, 0x00 },
  { 0x08, 0x6A, 0x59, 0x7A, 0x79, 0x5A, 0x08, 0x00 },
  { 0x08, 0x6A, 0x59, 0x7A, 0x59, 0x7A, 0x58, 0x00 },
  { 0x08, 0x6A, 0x59, 0x5A, 0x29, 0x5A, 0x28, 0x00 },
  { 0x04, 0x76, 0x55, 0x56, 0x55, 0x76, 0x04, 0x00 }, // '씀'
  { 0x08, 0x7A, 0x69, 0x6A, 0x69, 0x7A, 0x08, 0x00 },
  { 0x08, 0x7A, 0x69, 0x7A, 0x49, 0x3A, 0x48, 0x00 },
  { 0x08, 0x4A, 0x29, 0x1A, 0x29, 0x4A, 0x08, 0x00 },
  { 0x08, 0x4A, 0x39, 0x4A, 0x39, 0x4A, 0x08, 0x00 },
  { 0x04, 0x26, 0x55, 0x56, 0x55, 0x26, 0x04, 0x00 },
  { 0x04, 0x56, 0x35, 0x16, 0x35, 0x56, 0x04, 0x00 },
  { 0x04, 0x56, 0x35, 0x1E, 0x35, 0x56, 0x04, 0x00 },
  { 0x04, 0x16, 0x35, 0x36, 0x35, 0x76, 0x04, 0x00 },
  { 0x04, 0x7E, 0x5D, 0x5E, 0x5D, 0x4E, 0x04, 0x00 },
  { 0x04, 0x56, 0x75, 0x56, 0x75, 0x56, 0x04, 0x00 },
  { 0x04, 0x16, 0x35, 0x5E, 0x35, 0x16, 0x04, 0x00 },
  { 0x00, 0x2C, 0x23, 0x2C, 0x23, 0x2C, 0x7F, 0x00 },
  { 0x00, 0x0A, 0x29, 0x2A, 0x29, 0x2A, 0x6F, 0x00 },
  { 0x00, 0x0A, 0x29, 0x2A, 0x69, 0x2A, 0x6F, 0x00 },
  { 0x0A, 0x29, 0x2A, 0x69, 0x4A, 0x2F, 0x40, 0x00 },
  { 0x00, 0x0A, 0x69, 0x4A, 0x49, 0x4A, 0x5F, 0x00 }, // '씐'
  { 0x00, 0x06, 0x75, 0x46, 0x55, 0x36, 0x57, 0x00 },
  { 0x06, 0x75, 0x46, 0x55, 0x36, 0x5F, 0x30, 0x00 },
  { 0x00, 0x06, 0x75, 0x56, 0x55, 0x56, 0x57, 0x00 },
  { 0x00, 0x0A, 0x69, 0x6A, 0x59, 0x5A, 0x5F, 0x00 },
  { 0x00, 0x0A, 0x69, 0x5A, 0x59, 0x1A, 0x7F, 0x00 },
  { 0x00, 0x0A, 0x69, 0x5A, 0x79, 0x5A, 0x7F, 0x00 },
  { 0x00, 0x0A, 0x69, 0x5A, 0x79, 0x6A, 0x7F, 0x00 },
  { 0x0A, 0x69, 0x5A, 0x59, 0x4A, 0x3F, 0x40, 0x00 },
  { 0x00, 0x0A, 0x69, 0x5A, 0x79, 0x7A, 0x5F, 0x00 },
  { 0x0A, 0x69, 0x5A, 0x79, 0x5A, 0x7F, 0x50, 0x00 },
  { 0x0A, 0x69, 0x5A, 0x59, 0x2A, 0x5F, 0x20, 0x00 },
  { 0x00, 0x06, 0x75, 0x56, 0x55, 0x56, 0x77, 0x00 },
  { 0x00, 0x0A, 0x79, 0x6A, 0x69, 0x6A, 0x7F, 0x00 },
  { 0x0A, 0x79, 0x6A, 0x79, 0x4A, 0x3F, 0x40, 0x00 },
  { 0x00, 0x0A, 0x49, 0x2A, 0x19, 0x2A, 0x4F, 0x00 },
  { 0x00, 0x0A, 0x49, 0x3A, 0x49, 0x3A, 0x4F, 0x00 }, // '씠'
  { 0x00, 0x06, 0x25, 0x56, 0x55, 0x56, 0x27, 0x00 },
  { 0x00, 0x06, 0x55, 0x36, 0x15, 0x36, 0x57, 0x00 },
  { 0x00, 0x06, 0x55, 0x36, 0x1D, 0x36, 0x57, 0x00 },
  { 0x00, 0x06, 0x15, 0x36, 0x35, 0x36, 0x77, 0x00 },
  { 0x00, 0x06, 0x7D, 0x5E, 0x5D, 0x5E, 0x4F, 0x00 },
  { 0x00, 0x06, 0x55, 0x76, 0x55, 0x76, 0x57, 0x00 },
  { 0x00, 0x06, 0x15, 0x36, 0x5D, 0x36, 0x17, 0x00 },
  { 0x00, 0x38, 0x07, 0x38, 0x07, 0x38, 0x7F, 0x00 },
  { 0x00, 0x0C, 0x23, 0x2C, 0x23, 0x2C, 0x6F, 0x00 },
  { 0x00, 0x0C, 0x23, 0x2C, 0x63, 0x2C, 0x6F, 0x00 },
  { 0x0C, 0x23, 0x2C, 0x63, 0x4C, 0x2F, 0x40, 0x00 },
  { 0x00, 0x0C, 0x63, 0x4C, 0x43, 0x4C, 0x5F, 0x00 },
  { 0x00, 0x04, 0x73, 0x44, 0x53, 0x34, 0x57, 0x00 },
  { 0x04, 0x73, 0x44, 0x53, 0x34, 0x5F, 0x30, 0x00 },
  { 0x00, 0x04, 0x73, 0x54, 0x53, 0x54, 0x57, 0x00 },
  { 0x00, 0x04, 0x6B, 0x6C, 0x5B, 0x5C, 0x5F, 0x00 }, // '씰'
  { 0x00, 0x04, 0x6B, 0x5C, 0x5B, 0x0C, 0x7F, 0x00 },
  { 0x00, 0x04, 0x6B, 0x5C, 0x7B, 0x4C, 0x7F, 0x00 },
  { 0x00, 0x04, 0x6B, 0x5C, 0x7B, 0x54, 0x7F, 0x00 },
  { 0x04, 0x6B, 0x5C, 0x5B, 0x44, 0x37, 0x40, 0x00 },
  { 0x00, 0x04, 0x6B, 0x5C, 0x7B, 0x5C, 0x4F, 0x00 },
  { 0x04, 0x6B, 0x5C, 0x7B, 0x4C, 0x7F, 0x48, 0x00 },
  { 0x04, 0x6B, 0x5C, 0x5B, 0x34, 0x5F, 0x30, 0x00 },
  { 0x00, 0x04, 0x73, 0x54, 0x53, 0x54, 0x77, 0x00 },
  { 0x00, 0x0C, 0x73, 0x6C, 0x63, 0x6C, 0x7F, 0x00 },
  { 0x0C, 0x73, 0x6C, 0x73, 0x4C, 0x2F, 0x40, 0x00 },
  { 0x00, 0x0C, 0x43, 0x2C, 0x13, 0x2C, 0x4F, 0x00 },
  { 0x00, 0x04, 0x43, 0x34, 0x43, 0x34, 0x4F, 0x00 },
  { 0x00, 0x04, 0x23, 0x54, 0x53, 0x54, 0x2F, 0x00 },
  { 0x00, 0x04, 0x53, 0x34, 0x13, 0x34, 0x57, 0x00 },
  { 0x00, 0x04, 0x53, 0x34, 0x1B, 0x34, 0x57, 0x00 },
  { 0x00, 0x04, 0x13, 0x34, 0x33, 0x34, 0x77, 0x00 }, // '앀'
  { 0x00, 0x04, 0x7B, 0x5C, 0x5B, 0x5C, 0x4F, 0x00 },
  { 0x00, 0x04, 0x53, 0x74, 0x53, 0x74, 0x57, 0x00 },
  { 0x00, 0x04, 0x13, 0x34, 0x5B, 0x34, 0x17, 0x00 },
  { 0x1E, 0x21, 0x21, 0x1E, 0x00, 0x7F, 0x08, 0x00 },
  { 0x06, 0x29, 0x29, 0x26, 0x20, 0x6F, 0x02, 0x00 },
  { 0x06, 0x29, 0x29, 0x66, 0x20, 0x6F, 0x02, 0x00 },
  { 0x06, 0x29, 0x29, 0x66, 0x40, 0x2F, 0x42, 0x00 },
  { 0x06, 0x69, 0x49, 0x46, 0x40, 0x5F, 0x04, 0x00 },
  { 0x06, 0x69, 0x49, 0x56, 0x30, 0x5F, 0x02, 0x00 },
  { 0x06, 0x69, 0x49, 0x56, 0x30, 0x5F, 0x32, 0x00 },
  { 0x02, 0x75, 0x55, 0x52, 0x50, 0x57, 0x02, 0x00 },
  { 0x02, 0x6D, 0x6D, 0x5A, 0x58, 0x5F, 0x02, 0x00 },
  { 0x02, 0x6D, 0x5D, 0x5A, 0x08, 0x7F, 0x02, 0x00 },
  { 0x02, 0x6D, 0x5D, 0x7A, 0x48, 0x7F, 0x02, 0x00 },
  { 0x02, 0x6D, 0x5D, 0x7A, 0x50, 0x7F, 0x02, 0x00 },
  { 0x02, 0x6D, 0x5D, 0x5A, 0x40, 0x37, 0x42, 0x00 }, // '앐'
  { 0x02, 0x6D, 0x5D, 0x7A, 0x58, 0x4F, 0x02, 0x00 },
  { 0x02, 0x6D, 0x5D, 0x7A, 0x48, 0x7F, 0x4A, 0x00 },
  { 0x02, 0x6D, 0x5D, 0x5A, 0x30, 0x5F, 0x32, 0x00 },
  { 0x02, 0x75, 0x55, 0x52, 0x50, 0x77, 0x02, 0x00 },
  { 0x06, 0x79, 0x69, 0x66, 0x60, 0x7F, 0x02, 0x00 },
  { 0x06, 0x79, 0x69, 0x76, 0x40, 0x37, 0x42, 0x00 },
  { 0x06, 0x49, 0x29, 0x16, 0x20, 0x4F, 0x02, 0x00 },
  { 0x06, 0x49, 0x39, 0x46, 0x30, 0x4F, 0x02, 0x00 },
  { 0x02, 0x25, 0x55, 0x52, 0x50, 0x27, 0x02, 0x00 },
  { 0x02, 0x55, 0x35, 0x12, 0x30, 0x57, 0x02, 0x00 },
  { 0x02, 0x55, 0x35, 0x1A, 0x30, 0x57, 0x02, 0x00 },
  { 0x02, 0x15, 0x35, 0x32, 0x30, 0x77, 0x02, 0x00 },
  { 0x02, 0x7D, 0x5D, 0x5A, 0x58, 0x4F, 0x02, 0x00 },
  { 0x02, 0x55, 0x75, 0x52, 0x70, 0x57, 0x02, 0x00 },
  { 0x02, 0x15, 0x35, 0x5A, 0x30, 0x17, 0x02, 0x00 },
  { 0x1E, 0x21, 0x1E, 0x00, 0x7F, 0x08, 0x7F, 0x00 }, // '애'
  { 0x06, 0x29, 0x26, 0x20, 0x2F, 0x22, 0x6F, 0x00 },
  { 0x06, 0x29, 0x26, 0x60, 0x2F, 0x22, 0x6F, 0x00 },
  { 0x06, 0x29, 0x26, 0x60, 0x4F, 0x22, 0x4F, 0x00 },
  { 0x06, 0x69, 0x46, 0x40, 0x5F, 0x44, 0x5F, 0x00 },
  { 0x02, 0x75, 0x45, 0x42, 0x57, 0x32, 0x57, 0x00 },
  { 0x02, 0x75, 0x45, 0x52, 0x37, 0x5A, 0x37, 0x00 },
  { 0x02, 0x75, 0x55, 0x52, 0x57, 0x52, 0x57, 0x00 },
  { 0x02, 0x6D, 0x6D, 0x5A, 0x5F, 0x5A, 0x5F, 0x00 },
  { 0x02, 0x6D, 0x5D, 0x5A, 0x0F, 0x0A, 0x7F, 0x00 },
  { 0x02, 0x6D, 0x5D, 0x5A, 0x7F, 0x4A, 0x7F, 0x00 },
  { 0x02, 0x6D, 0x5D, 0x5A, 0x7F, 0x52, 0x7F, 0x00 },
  { 0x02, 0x6D, 0x5D, 0x5A, 0x47, 0x3A, 0x47, 0x00 },
  { 0x02, 0x6D, 0x5D, 0x5A, 0x7F, 0x5A, 0x4F, 0x00 },
  { 0x02, 0x6D, 0x5D, 0x7A, 0x4F, 0x7A, 0x4F, 0x00 },
  { 0x02, 0x6D, 0x5D, 0x5A, 0x37, 0x5A, 0x37, 0x00 },
  { 0x02, 0x75, 0x55, 0x52, 0x57, 0x52, 0x77, 0x00 }, // '앰'
  { 0x02, 0x75, 0x65, 0x62, 0x67, 0x62, 0x77, 0x00 },
  { 0x02, 0x75, 0x65, 0x72, 0x47, 0x32, 0x47, 0x00 },
  { 0x06, 0x49, 0x26, 0x10, 0x2F, 0x42, 0x0F, 0x00 },
  { 0x06, 0x49, 0x36, 0x40, 0x37, 0x42, 0x0F, 0x00 },
  { 0x02, 0x25, 0x55, 0x52, 0x57, 0x52, 0x27, 0x00 },
  { 0x02, 0x55, 0x55, 0x32, 0x37, 0x52, 0x57, 0x00 },
  { 0x02, 0x55, 0x55, 0x3A, 0x37, 0x52, 0x57, 0x00 },
  { 0x02, 0x15, 0x35, 0x32, 0x37, 0x32, 0x77, 0x00 },
  { 0x02, 0x7D, 0x5D, 0x5A, 0x5F, 0x5A, 0x4F, 0x00 },
  { 0x02, 0x55, 0x75, 0x52, 0x57, 0x72, 0x57, 0x00 },
  { 0x02, 0x15, 0x35, 0x5A, 0x57, 0x32, 0x17, 0x00 },
  { 0x1E, 0x21, 0x21, 0x1E, 0x00, 0x7F, 0x12, 0x00 },
  { 0x06, 0x29, 0x29, 0x26, 0x20, 0x7F, 0x0A, 0x00 },
  { 0x06, 0x29, 0x29, 0x66, 0x20, 0x7F, 0x0A, 0x00 },
  { 0x06, 0x29, 0x29, 0x66, 0x40, 0x3F, 0x4A, 0x00 },
  { 0x06, 0x69, 0x49, 0x46, 0x40, 0x5F, 0x0A, 0x00 }, // '얀'
  { 0x06, 0x69, 0x49, 0x46, 0x50, 0x3F, 0x55, 0x00 },
  { 0x06, 0x69, 0x49, 0x56, 0x30, 0x5F, 0x35, 0x00 },
  { 0x02, 0x75, 0x55, 0x52, 0x50, 0x5F, 0x05, 0x00 },
  { 0x02, 0x6D, 0x6D, 0x5A, 0x58, 0x5F, 0x05, 0x00 },
  { 0x02, 0x6D, 0x5D, 0x5A, 0x08, 0x7F, 0x05, 0x00 },
  { 0x02, 0x6D, 0x5D, 0x7A, 0x48, 0x7F, 0x05, 0x00 },
  { 0x02, 0x6D, 0x5D, 0x7A, 0x50, 0x7F, 0x05, 0x00 },
  { 0x02, 0x6D, 0x5D, 0x5A, 0x40, 0x2F, 0x45, 0x00 },
  { 0x02, 0x6D, 0x5D, 0x7A, 0x58, 0x4F, 0x05, 0x00 },
  { 0x02, 0x6D, 0x5D, 0x7A, 0x50, 0x7F, 0x55, 0x00 },
  { 0x02, 0x6D, 0x5D, 0x5A, 0x30, 0x5F, 0x35, 0x00 },
  { 0x02, 0x75, 0x55, 0x52, 0x50, 0x7F, 0x05, 0x00 },
  { 0x06, 0x79, 0x69, 0x66, 0x60, 0x7F, 0x0A, 0x00 },
  { 0x06, 0x79, 0x69, 0x76, 0x40, 0x3F, 0x4A, 0x00 },
  { 0x06, 0x49, 0x29, 0x16, 0x20, 0x5F, 0x0A, 0x00 },
  { 0x06, 0x49, 0x39, 0x46, 0x30, 0x4F, 0x0A, 0x00 }, // '얐'
  { 0x02, 0x25, 0x55, 0x52, 0x50, 0x2F, 0x05, 0x00 },
  { 0x02, 0x55, 0x35, 0x12, 0x30, 0x5F, 0x05, 0x00 },
  { 0x02, 0x55, 0x35, 0x1A, 0x30, 0x5F, 0x05, 0x00 },
  { 0x02, 0x15, 0x35, 0x32, 0x30, 0x7F, 0x05, 0x00 },
  { 0x02, 0x7D, 0x5D, 0x5A, 0x58, 0x4F, 0x05, 0x00 },
  { 0x02, 0x55, 0x75, 0x52, 0x70, 0x5F, 0x05, 0x00 },
  { 0x02, 0x15, 0x35, 0x5A, 0x30, 0x1F, 0x05, 0x00 },
  { 0x1E, 0x21, 0x1E, 0x00, 0x7F, 0x12, 0x7F, 0x00 },
  { 0x06, 0x29, 0x26, 0x20, 0x3F, 0x2A, 0x7F, 0x00 },
  { 0x06, 0x29, 0x26, 0x60, 0x3F, 0x2A, 0x7F, 0x00 },
  { 0x06, 0x29, 0x26, 0x60, 0x5F, 0x2A, 0x5F, 0x00 },
  { 0x06, 0x69, 0x46, 0x40, 0x5F, 0x4A, 0x5F, 0x00 },
  { 0x02, 0x75, 0x45, 0x42, 0x5F, 0x35, 0x5F, 0x00 },
  { 0x02, 0x75, 0x45, 0x52, 0x3F, 0x55, 0x3F, 0x00 },
  { 0x02, 0x75, 0x55, 0x52, 0x5F, 0x55, 0x5F, 0x00 },
  { 0x02, 0x6D, 0x6D, 0x5A, 0x5F, 0x55, 0x5F, 0x00 }, // '얠'
  { 0x02, 0x6D, 0x5D, 0x5A, 0x1F, 0x15, 0x7F, 0x00 },
  { 0x02, 0x6D, 0x5D, 0x5A, 0x7F, 0x55, 0x7F, 0x00 },
  { 0x02, 0x6D, 0x5D, 0x5A, 0x7F, 0x65, 0x7F, 0x00 },
  { 0x02, 0x6D, 0x5D, 0x5A, 0x4F, 0x35, 0x4F, 0x00 },
  { 0x02, 0x6D, 0x5D, 0x5A, 0x7F, 0x55, 0x4F, 0x00 },
  { 0x02, 0x6D, 0x5D, 0x7A, 0x5F, 0x75, 0x5F, 0x00 },
  { 0x02, 0x6D, 0x5D, 0x5A, 0x3F, 0x55, 0x3F, 0x00 },
  { 0x02, 0x75, 0x55, 0x52, 0x5F, 0x55, 0x7F, 0x00 },
  { 0x02, 0x75, 0x65, 0x62, 0x6F, 0x65, 0x7F, 0x00 },
  { 0x02, 0x75, 0x65, 0x72, 0x4F, 0x35, 0x4F, 0x00 },
  { 0x06, 0x49, 0x26, 0x10, 0x2F, 0x4A, 0x0F, 0x00 },
  { 0x06, 0x49, 0x36, 0x40, 0x3F, 0x4A, 0x0F, 0x00 },
  { 0x02, 0x25, 0x55, 0x52, 0x5F, 0x55, 0x2F, 0x00 },
  { 0x02, 0x55, 0x55, 0x32, 0x3F, 0x55, 0x5F, 0x00 },
  { 0x02, 0x55, 0x55, 0x3A, 0x37, 0x55, 0x5F, 0x00 },
  { 0x02, 0x15, 0x35, 0x32, 0x3F, 0x35, 0x7F, 0x00 }, // '얰'
  { 0x02, 0x7D, 0x5D, 0x5A, 0x5F, 0x55, 0x4F, 0x00 },
  { 0x02, 0x55, 0x75, 0x52, 0x5F, 0x75, 0x5F, 0x00 },
  { 0x02, 0x15, 0x35, 0x5A, 0x57, 0x35, 0x1F, 0x00 },
  { 0x00, 0x1E, 0x21, 0x21, 0x1E, 0x04, 0x7F, 0x00 },
  { 0x00, 0x06, 0x29, 0x29, 0x26, 0x22, 0x6F, 0x00 },
  { 0x00, 0x06, 0x29, 0x29, 0x66, 0x22, 0x6F, 0x00 },
  { 0x06, 0x29, 0x29, 0x66, 0x42, 0x2F, 0x40, 0x00 },
  { 0x00, 0x06, 0x69, 0x49, 0x46, 0x42, 0x5F, 0x00 },
  { 0x00, 0x06, 0x69, 0x49, 0x56, 0x32, 0x5F, 0x00 },
  { 0x06, 0x69, 0x49, 0x56, 0x32, 0x5F, 0x30, 0x00 },
  { 0x00, 0x02, 0x75, 0x55, 0x52, 0x52, 0x57, 0x00 },
  { 0x00, 0x02, 0x6D, 0x6D, 0x5A, 0x5A, 0x5F, 0x00 },
  { 0x00, 0x02, 0x6D, 0x5D, 0x5A, 0x0A, 0x7F, 0x00 },
  { 0x00, 0x02, 0x6D, 0x5D, 0x7A, 0x4A, 0x7F, 0x00 },
  { 0x00, 0x02, 0x6D, 0x5D, 0x7A, 0x52, 0x7F, 0x00 },
  { 0x02, 0x6D, 0x5D, 0x5A, 0x42, 0x37, 0x40, 0x00 }, // '엀'
  { 0x00, 0x02, 0x6D, 0x5D, 0x7A, 0x5A, 0x4F, 0x00 },
  { 0x02, 0x6D, 0x5D, 0x7A, 0x4A, 0x7F, 0x48, 0x00 },
  { 0x02, 0x6D, 0x5D, 0x5A, 0x32, 0x5F, 0x30, 0x00 },
  { 0x00, 0x02, 0x75, 0x55, 0x52, 0x52, 0x77, 0x00 },
  { 0x00, 0x06, 0x79, 0x69, 0x66, 0x62, 0x7F, 0x00 },
  { 0x06, 0x79, 0x69, 0x76, 0x42, 0x37, 0x40, 0x00 },
  { 0x00, 0x06, 0x49, 0x29, 0x16, 0x22, 0x4F, 0x00 },
  { 0x00, 0x06, 0x49, 0x39, 0x46, 0x32, 0x4F, 0x00 },
  { 0x00, 0x02, 0x25, 0x55, 0x52, 0x52, 0x27, 0x00 },
  { 0x00, 0x02, 0x55, 0x35, 0x12, 0x32, 0x57, 0x00 },
  { 0x00, 0x02, 0x55, 0x35, 0x1A, 0x32, 0x57, 0x00 },
  { 0x00, 0x02, 0x15, 0x35, 0x32, 0x32, 0x77, 0x00 },
  { 0x00, 0x02, 0x7D, 0x5D, 0x5A, 0x5A, 0x4F, 0x00 },
  { 0x00, 0x02, 0x55, 0x75, 0x52, 0x72, 0x57, 0x00 },
  { 0x00, 0x02, 0x15, 0x35, 0x5A, 0x32, 0x17, 0x00 },
  { 0x1E, 0x21, 0x1E, 0x04, 0x7F, 0x00, 0x7F, 0x00 }, // '에'
  { 0x06, 0x29, 0x26, 0x22, 0x2F, 0x20, 0x6F, 0x00 },
  { 0x06, 0x29, 0x26, 0x62, 0x2F, 0x20, 0x6F, 0x00 },
  { 0x06, 0x29, 0x26, 0x62, 0x4F, 0x20, 0x4F, 0x00 },
  { 0x06, 0x69, 0x46, 0x42, 0x5F, 0x40, 0x5F, 0x00 },
  { 0x06, 0x69, 0x46, 0x42, 0x5F, 0x30, 0x5F, 0x00 },
  { 0x06, 0x69, 0x46, 0x42, 0x2F, 0x50, 0x2F, 0x00 },
  { 0x06, 0x79, 0x56, 0x52, 0x5F, 0x50, 0x5F, 0x00 },
  { 0x06, 0x69, 0x6E, 0x5A, 0x5F, 0x58, 0x5F, 0x00 },
  { 0x06, 0x69, 0x5E, 0x5A, 0x1F, 0x10, 0x7F, 0x00 },
  { 0x06, 0x69, 0x5E, 0x5A, 0x7F, 0x50, 0x7F, 0x00 },
  { 0x06, 0x69, 0x5E, 0x5A, 0x7F, 0x60, 0x7F, 0x00 },
  { 0x06, 0x69, 0x5E, 0x5A, 0x4F, 0x30, 0x4F, 0x00 },
  { 0x06, 0x69, 0x5E, 0x5A, 0x7F, 0x70, 0x5F, 0x00 },
  { 0x06, 0x69, 0x5E, 0x7A, 0x5F, 0x70, 0x5F, 0x00 },
  { 0x06, 0x69, 0x5E, 0x5A, 0x37, 0x58, 0x37, 0x00 },
  { 0x06, 0x79, 0x56, 0x52, 0x5F, 0x50, 0x7F, 0x00 }, // '엠'
  { 0x06, 0x79, 0x66, 0x62, 0x6F, 0x60, 0x7F, 0x00 },
  { 0x06, 0x79, 0x66, 0x72, 0x4F, 0x30, 0x4F, 0x00 },
  { 0x06, 0x49, 0x26, 0x12, 0x2F, 0x40, 0x0F, 0x00 },
  { 0x06, 0x49, 0x36, 0x42, 0x37, 0x40, 0x0F, 0x00 },
  { 0x06, 0x29, 0x56, 0x52, 0x5F, 0x50, 0x2F, 0x00 },
  { 0x06, 0x59, 0x56, 0x32, 0x3F, 0x50, 0x5F, 0x00 },
  { 0x06, 0x59, 0x56, 0x3A, 0x37, 0x50, 0x5F, 0x00 },
  { 0x06, 0x19, 0x36, 0x32, 0x3F, 0x30, 0x7F, 0x00 },
  { 0x06, 0x79, 0x5E, 0x5A, 0x5F, 0x58, 0x4F, 0x00 },
  { 0x06, 0x59, 0x76, 0x52, 0x5F, 0x70, 0x5F, 0x00 },
  { 0x06, 0x19, 0x36, 0x5A, 0x57, 0x30, 0x1F, 0x00 },
  { 0x00, 0x1E, 0x21, 0x21, 0x1E, 0x0A, 0x7F, 0x00 },
  { 0x00, 0x06, 0x29, 0x29, 0x26, 0x2A, 0x7F, 0x00 },
  { 0x00, 0x06, 0x29, 0x29, 0x66, 0x2A, 0x7F, 0x00 },
  { 0x06, 0x29, 0x29, 0x66, 0x4A, 0x3F, 0x40, 0x00 },
  { 0x00, 0x06, 0x69, 0x49, 0x46, 0x4A, 0x5F, 0x00 }, // '연'
  { 0x00, 0x06, 0x69, 0x49, 0x56, 0x35, 0x5F, 0x00 },
  { 0x06, 0x69, 0x49, 0x56, 0x35, 0x5F, 0x30, 0x00 },
  { 0x00, 0x02, 0x75, 0x55, 0x52, 0x55, 0x5F, 0x00 },
  { 0x00, 0x02, 0x6D, 0x6D, 0x5A, 0x55, 0x5F, 0x00 },
  { 0x00, 0x02, 0x6D, 0x5D, 0x5A, 0x15, 0x7F, 0x00 },
  { 0x00, 0x02, 0x6D, 0x5D, 0x7A, 0x55, 0x7F, 0x00 },
  { 0x00, 0x02, 0x6D, 0x5D, 0x7A, 0x65, 0x7F, 0x00 },
  { 0x02, 0x6D, 0x5D, 0x5A, 0x45, 0x3F, 0x40, 0x00 },
  { 0x00, 0x02, 0x6D, 0x5D, 0x7A, 0x55, 0x4F, 0x00 },
  { 0x02, 0x6D, 0x5D, 0x7A, 0x55, 0x7F, 0x50, 0x00 },
  { 0x02, 0x6D, 0x5D, 0x5A, 0x35, 0x5F, 0x30, 0x00 },
  { 0x00, 0x02, 0x75, 0x55, 0x52, 0x55, 0x7F, 0x00 },
  { 0x00, 0x06, 0x79, 0x69, 0x66, 0x6A, 0x7F, 0x00 },
  { 0x06, 0x79, 0x69, 0x76, 0x4A, 0x3F, 0x40, 0x00 },
  { 0x00, 0x06, 0x49, 0x29, 0x16, 0x25, 0x4F, 0x00 },
  { 0x00, 0x06, 0x49, 0x39, 0x46, 0x35, 0x4F, 0x00 }, // '였'
  { 0x00, 0x02, 0x25, 0x55, 0x52, 0x55, 0x2F, 0x00 },
  { 0x00, 0x02, 0x55, 0x35, 0x12, 0x35, 0x5F, 0x00 },
  { 0x00, 0x02, 0x55, 0x35, 0x1A, 0x35, 0x5F, 0x00 },
  { 0x00, 0x02, 0x15, 0x35, 0x32, 0x35, 0x7F, 0x00 },
  { 0x00, 0x02, 0x7D, 0x5D, 0x5A, 0x55, 0x4F, 0x00 },
  { 0x00, 0x02, 0x55, 0x75, 0x52, 0x75, 0x5F, 0x00 },
  { 0x00, 0x02, 0x15, 0x35, 0x5A, 0x35, 0x1F, 0x00 },
  { 0x1E, 0x21, 0x1E, 0x12, 0x7F, 0x00, 0x7F, 0x00 },
  { 0x06, 0x29, 0x26, 0x2A, 0x3F, 0x20, 0x7F, 0x00 },
  { 0x06, 0x29, 0x26, 0x6A, 0x3F, 0x20, 0x7F, 0x00 },
  { 0x06, 0x29, 0x26, 0x6A, 0x5F, 0x20, 0x5F, 0x00 },
  { 0x06, 0x69, 0x46, 0x4A, 0x5F, 0x40, 0x5F, 0x00 },
  { 0x06, 0x69, 0x46, 0x4A, 0x5F, 0x30, 0x5F, 0x00 },
  { 0x06, 0x69, 0x46, 0x4A, 0x2F, 0x50, 0x2F, 0x00 },
  { 0x06, 0x79, 0x56, 0x55, 0x5F, 0x50, 0x5F, 0x00 },
  { 0x06, 0x69, 0x6E, 0x55, 0x5F, 0x58, 0x5F, 0x00 }, // '옐'
  { 0x06, 0x69, 0x5E, 0x55, 0x1F, 0x10, 0x7F, 0x00 },
  { 0x06, 0x69, 0x5E, 0x55, 0x7F, 0x50, 0x7F, 0x00 },
  { 0x06, 0x69, 0x5E, 0x55, 0x7F, 0x60, 0x7F, 0x00 },
  { 0x06, 0x69, 0x5E, 0x55, 0x4F, 0x30, 0x4F, 0x00 },
  { 0x06, 0x69, 0x5E, 0x55, 0x7F, 0x70, 0x5F, 0x00 },
  { 0x06, 0x69, 0x5E, 0x75, 0x5F, 0x70, 0x5F, 0x00 },
  { 0x06, 0x69, 0x5E, 0x55, 0x2F, 0x50, 0x2F, 0x00 },
  { 0x06, 0x79, 0x56, 0x55, 0x5F, 0x50, 0x7F, 0x00 },
  { 0x06, 0x79, 0x66, 0x65, 0x6F, 0x60, 0x7F, 0x00 },
  { 0x06, 0x79, 0x66, 0x75, 0x4F, 0x30, 0x4F, 0x00 },
  { 0x06, 0x49, 0x26, 0x15, 0x2F, 0x40, 0x0F, 0x00 },
  { 0x06, 0x49, 0x36, 0x45, 0x3F, 0x40, 0x0F, 0x00 },
  { 0x06, 0x29, 0x56, 0x55, 0x5F, 0x50, 0x2F, 0x00 },
  { 0x06, 0x59, 0x56, 0x35, 0x3F, 0x50, 0x5F, 0x00 },
  { 0x06, 0x29, 0x66, 0x35, 0x2F, 0x60, 0x2F, 0x00 },
  { 0x06, 0x19, 0x36, 0x35, 0x3F, 0x30, 0x7F, 0x00 }, // '옠'
  { 0x06, 0x79, 0x5E, 0x55, 0x5F, 0x58, 0x4F, 0x00 },
  { 0x06, 0x59, 0x76, 0x55, 0x5F, 0x70, 0x5F, 0x00 },
  { 0x06, 0x29, 0x66, 0x55, 0x6F, 0x60, 0x2F, 0x00 },
  { 0x20, 0x26, 0x29, 0x39, 0x29, 0x26, 0x20, 0x00 },
  { 0x08, 0x2A, 0x29, 0x2D, 0x29, 0x6A, 0x08, 0x00 },
  { 0x08, 0x2A, 0x29, 0x6D, 0x29, 0x6A, 0x08, 0x00 },
  { 0x08, 0x2A, 0x29, 0x6D, 0x49, 0x2A, 0x48, 0x00 },
  { 0x10, 0x72, 0x55, 0x5D, 0x55, 0x52, 0x10, 0x00 },
  { 0x08, 0x6A, 0x49, 0x5D, 0x39, 0x5A, 0x08, 0x00 },
  { 0x08, 0x6A, 0x49, 0x4D, 0x29, 0x5A, 0x28, 0x00 },
  { 0x08, 0x7A, 0x59, 0x5D, 0x59, 0x5A, 0x08, 0x00 },
  { 0x08, 0x6A, 0x69, 0x5D, 0x59, 0x5A, 0x08, 0x00 },
  { 0x08, 0x6A, 0x59, 0x5D, 0x19, 0x7A, 0x08, 0x00 },
  { 0x08, 0x6A, 0x59, 0x7D, 0x59, 0x7A, 0x08, 0x00 },
  { 0x08, 0x6A, 0x59, 0x7D, 0x69, 0x7A, 0x08, 0x00 },
  { 0x08, 0x6A, 0x59, 0x5D, 0x49, 0x3A, 0x48, 0x00 }, // '옰'
  { 0x08, 0x6A, 0x59, 0x7D, 0x79, 0x5A, 0x08, 0x00 },
  { 0x08, 0x6A, 0x59, 0x7D, 0x59, 0x7A, 0x58, 0x00 },
  { 0x08, 0x6A, 0x59, 0x5D, 0x29, 0x5A, 0x28, 0x00 },
  { 0x08, 0x7A, 0x59, 0x5D, 0x59, 0x7A, 0x08, 0x00 },
  { 0x08, 0x7A, 0x69, 0x6D, 0x69, 0x7A, 0x08, 0x00 },
  { 0x08, 0x7A, 0x69, 0x7D, 0x49, 0x3A, 0x48, 0x00 },
  { 0x10, 0x52, 0x55, 0x3D, 0x55, 0x52, 0x10, 0x00 },
  { 0x10, 0x52, 0x35, 0x5D, 0x35, 0x52, 0x10, 0x00 },
  { 0x08, 0x2A, 0x59, 0x5D, 0x59, 0x2A, 0x08, 0x00 },
  { 0x08, 0x5A, 0x39, 0x1D, 0x39, 0x5A, 0x08, 0x00 },
  { 0x08, 0x2A, 0x69, 0x3D, 0x69, 0x2A, 0x08, 0x00 },
  { 0x08, 0x1A, 0x39, 0x3D, 0x39, 0x7A, 0x08, 0x00 },
  { 0x08, 0x7A, 0x59, 0x5D, 0x59, 0x4A, 0x08, 0x00 },
  { 0x08, 0x5A, 0x79, 0x5D, 0x79, 0x5A, 0x08, 0x00 },
  { 0x08, 0x2A, 0x69, 0x5D, 0x69, 0x2A, 0x08, 0x00 },
  { 0x26, 0x29, 0x39, 0x26, 0x20, 0x7F, 0x08, 0x00 }, // '와'
  { 0x0A, 0x29, 0x2D, 0x2A, 0x28, 0x6F, 0x02, 0x00 },
  { 0x0A, 0x29, 0x2D, 0x6A, 0x28, 0x6F, 0x02, 0x00 },
  { 0x0A, 0x29, 0x2D, 0x6A, 0x48, 0x2F, 0x42, 0x00 },
  { 0x12, 0x75, 0x5D, 0x52, 0x50, 0x5F, 0x04, 0x00 },
  { 0x0A, 0x69, 0x4D, 0x5A, 0x38, 0x5F, 0x02, 0x00 },
  { 0x0A, 0x69, 0x4D, 0x4A, 0x28, 0x5F, 0x22, 0x00 },
  { 0x0A, 0x79, 0x5D, 0x5A, 0x58, 0x5F, 0x02, 0x00 },
  { 0x0A, 0x69, 0x6D, 0x5A, 0x58, 0x5F, 0x02, 0x00 },
  { 0x0A, 0x69, 0x5D, 0x5A, 0x18, 0x7F, 0x02, 0x00 },
  { 0x0A, 0x69, 0x5D, 0x7A, 0x58, 0x7F, 0x02, 0x00 },
  { 0x0A, 0x69, 0x5D, 0x7A, 0x68, 0x7F, 0x02, 0x00 },
  { 0x0A, 0x69, 0x5D, 0x5A, 0x48, 0x3F, 0x42, 0x00 },
  { 0x0A, 0x69, 0x5D, 0x7A, 0x78, 0x5F, 0x02, 0x00 },
  { 0x0A, 0x69, 0x5D, 0x7A, 0x58, 0x7F, 0x52, 0x00 },
  { 0x0A, 0x69, 0x5D, 0x5A, 0x28, 0x5F, 0x22, 0x00 },
  { 0x0A, 0x79, 0x5D, 0x5A, 0x58, 0x7F, 0x02, 0x00 }, // '왐'
  { 0x0A, 0x79, 0x6D, 0x6A, 0x68, 0x7F, 0x02, 0x00 },
  { 0x0A, 0x79, 0x6D, 0x7A, 0x48, 0x3F, 0x42, 0x00 },
  { 0x12, 0x55, 0x5D, 0x32, 0x50, 0x5F, 0x04, 0x00 },
  { 0x12, 0x55, 0x3D, 0x52, 0x30, 0x5F, 0x04, 0x00 },
  { 0x0A, 0x29, 0x5D, 0x5A, 0x58, 0x2F, 0x02, 0x00 },
  { 0x0A, 0x59, 0x3D, 0x1A, 0x38, 0x5F, 0x02, 0x00 },
  { 0x0A, 0x29, 0x6D, 0x3A, 0x68, 0x2F, 0x02, 0x00 },
  { 0x0A, 0x19, 0x3D, 0x3A, 0x38, 0x7F, 0x02, 0x00 },
  { 0x0A, 0x79, 0x5D, 0x5A, 0x58, 0x4F, 0x02, 0x00 },
  { 0x0A, 0x59, 0x7D, 0x5A, 0x78, 0x5F, 0x02, 0x00 },
  { 0x0A, 0x29, 0x6D, 0x5A, 0x68, 0x2F, 0x02, 0x00 },
  { 0x26, 0x29, 0x39, 0x26, 0x7F, 0x08, 0x7F, 0x00 },
  { 0x12, 0x35, 0x3D, 0x32, 0x3F, 0x24, 0x7F, 0x00 },
  { 0x12, 0x35, 0x3D, 0x72, 0x3F, 0x24, 0x7F, 0x00 },
  { 0x12, 0x35, 0x3D, 0x72, 0x5F, 0x24, 0x5F, 0x00 },
  { 0x12, 0x75, 0x5D, 0x52, 0x5F, 0x44, 0x5F, 0x00 }, // '왠'
  { 0x0A, 0x69, 0x4D, 0x4A, 0x5F, 0x32, 0x5F, 0x00 },
  { 0x0A, 0x69, 0x4D, 0x5A, 0x3F, 0x52, 0x3F, 0x00 },
  { 0x0A, 0x79, 0x5D, 0x5A, 0x5F, 0x52, 0x5F, 0x00 },
  { 0x0A, 0x69, 0x6D, 0x5A, 0x5F, 0x5A, 0x5F, 0x00 },
  { 0x0A, 0x69, 0x5D, 0x5A, 0x1F, 0x12, 0x7F, 0x00 },
  { 0x0A, 0x69, 0x5D, 0x5A, 0x7F, 0x52, 0x7F, 0x00 },
  { 0x0A, 0x69, 0x5D, 0x5A, 0x7F, 0x62, 0x7F, 0x00 },
  { 0x0A, 0x69, 0x5D, 0x5A, 0x4F, 0x32, 0x4F, 0x00 },
  { 0x0A, 0x69, 0x5D, 0x5A, 0x7F, 0x72, 0x5F, 0x00 },
  { 0x0A, 0x69, 0x5D, 0x7A, 0x5F, 0x72, 0x5F, 0x00 },
  { 0x0A, 0x69, 0x5D, 0x5A, 0x37, 0x5A, 0x37, 0x00 },
  { 0x12, 0x75, 0x5D, 0x52, 0x5F, 0x54, 0x7F, 0x00 },
  { 0x0A, 0x79, 0x6D, 0x6A, 0x6F, 0x62, 0x7F, 0x00 },
  { 0x0A, 0x79, 0x6D, 0x7A, 0x4F, 0x32, 0x4F, 0x00 },
  { 0x12, 0x55, 0x5D, 0x32, 0x5F, 0x44, 0x1F, 0x00 },
  { 0x12, 0x55, 0x3D, 0x52, 0x3F, 0x44, 0x1F, 0x00 }, // '왰'
  { 0x12, 0x35, 0x5D, 0x52, 0x5F, 0x54, 0x3F, 0x00 },
  { 0x0A, 0x59, 0x5D, 0x3A, 0x3F, 0x52, 0x5F, 0x00 },
  { 0x0A, 0x29, 0x6D, 0x3A, 0x2F, 0x62, 0x2F, 0x00 },
  { 0x0A, 0x19, 0x3D, 0x3A, 0x3F, 0x32, 0x7F, 0x00 },
  { 0x0A, 0x79, 0x5D, 0x5A, 0x5F, 0x5A, 0x4F, 0x00 },
  { 0x0A, 0x59, 0x7D, 0x5A, 0x5F, 0x72, 0x5F, 0x00 },
  { 0x0A, 0x29, 0x6D, 0x5A, 0x6F, 0x62, 0x2F, 0x00 },
  { 0x00, 0x26, 0x29, 0x39, 0x26, 0x20, 0x7F, 0x00 },
  { 0x00, 0x0A, 0x29, 0x2D, 0x2A, 0x28, 0x6F, 0x00 },
  { 0x00, 0x0A, 0x29, 0x2D, 0x6A, 0x28, 0x6F, 0x00 },
  { 0x0A, 0x29, 0x2D, 0x6A, 0x48, 0x2F, 0x40, 0x00 },
  { 0x00, 0x12, 0x75, 0x5D, 0x52, 0x50, 0x5F, 0x00 },
  { 0x00, 0x0A, 0x69, 0x4D, 0x5A, 0x38, 0x5F, 0x00 },
  { 0x0A, 0x69, 0x4D, 0x4A, 0x28, 0x5F, 0x20, 0x00 },
  { 0x00, 0x0A, 0x79, 0x5D, 0x5A, 0x58, 0x5F, 0x00 },
  { 0x00, 0x0A, 0x69, 0x6D, 0x5A, 0x58, 0x5F, 0x00 }, // '욀'
  { 0x00, 0x0A, 0x69, 0x5D, 0x5A, 0x18, 0x7F, 0x00 },
  { 0x00, 0x0A, 0x69, 0x5D, 0x7A, 0x58, 0x7F, 0x00 },
  { 0x00, 0x0A, 0x69, 0x5D, 0x7A, 0x68, 0x7F, 0x00 },
  { 0x0A, 0x69, 0x5D, 0x7A, 0x48, 0x3F, 0x40, 0x00 },
  { 0x00, 0x0A, 0x69, 0x5D, 0x7A, 0x78, 0x5F, 0x00 },
  { 0x0A, 0x69, 0x5D, 0x7A, 0x58, 0x7F, 0x50, 0x00 },
  { 0x0A, 0x69, 0x5D, 0x5A, 0x28, 0x5F, 0x20, 0x00 },
  { 0x00, 0x0A, 0x79, 0x5D, 0x5A, 0x58, 0x7F, 0x00 },
  { 0x00, 0x0A, 0x79, 0x6D, 0x6A, 0x68, 0x7F, 0x00 },
  { 0x0A, 0x79, 0x6D, 0x7A, 0x48, 0x3F, 0x40, 0x00 },
  { 0x00, 0x12, 0x55, 0x5D, 0x32, 0x50, 0x5F, 0x00 },
  { 0x00, 0x12, 0x55, 0x3D, 0x52, 0x30, 0x5F, 0x00 },
  { 0x00, 0x0A, 0x29, 0x5D, 0x5A, 0x58, 0x2F, 0x00 },
  { 0x00, 0x0A, 0x59, 0x3D, 0x1A, 0x38, 0x5F, 0x00 },
  { 0x00, 0x0A, 0x29, 0x6D, 0x3A, 0x68, 0x2F, 0x00 },
  { 0x00, 0x0A, 0x19, 0x3D, 0x3A, 0x38, 0x7F, 0x00 }, // '욐'
  { 0x00, 0x0A, 0x79, 0x5D, 0x5A, 0x58, 0x4F, 0x00 },
  { 0x00, 0x0A, 0x59, 0x7D, 0x5A, 0x78, 0x5F, 0x00 },
  { 0x00, 0x0A, 0x29, 0x6D, 0x5A, 0x68, 0x2F, 0x00 },
  { 0x20, 0x26, 0x39, 0x29, 0x39, 0x26, 0x20, 0x00 },
  { 0x08, 0x2A, 0x2D, 0x29, 0x2D, 0x6A, 0x08, 0x00 },
  { 0x08, 0x2A, 0x2D, 0x69, 0x2D, 0x6A, 0x08, 0x00 },
  { 0x08, 0x2A, 0x2D, 0x69, 0x4D, 0x2A, 0x48, 0x00 },
  { 0x10, 0x72, 0x5D, 0x55, 0x5D, 0x52, 0x10, 0x00 },
  { 0x08, 0x6A, 0x4D, 0x59, 0x3D, 0x5A, 0x08, 0x00 },
  { 0x08, 0x6A, 0x4D, 0x49, 0x2D, 0x5A, 0x28, 0x00 },
  { 0x08, 0x7A, 0x5D, 0x59, 0x5D, 0x5A, 0x08, 0x00 },
  { 0x08, 0x6A, 0x6D, 0x59, 0x5D, 0x5A, 0x08, 0x00 },
  { 0x08, 0x6A, 0x5D, 0x59, 0x1D, 0x7A, 0x08, 0x00 },
  { 0x08, 0x6A, 0x5D, 0x79, 0x5D, 0x7A, 0x08, 0x00 },
  { 0x08, 0x6A, 0x5D, 0x79, 0x6D, 0x7A, 0x08, 0x00 },
  { 0x08, 0x6A, 0x5D, 0x59, 0x4D, 0x3A, 0x48, 0x00 }, // '욠'
  { 0x08, 0x6A, 0x5D, 0x79, 0x7D, 0x5A, 0x08, 0x00 },
  { 0x08, 0x6A, 0x5D, 0x79, 0x5D, 0x7A, 0x58, 0x00 },
  { 0x08, 0x6A, 0x5D, 0x59, 0x2D, 0x5A, 0x28, 0x00 },
  { 0x08, 0x7A, 0x5D, 0x59, 0x5D, 0x7A, 0x08, 0x00 },
  { 0x08, 0x7A, 0x6D, 0x69, 0x6D, 0x7A, 0x08, 0x00 },
  { 0x08, 0x7A, 0x6D, 0x79, 0x4D, 0x3A, 0x48, 0x00 },
  { 0x10, 0x52, 0x5D, 0x35, 0x5D, 0x52, 0x10, 0x00 },
  { 0x10, 0x52, 0x3D, 0x55, 0x3D, 0x52, 0x10, 0x00 },
  { 0x08, 0x2A, 0x5D, 0x59, 0x5D, 0x2A, 0x08, 0x00 },
  { 0x08, 0x5A, 0x3D, 0x19, 0x3D, 0x5A, 0x08, 0x00 },
  { 0x08, 0x2A, 0x6D, 0x39, 0x6D, 0x2A, 0x08, 0x00 },
  { 0x08, 0x1A, 0x3D, 0x39, 0x3D, 0x7A, 0x08, 0x00 },
  { 0x08, 0x7A, 0x5D, 0x59, 0x5D, 0x4A, 0x08, 0x00 },
  { 0x08, 0x5A, 0x7D, 0x59, 0x7D, 0x5A, 0x08, 0x00 },
  { 0x08, 0x2A, 0x6D, 0x59, 0x6D, 0x2A, 0x08, 0x00 },
  { 0x10, 0x12, 0x15, 0x75, 0x15, 0x12, 0x10, 0x00 }, // '우'
  { 0x08, 0x2A, 0x2D, 0x3D, 0x2D, 0x6A, 0x08, 0x00 },
  { 0x08, 0x2A, 0x2D, 0x7D, 0x2D, 0x6A, 0x08, 0x00 },
  { 0x08, 0x2A, 0x2D, 0x7D, 0x4D, 0x2A, 0x48, 0x00 },
  { 0x08, 0x6A, 0x4D, 0x5D, 0x4D, 0x4A, 0x08, 0x00 },
  { 0x04, 0x76, 0x45, 0x5D, 0x35, 0x56, 0x04, 0x00 },
  { 0x04, 0x76, 0x45, 0x5D, 0x35, 0x56, 0x34, 0x00 },
  { 0x04, 0x76, 0x55, 0x5D, 0x55, 0x56, 0x04, 0x00 },
  { 0x04, 0x16, 0x55, 0x7D, 0x55, 0x46, 0x04, 0x00 },
  { 0x04, 0x56, 0x75, 0x5D, 0x15, 0x76, 0x04, 0x00 },
  { 0x04, 0x56, 0x75, 0x7D, 0x55, 0x76, 0x04, 0x00 },
  { 0x04, 0x56, 0x75, 0x5D, 0x65, 0x76, 0x04, 0x00 },
  { 0x04, 0x56, 0x75, 0x5D, 0x45, 0x36, 0x44, 0x00 },
  { 0x04, 0x56, 0x75, 0x5D, 0x75, 0x76, 0x54, 0x00 },
  { 0x04, 0x56, 0x75, 0x7D, 0x55, 0x76, 0x54, 0x00 },
  { 0x04, 0x56, 0x75, 0x5D, 0x35, 0x56, 0x34, 0x00 },
  { 0x04, 0x76, 0x55, 0x5D, 0x55, 0x76, 0x04, 0x00 }, // '움'
  { 0x04, 0x76, 0x65, 0x6D, 0x65, 0x76, 0x04, 0x00 },
  { 0x04, 0x76, 0x65, 0x7D, 0x45, 0x36, 0x44, 0x00 },
  { 0x04, 0x46, 0x25, 0x1D, 0x25, 0x46, 0x04, 0x00 },
  { 0x04, 0x46, 0x35, 0x4D, 0x35, 0x46, 0x04, 0x00 },
  { 0x04, 0x26, 0x55, 0x5D, 0x55, 0x26, 0x04, 0x00 },
  { 0x04, 0x56, 0x35, 0x1D, 0x35, 0x56, 0x04, 0x00 },
  { 0x04, 0x56, 0x35, 0x1D, 0x35, 0x56, 0x04, 0x00 },
  { 0x04, 0x16, 0x35, 0x3D, 0x35, 0x76, 0x04, 0x00 },
  { 0x04, 0x76, 0x75, 0x7D, 0x75, 0x56, 0x04, 0x00 },
  { 0x04, 0x56, 0x75, 0x5D, 0x75, 0x56, 0x04, 0x00 },
  { 0x04, 0x26, 0x65, 0x5D, 0x65, 0x26, 0x04, 0x00 },
  { 0x00, 0x12, 0x15, 0x75, 0x12, 0x20, 0x7F, 0x00 },
  { 0x00, 0x0A, 0x2D, 0x3D, 0x2A, 0x30, 0x7F, 0x00 },
  { 0x00, 0x0A, 0x2D, 0x3D, 0x6A, 0x30, 0x7F, 0x00 },
  { 0x0A, 0x2D, 0x3D, 0x6A, 0x50, 0x3F, 0x40, 0x00 },
  { 0x00, 0x0A, 0x6D, 0x5D, 0x4A, 0x50, 0x5F, 0x00 }, // '원'
  { 0x06, 0x75, 0x4D, 0x46, 0x58, 0x3F, 0x50, 0x00 },
  { 0x06, 0x75, 0x4D, 0x56, 0x38, 0x5F, 0x30, 0x00 },
  { 0x00, 0x06, 0x75, 0x5D, 0x56, 0x58, 0x5F, 0x00 },
  { 0x00, 0x06, 0x15, 0x5D, 0x76, 0x58, 0x4F, 0x00 },
  { 0x00, 0x06, 0x55, 0x7D, 0x56, 0x18, 0x7F, 0x00 },
  { 0x00, 0x06, 0x55, 0x7D, 0x76, 0x58, 0x7F, 0x00 },
  { 0x00, 0x06, 0x55, 0x7D, 0x56, 0x68, 0x7F, 0x00 },
  { 0x06, 0x55, 0x7D, 0x56, 0x48, 0x3F, 0x40, 0x00 },
  { 0x06, 0x55, 0x7D, 0x56, 0x78, 0x7F, 0x50, 0x00 },
  { 0x06, 0x55, 0x7D, 0x76, 0x58, 0x7F, 0x50, 0x00 },
  { 0x06, 0x55, 0x7D, 0x56, 0x28, 0x5F, 0x20, 0x00 },
  { 0x00, 0x06, 0x75, 0x5D, 0x56, 0x58, 0x7F, 0x00 },
  { 0x00, 0x06, 0x75, 0x6D, 0x66, 0x68, 0x7F, 0x00 },
  { 0x06, 0x75, 0x6D, 0x76, 0x48, 0x3F, 0x40, 0x00 },
  { 0x00, 0x06, 0x45, 0x2D, 0x16, 0x28, 0x4F, 0x00 },
  { 0x00, 0x06, 0x4D, 0x35, 0x46, 0x38, 0x4F, 0x00 }, // '웠'
  { 0x00, 0x06, 0x25, 0x5D, 0x56, 0x58, 0x2F, 0x00 },
  { 0x00, 0x06, 0x55, 0x3D, 0x16, 0x38, 0x5F, 0x00 },
  { 0x00, 0x06, 0x25, 0x6D, 0x36, 0x68, 0x2F, 0x00 },
  { 0x00, 0x06, 0x15, 0x3D, 0x36, 0x38, 0x7F, 0x00 },
  { 0x00, 0x06, 0x75, 0x7D, 0x76, 0x78, 0x5F, 0x00 },
  { 0x00, 0x06, 0x55, 0x7D, 0x56, 0x78, 0x5F, 0x00 },
  { 0x00, 0x06, 0x25, 0x6D, 0x56, 0x68, 0x2F, 0x00 },
  { 0x12, 0x75, 0x15, 0x22, 0x7F, 0x00, 0x7F, 0x00 },
  { 0x0A, 0x3D, 0x2D, 0x32, 0x3F, 0x20, 0x7F, 0x00 },
  { 0x0A, 0x3D, 0x2D, 0x72, 0x3F, 0x20, 0x7F, 0x00 },
  { 0x0A, 0x3D, 0x2D, 0x72, 0x5F, 0x20, 0x5F, 0x00 },
  { 0x0A, 0x7D, 0x4D, 0x52, 0x5F, 0x40, 0x5F, 0x00 },
  { 0x06, 0x6D, 0x45, 0x4A, 0x5F, 0x30, 0x5F, 0x00 },
  { 0x06, 0x6D, 0x45, 0x4A, 0x2F, 0x50, 0x2F, 0x00 },
  { 0x06, 0x7D, 0x55, 0x5A, 0x5F, 0x50, 0x5F, 0x00 },
  { 0x06, 0x1D, 0x55, 0x7A, 0x7F, 0x50, 0x4F, 0x00 }, // '웰'
  { 0x06, 0x5D, 0x75, 0x5A, 0x1F, 0x10, 0x7F, 0x00 },
  { 0x06, 0x5D, 0x75, 0x5A, 0x7F, 0x50, 0x7F, 0x00 },
  { 0x06, 0x5D, 0x75, 0x5A, 0x7F, 0x60, 0x7F, 0x00 },
  { 0x06, 0x5D, 0x75, 0x5A, 0x4F, 0x30, 0x4F, 0x00 },
  { 0x06, 0x5D, 0x75, 0x5A, 0x7F, 0x70, 0x5F, 0x00 },
  { 0x06, 0x5D, 0x75, 0x7A, 0x5F, 0x70, 0x5F, 0x00 },
  { 0x06, 0x5D, 0x75, 0x5A, 0x2F, 0x50, 0x2F, 0x00 },
  { 0x06, 0x7D, 0x55, 0x5A, 0x5F, 0x50, 0x7F, 0x00 },
  { 0x06, 0x7D, 0x65, 0x6A, 0x6F, 0x60, 0x7F, 0x00 },
  { 0x06, 0x7D, 0x65, 0x7A, 0x4F, 0x30, 0x4F, 0x00 },
  { 0x06, 0x4D, 0x25, 0x1A, 0x2F, 0x40, 0x0F, 0x00 },
  { 0x06, 0x4D, 0x35, 0x4A, 0x3F, 0x40, 0x0F, 0x00 },
  { 0x06, 0x2D, 0x55, 0x5A, 0x5F, 0x50, 0x2F, 0x00 },
  { 0x06, 0x5D, 0x55, 0x3A, 0x3F, 0x50, 0x5F, 0x00 },
  { 0x06, 0x2D, 0x65, 0x3A, 0x2F, 0x60, 0x2F, 0x00 },
  { 0x06, 0x1D, 0x35, 0x3A, 0x3F, 0x30, 0x7F, 0x00 }, // '윀'
  { 0x06, 0x7D, 0x75, 0x7A, 0x7F, 0x70, 0x5F, 0x00 },
  { 0x06, 0x5D, 0x75, 0x5A, 0x5F, 0x70, 0x5F, 0x00 },
  { 0x06, 0x2D, 0x65, 0x5A, 0x6F, 0x60, 0x2F, 0x00 },
  { 0x00, 0x12, 0x15, 0x75, 0x12, 0x10, 0x7F, 0x00 },
  { 0x00, 0x0A, 0x2D, 0x3D, 0x2A, 0x28, 0x6F, 0x00 },
  { 0x00, 0x0A, 0x2D, 0x3D, 0x6A, 0x28, 0x6F, 0x00 },
  { 0x0A, 0x2D, 0x3D, 0x6A, 0x48, 0x2F, 0x40, 0x00 },
  { 0x00, 0x0A, 0x6D, 0x5D, 0x4A, 0x48, 0x5F, 0x00 },
  { 0x00, 0x06, 0x75, 0x4D, 0x56, 0x34, 0x57, 0x00 },
  { 0x06, 0x75, 0x4D, 0x56, 0x34, 0x5F, 0x30, 0x00 },
  { 0x00, 0x06, 0x75, 0x5D, 0x56, 0x54, 0x57, 0x00 },
  { 0x00, 0x06, 0x15, 0x5D, 0x76, 0x54, 0x4F, 0x00 },
  { 0x00, 0x06, 0x55, 0x7D, 0x56, 0x14, 0x77, 0x00 },
  { 0x00, 0x06, 0x55, 0x7D, 0x76, 0x54, 0x77, 0x00 },
  { 0x00, 0x06, 0x55, 0x7D, 0x56, 0x64, 0x77, 0x00 },
  { 0x06, 0x55, 0x7D, 0x56, 0x44, 0x37, 0x40, 0x00 }, // '윐'
  { 0x06, 0x55, 0x7D, 0x56, 0x74, 0x77, 0x50, 0x00 },
  { 0x06, 0x55, 0x7D, 0x76, 0x54, 0x77, 0x50, 0x00 },
  { 0x06, 0x55, 0x7D, 0x56, 0x34, 0x57, 0x30, 0x00 },
  { 0x00, 0x06, 0x75, 0x5D, 0x56, 0x54, 0x77, 0x00 },
  { 0x00, 0x06, 0x75, 0x6D, 0x66, 0x64, 0x77, 0x00 },
  { 0x06, 0x75, 0x6D, 0x76, 0x44, 0x37, 0x40, 0x00 },
  { 0x00, 0x06, 0x45, 0x2D, 0x16, 0x24, 0x4F, 0x00 },
  { 0x00, 0x06, 0x4D, 0x35, 0x46, 0x34, 0x47, 0x00 },
  { 0x00, 0x06, 0x25, 0x5D, 0x56, 0x54, 0x2F, 0x00 },
  { 0x00, 0x06, 0x55, 0x3D, 0x16, 0x34, 0x57, 0x00 },
  { 0x00, 0x06, 0x25, 0x6D, 0x36, 0x64, 0x2F, 0x00 },
  { 0x00, 0x06, 0x15, 0x3D, 0x36, 0x34, 0x77, 0x00 },
  { 0x00, 0x06, 0x75, 0x7D, 0x76, 0x74, 0x57, 0x00 },
  { 0x00, 0x06, 0x55, 0x7D, 0x56, 0x74, 0x57, 0x00 },
  { 0x00, 0x06, 0x25, 0x6D, 0x56, 0x64, 0x2F, 0x00 },
  { 0x10, 0x12, 0x75, 0x15, 0x75, 0x12, 0x10, 0x00 }, // '유'
  { 0x08, 0x2A, 0x3D, 0x2D, 0x3D, 0x6A, 0x08, 0x00 },
  { 0x08, 0x2A, 0x3D, 0x6D, 0x3D, 0x6A, 0x08, 0x00 },
  { 0x08, 0x2A, 0x3D, 0x6D, 0x5D, 0x2A, 0x48, 0x00 },
  { 0x08, 0x6A, 0x5D, 0x4D, 0x5D, 0x4A, 0x08, 0x00 },
  { 0x04, 0x76, 0x4D, 0x55, 0x3D, 0x56, 0x04, 0x00 },
  { 0x04, 0x76, 0x4D, 0x55, 0x3D, 0x56, 0x34, 0x00 },
  { 0x04, 0x76, 0x5D, 0x55, 0x5D, 0x56, 0x04, 0x00 },
  { 0x04, 0x16, 0x5D, 0x75, 0x5D, 0x46, 0x04, 0x00 },
  { 0x04, 0x56, 0x7D, 0x55, 0x1D, 0x76, 0x04, 0x00 },
  { 0x04, 0x56, 0x7D, 0x75, 0x5D, 0x76, 0x04, 0x00 },
  { 0x04, 0x56, 0x7D, 0x55, 0x6D, 0x76, 0x04, 0x00 },
  { 0x04, 0x56, 0x7D, 0x55, 0x4D, 0x36, 0x44, 0x00 },
  { 0x04, 0x56, 0x7D, 0x55, 0x7D, 0x76, 0x54, 0x00 },
  { 0x04, 0x56, 0x7D, 0x75, 0x5D, 0x76, 0x54, 0x00 },
  { 0x04, 0x56, 0x7D, 0x55, 0x3D, 0x56, 0x34, 0x00 },
  { 0x04, 0x76, 0x5D, 0x55, 0x5D, 0x76, 0x04, 0x00 }, // '윰'
  { 0x04, 0x76, 0x6D, 0x65, 0x6D, 0x76, 0x04, 0x00 },
  { 0x04, 0x76, 0x6D, 0x75, 0x4D, 0x36, 0x44, 0x00 },
  { 0x04, 0x46, 0x2D, 0x15, 0x2D, 0x46, 0x04, 0x00 },
  { 0x04, 0x46, 0x2D, 0x45, 0x2D, 0x46, 0x04, 0x00 },
  { 0x04, 0x26, 0x5D, 0x55, 0x5D, 0x26, 0x04, 0x00 },
  { 0x04, 0x56, 0x3D, 0x15, 0x3D, 0x56, 0x04, 0x00 },
  { 0x04, 0x26, 0x6D, 0x35, 0x6D, 0x26, 0x04, 0x00 },
  { 0x04, 0x16, 0x3D, 0x35, 0x3D, 0x76, 0x04, 0x00 },
  { 0x04, 0x76, 0x7D, 0x75, 0x7D, 0x56, 0x04, 0x00 },
  { 0x04, 0x56, 0x7D, 0x55, 0x7D, 0x56, 0x04, 0x00 },
  { 0x04, 0x26, 0x6D, 0x55, 0x6D, 0x26, 0x04, 0x00 },
  { 0x20, 0x26, 0x29, 0x29, 0x29, 0x26, 0x20, 0x00 },
  { 0x08, 0x2A, 0x2D, 0x2D, 0x2D, 0x6A, 0x08, 0x00 },
  { 0x08, 0x2A, 0x2D, 0x6D, 0x2D, 0x6A, 0x08, 0x00 },
  { 0x08, 0x2A, 0x2D, 0x6D, 0x4D, 0x2A, 0x48, 0x00 },
  { 0x08, 0x6A, 0x4D, 0x4D, 0x4D, 0x4A, 0x08, 0x00 }, // '은'
  { 0x04, 0x76, 0x45, 0x55, 0x35, 0x56, 0x04, 0x00 },
  { 0x04, 0x76, 0x45, 0x55, 0x35, 0x56, 0x34, 0x00 },
  { 0x04, 0x76, 0x55, 0x55, 0x55, 0x56, 0x04, 0x00 },
  { 0x08, 0x6A, 0x6D, 0x5D, 0x5D, 0x5A, 0x08, 0x00 },
  { 0x08, 0x6A, 0x5D, 0x5D, 0x1D, 0x7A, 0x08, 0x00 },
  { 0x08, 0x6A, 0x5D, 0x7D, 0x5D, 0x7A, 0x08, 0x00 },
  { 0x08, 0x6A, 0x5D, 0x7D, 0x6D, 0x7A, 0x08, 0x00 },
  { 0x08, 0x6A, 0x5D, 0x5D, 0x4D, 0x3A, 0x48, 0x00 },
  { 0x08, 0x6A, 0x5D, 0x7D, 0x7D, 0x5A, 0x08, 0x00 },
  { 0x08, 0x6A, 0x5D, 0x7D, 0x5D, 0x7A, 0x58, 0x00 },
  { 0x08, 0x6A, 0x5D, 0x5D, 0x2D, 0x5A, 0x28, 0x00 },
  { 0x04, 0x76, 0x55, 0x55, 0x55, 0x76, 0x04, 0x00 },
  { 0x08, 0x7A, 0x6D, 0x6D, 0x6D, 0x7A, 0x08, 0x00 },
  { 0x08, 0x7A, 0x6D, 0x7D, 0x4D, 0x3A, 0x48, 0x00 },
  { 0x08, 0x4A, 0x2D, 0x1D, 0x2D, 0x4A, 0x08, 0x00 },
  { 0x08, 0x4A, 0x3D, 0x4D, 0x3D, 0x4A, 0x08, 0x00 }, // '읐'
  { 0x04, 0x26, 0x55, 0x55, 0x55, 0x26, 0x04, 0x00 },
  { 0x04, 0x56, 0x35, 0x15, 0x35, 0x56, 0x04, 0x00 },
  { 0x04, 0x56, 0x35, 0x1D, 0x35, 0x56, 0x04, 0x00 },
  { 0x04, 0x16, 0x35, 0x35, 0x35, 0x76, 0x04, 0x00 },
  { 0x08, 0x7A, 0x5D, 0x5D, 0x5D, 0x4A, 0x08, 0x00 },
  { 0x04, 0x56, 0x75, 0x55, 0x75, 0x56, 0x04, 0x00 },
  { 0x04, 0x16, 0x35, 0x5D, 0x35, 0x16, 0x04, 0x00 },
  { 0x00, 0x26, 0x29, 0x29, 0x26, 0x20, 0x7F, 0x00 },
  { 0x00, 0x0A, 0x2D, 0x2D, 0x2A, 0x28, 0x6F, 0x00 },
  { 0x00, 0x0A, 0x2D, 0x2D, 0x6A, 0x28, 0x6F, 0x00 },
  { 0x0A, 0x2D, 0x2D, 0x6A, 0x48, 0x2F, 0x40, 0x00 },
  { 0x00, 0x12, 0x75, 0x55, 0x52, 0x50, 0x5F, 0x00 },
  { 0x00, 0x0A, 0x6D, 0x4D, 0x5A, 0x38, 0x5F, 0x00 },
  { 0x0A, 0x6D, 0x4D, 0x4A, 0x28, 0x5F, 0x20, 0x00 },
  { 0x00, 0x0A, 0x7D, 0x5D, 0x5A, 0x58, 0x5F, 0x00 },
  { 0x00, 0x0A, 0x6D, 0x6D, 0x5A, 0x58, 0x5F, 0x00 }, // '읠'
  { 0x00, 0x0A, 0x6D, 0x5D, 0x5A, 0x18, 0x7F, 0x00 },
  { 0x00, 0x0A, 0x6D, 0x5D, 0x7A, 0x58, 0x7F, 0x00 },
  { 0x00, 0x0A, 0x6D, 0x5D, 0x7A, 0x68, 0x7F, 0x00 },
  { 0x0A, 0x6D, 0x5D, 0x5A, 0x48, 0x3F, 0x40, 0x00 },
  { 0x00, 0x0A, 0x6D, 0x5D, 0x7A, 0x78, 0x5F, 0x00 },
  { 0x0A, 0x6D, 0x5D, 0x7A, 0x58, 0x7F, 0x50, 0x00 },
  { 0x0A, 0x6D, 0x5D, 0x5A, 0x28, 0x5F, 0x20, 0x00 },
  { 0x00, 0x0A, 0x7D, 0x5D, 0x5A, 0x58, 0x7F, 0x00 },
  { 0x00, 0x0A, 0x7D, 0x6D, 0x6A, 0x68, 0x7F, 0x00 },
  { 0x0A, 0x7D, 0x6D, 0x7A, 0x48, 0x3F, 0x40, 0x00 },
  { 0x00, 0x0A, 0x4D, 0x2D, 0x1A, 0x28, 0x4F, 0x00 },
  { 0x00, 0x0A, 0x4D, 0x3D, 0x4A, 0x38, 0x4F, 0x00 },
  { 0x00, 0x0A, 0x2D, 0x5D, 0x5A, 0x58, 0x2F, 0x00 },
  { 0x00, 0x0A, 0x5D, 0x3D, 0x1A, 0x38, 0x5F, 0x00 },
  { 0x00, 0x06, 0x55, 0x35, 0x1E, 0x34, 0x57, 0x00 },
  { 0x00, 0x0A, 0x1D, 0x3D, 0x3A, 0x38, 0x7F, 0x00 }, // '읰'
  { 0x00, 0x0A, 0x7D, 0x5D, 0x5A, 0x58, 0x4F, 0x00 },
  { 0x00, 0x0A, 0x5D, 0x7D, 0x5A, 0x78, 0x5F, 0x00 },
  { 0x00, 0x06, 0x15, 0x35, 0x5E, 0x34, 0x17, 0x00 },
  { 0x00, 0x1E, 0x21, 0x21, 0x1E, 0x00, 0x7F, 0x00 },
  { 0x00, 0x06, 0x29, 0x29, 0x26, 0x20, 0x6F, 0x00 },
  { 0x00, 0x06, 0x29, 0x29, 0x66, 0x20, 0x6F, 0x00 },
  { 0x06, 0x29, 0x29, 0x66, 0x40, 0x2F, 0x40, 0x00 },
  { 0x00, 0x06, 0x69, 0x49, 0x46, 0x40, 0x5F, 0x00 },
  { 0x00, 0x06, 0x69, 0x49, 0x56, 0x30, 0x5F, 0x00 },
  { 0x06, 0x69, 0x49, 0x56, 0x30, 0x5F, 0x30, 0x00 },
  { 0x00, 0x02, 0x75, 0x55, 0x52, 0x50, 0x57, 0x00 },
  { 0x00, 0x02, 0x6D, 0x6D, 0x5A, 0x58, 0x5F, 0x00 },
  { 0x00, 0x02, 0x6D, 0x5D, 0x5A, 0x08, 0x7F, 0x00 },
  { 0x00, 0x02, 0x6D, 0x5D, 0x7A, 0x48, 0x7F, 0x00 },
  { 0x00, 0x02, 0x6D, 0x5D, 0x7A, 0x50, 0x7F, 0x00 },
  { 0x02, 0x6D, 0x5D, 0x5A, 0x40, 0x37, 0x40, 0x00 }, // '잀'
  { 0x00, 0x02, 0x6D, 0x5D, 0x7A, 0x58, 0x4F, 0x00 },
  { 0x02, 0x6D, 0x5D, 0x7A, 0x48, 0x7F, 0x48, 0x00 },
  { 0x02, 0x6D, 0x5D, 0x5A, 0x30, 0x5F, 0x30, 0x00 },
  { 0x00, 0x02, 0x75, 0x55, 0x52, 0x50, 0x77, 0x00 },
  { 0x00, 0x06, 0x79, 0x69, 0x66, 0x60, 0x7F, 0x00 },
  { 0x06, 0x79, 0x69, 0x76, 0x40, 0x37, 0x40, 0x00 },
  { 0x00, 0x06, 0x49, 0x29, 0x16, 0x20, 0x4F, 0x00 },
  { 0x00, 0x06, 0x49, 0x39, 0x46, 0x30, 0x4F, 0x00 },
  { 0x00, 0x02, 0x25, 0x55, 0x52, 0x50, 0x27, 0x00 },
  { 0x00, 0x02, 0x55, 0x35, 0x12, 0x30, 0x57, 0x00 },
  { 0x00, 0x02, 0x55, 0x35, 0x1A, 0x30, 0x57, 0x00 },
  { 0x00, 0x02, 0x15, 0x35, 0x32, 0x30, 0x77, 0x00 },
  { 0x00, 0x02, 0x7D, 0x5D, 0x5A, 0x58, 0x4F, 0x00 },
  { 0x00, 0x02, 0x55, 0x75, 0x52, 0x70, 0x57, 0x00 },
  { 0x00, 0x02, 0x15, 0x35, 0x5A, 0x30, 0x17, 0x00 },
  { 0x21, 0x19, 0x07, 0x19, 0x21, 0x7F, 0x08, 0x00 }, // '자'
  { 0x09, 0x25, 0x23, 0x25, 0x29, 0x6F, 0x02, 0x00 },
  { 0x09, 0x25, 0x23, 0x65, 0x29, 0x6F, 0x02, 0x00 },
  { 0x09, 0x25, 0x23, 0x65, 0x49, 0x2F, 0x42, 0x00 },
  { 0x09, 0x65, 0x43, 0x45, 0x49, 0x5F, 0x04, 0x00 },
  { 0x05, 0x73, 0x43, 0x55, 0x30, 0x57, 0x02, 0x00 },
  { 0x05, 0x73, 0x43, 0x55, 0x30, 0x5F, 0x32, 0x00 },
  { 0x05, 0x73, 0x53, 0x55, 0x50, 0x57, 0x02, 0x00 },
  { 0x05, 0x6B, 0x6B, 0x5D, 0x58, 0x5F, 0x02, 0x00 },
  { 0x05, 0x6B, 0x5B, 0x5D, 0x08, 0x7F, 0x02, 0x00 },
  { 0x05, 0x6B, 0x5B, 0x7D, 0x48, 0x7F, 0x02, 0x00 },
  { 0x05, 0x6B, 0x5B, 0x7D, 0x50, 0x7F, 0x02, 0x00 },
  { 0x05, 0x6B, 0x5B, 0x5D, 0x40, 0x37, 0x42, 0x00 },
  { 0x05, 0x6B, 0x5B, 0x7D, 0x58, 0x4F, 0x02, 0x00 },
  { 0x05, 0x6B, 0x5B, 0x7D, 0x48, 0x7F, 0x4A, 0x00 },
  { 0x05, 0x6B, 0x5B, 0x5D, 0x30, 0x5F, 0x32, 0x00 },
  { 0x05, 0x73, 0x53, 0x55, 0x50, 0x77, 0x02, 0x00 }, // '잠'
  { 0x05, 0x73, 0x63, 0x65, 0x60, 0x77, 0x02, 0x00 },
  { 0x05, 0x73, 0x63, 0x75, 0x40, 0x37, 0x42, 0x00 },
  { 0x05, 0x43, 0x23, 0x15, 0x20, 0x4F, 0x02, 0x00 },
  { 0x05, 0x43, 0x33, 0x45, 0x30, 0x47, 0x02, 0x00 },
  { 0x05, 0x23, 0x53, 0x55, 0x50, 0x27, 0x02, 0x00 },
  { 0x05, 0x53, 0x33, 0x15, 0x30, 0x57, 0x02, 0x00 },
  { 0x05, 0x53, 0x33, 0x1D, 0x30, 0x57, 0x02, 0x00 },
  { 0x05, 0x13, 0x33, 0x35, 0x30, 0x77, 0x02, 0x00 },
  { 0x05, 0x7B, 0x5B, 0x5D, 0x58, 0x4F, 0x02, 0x00 },
  { 0x05, 0x53, 0x73, 0x55, 0x70, 0x57, 0x02, 0x00 },
  { 0x05, 0x13, 0x33, 0x5D, 0x30, 0x17, 0x02, 0x00 },
  { 0x39, 0x07, 0x39, 0x00, 0x7F, 0x08, 0x7F, 0x00 },
  { 0x0D, 0x23, 0x2D, 0x20, 0x2F, 0x22, 0x6F, 0x00 },
  { 0x0D, 0x23, 0x2D, 0x60, 0x2F, 0x22, 0x6F, 0x00 },
  { 0x0D, 0x23, 0x2D, 0x60, 0x4F, 0x22, 0x4F, 0x00 },
  { 0x0D, 0x63, 0x4D, 0x40, 0x5F, 0x44, 0x5F, 0x00 }, // '잰'
  { 0x05, 0x73, 0x45, 0x40, 0x57, 0x32, 0x57, 0x00 },
  { 0x05, 0x73, 0x45, 0x50, 0x37, 0x5A, 0x37, 0x00 },
  { 0x05, 0x73, 0x55, 0x50, 0x57, 0x52, 0x57, 0x00 },
  { 0x05, 0x6B, 0x6D, 0x58, 0x5F, 0x5A, 0x5F, 0x00 },
  { 0x05, 0x6B, 0x5D, 0x58, 0x0F, 0x0A, 0x7F, 0x00 },
  { 0x05, 0x6B, 0x5D, 0x58, 0x7F, 0x4A, 0x7F, 0x00 },
  { 0x05, 0x6B, 0x5D, 0x58, 0x7F, 0x52, 0x7F, 0x00 },
  { 0x05, 0x6B, 0x5D, 0x58, 0x67, 0x1A, 0x67, 0x00 },
  { 0x05, 0x6B, 0x5D, 0x58, 0x7F, 0x5A, 0x4F, 0x00 },
  { 0x05, 0x6B, 0x5D, 0x78, 0x4F, 0x7A, 0x4F, 0x00 },
  { 0x05, 0x6B, 0x5D, 0x58, 0x37, 0x5A, 0x37, 0x00 },
  { 0x05, 0x73, 0x55, 0x50, 0x57, 0x52, 0x77, 0x00 },
  { 0x0D, 0x73, 0x6D, 0x60, 0x6F, 0x62, 0x7F, 0x00 },
  { 0x0D, 0x73, 0x6D, 0x70, 0x4F, 0x32, 0x4F, 0x00 },
  { 0x0D, 0x43, 0x2D, 0x10, 0x2F, 0x42, 0x0F, 0x00 },
  { 0x05, 0x43, 0x35, 0x40, 0x37, 0x42, 0x07, 0x00 }, // '쟀'
  { 0x05, 0x23, 0x55, 0x50, 0x57, 0x52, 0x27, 0x00 },
  { 0x05, 0x53, 0x55, 0x30, 0x37, 0x52, 0x57, 0x00 },
  { 0x05, 0x53, 0x55, 0x38, 0x37, 0x52, 0x57, 0x00 },
  { 0x05, 0x13, 0x35, 0x30, 0x37, 0x32, 0x77, 0x00 },
  { 0x05, 0x7B, 0x5D, 0x58, 0x5F, 0x5A, 0x4F, 0x00 },
  { 0x05, 0x53, 0x75, 0x50, 0x57, 0x72, 0x57, 0x00 },
  { 0x05, 0x13, 0x35, 0x58, 0x57, 0x32, 0x17, 0x00 },
  { 0x21, 0x19, 0x07, 0x19, 0x21, 0x7F, 0x12, 0x00 },
  { 0x09, 0x25, 0x23, 0x25, 0x29, 0x7F, 0x0A, 0x00 },
  { 0x09, 0x25, 0x23, 0x65, 0x29, 0x7F, 0x0A, 0x00 },
  { 0x09, 0x25, 0x23, 0x65, 0x49, 0x3F, 0x4A, 0x00 },
  { 0x09, 0x65, 0x43, 0x45, 0x49, 0x5F, 0x0A, 0x00 },
  { 0x05, 0x73, 0x43, 0x55, 0x30, 0x5F, 0x05, 0x00 },
  { 0x05, 0x73, 0x43, 0x55, 0x30, 0x5F, 0x35, 0x00 },
  { 0x05, 0x73, 0x53, 0x55, 0x50, 0x5F, 0x05, 0x00 },
  { 0x05, 0x6B, 0x6B, 0x5D, 0x58, 0x5F, 0x05, 0x00 }, // '쟐'
  { 0x05, 0x6B, 0x5B, 0x5D, 0x08, 0x7F, 0x05, 0x00 },
  { 0x05, 0x6B, 0x5B, 0x7D, 0x48, 0x7F, 0x05, 0x00 },
  { 0x05, 0x6B, 0x5B, 0x7D, 0x50, 0x7F, 0x05, 0x00 },
  { 0x05, 0x6B, 0x5B, 0x5D, 0x40, 0x2F, 0x45, 0x00 },
  { 0x05, 0x6B, 0x5B, 0x7D, 0x58, 0x4F, 0x05, 0x00 },
  { 0x05, 0x6B, 0x5B, 0x7D, 0x50, 0x7F, 0x55, 0x00 },
  { 0x05, 0x6B, 0x5B, 0x5D, 0x30, 0x5F, 0x35, 0x00 },
  { 0x05, 0x73, 0x53, 0x55, 0x50, 0x7F, 0x05, 0x00 },
  { 0x05, 0x73, 0x63, 0x65, 0x60, 0x7F, 0x05, 0x00 },
  { 0x05, 0x73, 0x63, 0x75, 0x40, 0x2F, 0x45, 0x00 },
  { 0x05, 0x43, 0x23, 0x15, 0x20, 0x4F, 0x05, 0x00 },
  { 0x05, 0x43, 0x33, 0x45, 0x30, 0x4F, 0x05, 0x00 },
  { 0x05, 0x23, 0x53, 0x55, 0x50, 0x2F, 0x05, 0x00 },
  { 0x05, 0x53, 0x33, 0x15, 0x30, 0x5F, 0x05, 0x00 },
  { 0x05, 0x53, 0x33, 0x1D, 0x30, 0x5F, 0x05, 0x00 },
  { 0x05, 0x13, 0x33, 0x35, 0x30, 0x7F, 0x05, 0x00 }, // '쟠'
  { 0x05, 0x7B, 0x5B, 0x5D, 0x58, 0x4F, 0x05, 0x00 },
  { 0x05, 0x53, 0x73, 0x55, 0x70, 0x5F, 0x05, 0x00 },
  { 0x05, 0x13, 0x33, 0x5D, 0x30, 0x1F, 0x05, 0x00 },
  { 0x39, 0x07, 0x39, 0x00, 0x7F, 0x12, 0x7F, 0x00 },
  { 0x0D, 0x23, 0x2D, 0x20, 0x3F, 0x2A, 0x7F, 0x00 },
  { 0x0D, 0x23, 0x2D, 0x60, 0x3F, 0x2A, 0x7F, 0x00 },
  { 0x0D, 0x23, 0x2D, 0x60, 0x5F, 0x2A, 0x5F, 0x00 },
  { 0x0D, 0x63, 0x4D, 0x40, 0x5F, 0x4A, 0x5F, 0x00 },
  { 0x0D, 0x63, 0x4D, 0x40, 0x5F, 0x35, 0x5F, 0x00 },
  { 0x0D, 0x63, 0x4D, 0x40, 0x2F, 0x55, 0x2F, 0x00 },
  { 0x05, 0x73, 0x55, 0x50, 0x5F, 0x55, 0x5F, 0x00 },
  { 0x05, 0x6B, 0x6D, 0x58, 0x5F, 0x55, 0x5F, 0x00 },
  { 0x05, 0x6B, 0x5D, 0x58, 0x1F, 0x15, 0x7F, 0x00 },
  { 0x05, 0x6B, 0x5D, 0x58, 0x7F, 0x55, 0x7F, 0x00 },
  { 0x05, 0x6B, 0x5D, 0x58, 0x7F, 0x65, 0x7F, 0x00 },
  { 0x05, 0x6B, 0x5D, 0x58, 0x4F, 0x35, 0x4F, 0x00 }, // '쟰'
  { 0x05, 0x6B, 0x5D, 0x58, 0x7F, 0x75, 0x5F, 0x00 },
  { 0x05, 0x6B, 0x5D, 0x78, 0x5F, 0x75, 0x5F, 0x00 },
  { 0x05, 0x6B, 0x5D, 0x58, 0x2F, 0x55, 0x2F, 0x00 },
  { 0x05, 0x73, 0x55, 0x50, 0x5F, 0x55, 0x7F, 0x00 },
  { 0x0D, 0x73, 0x6D, 0x60, 0x6F, 0x6A, 0x7F, 0x00 },
  { 0x0D, 0x73, 0x6D, 0x70, 0x4F, 0x35, 0x4F, 0x00 },
  { 0x0D, 0x43, 0x2D, 0x10, 0x3F, 0x4A, 0x1F, 0x00 },
  { 0x0D, 0x43, 0x2D, 0x40, 0x3F, 0x4A, 0x1F, 0x00 },
  { 0x05, 0x23, 0x55, 0x50, 0x5F, 0x55, 0x2F, 0x00 },
  { 0x05, 0x53, 0x55, 0x30, 0x3F, 0x55, 0x5F, 0x00 },
  { 0x05, 0x53, 0x55, 0x38, 0x37, 0x55, 0x5F, 0x00 },
  { 0x05, 0x13, 0x35, 0x30, 0x3F, 0x35, 0x7F, 0x00 },
  { 0x05, 0x7B, 0x5D, 0x58, 0x5F, 0x55, 0x4F, 0x00 },
  { 0x05, 0x53, 0x75, 0x50, 0x5F, 0x75, 0x5F, 0x00 },
  { 0x05, 0x13, 0x35, 0x58, 0x57, 0x35, 0x1F, 0x00 },
  { 0x00, 0x39, 0x07, 0x39, 0x04, 0x04, 0x7F, 0x00 }, // '저'
  { 0x00, 0x0D, 0x23, 0x2D, 0x22, 0x22, 0x6F, 0x00 },
  { 0x00, 0x0D, 0x23, 0x2D, 0x62, 0x22, 0x6F, 0x00 },
  { 0x0D, 0x23, 0x2D, 0x62, 0x42, 0x2F, 0x40, 0x00 },
  { 0x00, 0x0D, 0x63, 0x4D, 0x42, 0x42, 0x5F, 0x00 },
  { 0x00, 0x05, 0x73, 0x43, 0x55, 0x32, 0x57, 0x00 },
  { 0x05, 0x73, 0x43, 0x55, 0x32, 0x5F, 0x30, 0x00 },
  { 0x00, 0x05, 0x73, 0x53, 0x55, 0x52, 0x57, 0x00 },
  { 0x00, 0x05, 0x6B, 0x6B, 0x5D, 0x5A, 0x5F, 0x00 },
  { 0x00, 0x05, 0x6B, 0x5B, 0x5D, 0x0A, 0x7F, 0x00 },
  { 0x00, 0x05, 0x6B, 0x5B, 0x7D, 0x4A, 0x7F, 0x00 },
  { 0x00, 0x05, 0x6B, 0x5B, 0x7D, 0x52, 0x7F, 0x00 },
  { 0x05, 0x6B, 0x5B, 0x5D, 0x42, 0x37, 0x40, 0x00 },
  { 0x00, 0x05, 0x6B, 0x5B, 0x7D, 0x5A, 0x4F, 0x00 },
  { 0x05, 0x6B, 0x5B, 0x7D, 0x4A, 0x7F, 0x48, 0x00 },
  { 0x05, 0x6B, 0x5B, 0x5D, 0x32, 0x5F, 0x30, 0x00 },
  { 0x00, 0x05, 0x73, 0x53, 0x55, 0x52, 0x77, 0x00 }, // '점'
  { 0x00, 0x05, 0x73, 0x63, 0x65, 0x62, 0x77, 0x00 },
  { 0x05, 0x73, 0x63, 0x75, 0x42, 0x37, 0x40, 0x00 },
  { 0x00, 0x0D, 0x43, 0x2D, 0x12, 0x22, 0x4F, 0x00 },
  { 0x00, 0x05, 0x43, 0x33, 0x45, 0x32, 0x47, 0x00 },
  { 0x00, 0x05, 0x23, 0x53, 0x55, 0x52, 0x27, 0x00 },
  { 0x00, 0x05, 0x53, 0x33, 0x15, 0x32, 0x57, 0x00 },
  { 0x00, 0x05, 0x53, 0x33, 0x1D, 0x32, 0x57, 0x00 },
  { 0x00, 0x05, 0x13, 0x33, 0x35, 0x32, 0x77, 0x00 },
  { 0x00, 0x05, 0x7B, 0x5B, 0x5D, 0x5A, 0x4F, 0x00 },
  { 0x00, 0x05, 0x53, 0x73, 0x55, 0x72, 0x57, 0x00 },
  { 0x00, 0x05, 0x13, 0x33, 0x5D, 0x32, 0x17, 0x00 },
  { 0x39, 0x07, 0x39, 0x04, 0x7F, 0x00, 0x7F, 0x00 },
  { 0x0D, 0x23, 0x2D, 0x22, 0x2F, 0x20, 0x6F, 0x00 },
  { 0x0D, 0x23, 0x2D, 0x62, 0x2F, 0x20, 0x6F, 0x00 },
  { 0x0D, 0x23, 0x2D, 0x62, 0x4F, 0x20, 0x4F, 0x00 },
  { 0x0D, 0x63, 0x4D, 0x42, 0x5F, 0x40, 0x5F, 0x00 }, // '젠'
  { 0x0D, 0x63, 0x4D, 0x42, 0x57, 0x30, 0x57, 0x00 },
  { 0x0D, 0x63, 0x4D, 0x52, 0x37, 0x58, 0x37, 0x00 },
  { 0x05, 0x73, 0x55, 0x52, 0x57, 0x50, 0x57, 0x00 },
  { 0x05, 0x6B, 0x6D, 0x5A, 0x5F, 0x58, 0x5F, 0x00 },
  { 0x05, 0x6B, 0x5D, 0x5A, 0x0F, 0x08, 0x7F, 0x00 },
  { 0x05, 0x6B, 0x5D, 0x5A, 0x7F, 0x48, 0x7F, 0x00 },
  { 0x05, 0x6B, 0x5D, 0x5A, 0x7F, 0x50, 0x7F, 0x00 },
  { 0x05, 0x6B, 0x5D, 0x5A, 0x67, 0x18, 0x67, 0x00 },
  { 0x05, 0x6B, 0x5D, 0x5A, 0x7F, 0x58, 0x4F, 0x00 },
  { 0x05, 0x6B, 0x5D, 0x7A, 0x4F, 0x78, 0x4F, 0x00 },
  { 0x05, 0x6B, 0x5D, 0x5A, 0x37, 0x58, 0x37, 0x00 },
  { 0x05, 0x73, 0x55, 0x52, 0x57, 0x50, 0x77, 0x00 },
  { 0x0D, 0x73, 0x6D, 0x62, 0x6F, 0x60, 0x7F, 0x00 },
  { 0x0D, 0x73, 0x6D, 0x72, 0x4F, 0x30, 0x4F, 0x00 },
  { 0x0D, 0x43, 0x2D, 0x12, 0x2F, 0x40, 0x0F, 0x00 },
  { 0x0D, 0x43, 0x2D, 0x42, 0x2F, 0x40, 0x0F, 0x00 }, // '젰'
  { 0x05, 0x23, 0x55, 0x52, 0x57, 0x50, 0x27, 0x00 },
  { 0x05, 0x53, 0x55, 0x32, 0x37, 0x50, 0x57, 0x00 },
  { 0x05, 0x53, 0x55, 0x3A, 0x37, 0x50, 0x57, 0x00 },
  { 0x05, 0x13, 0x35, 0x32, 0x37, 0x30, 0x77, 0x00 },
  { 0x05, 0x7B, 0x5D, 0x5A, 0x5F, 0x58, 0x4F, 0x00 },
  { 0x05, 0x53, 0x75, 0x52, 0x57, 0x70, 0x57, 0x00 },
  { 0x05, 0x13, 0x35, 0x5A, 0x57, 0x30, 0x17, 0x00 },
  { 0x00, 0x39, 0x07, 0x39, 0x0A, 0x0A, 0x7F, 0x00 },
  { 0x00, 0x0D, 0x23, 0x2D, 0x20, 0x2A, 0x7F, 0x00 },
  { 0x00, 0x0D, 0x23, 0x2D, 0x60, 0x2A, 0x7F, 0x00 },
  { 0x0D, 0x23, 0x2D, 0x60, 0x4A, 0x3F, 0x40, 0x00 },
  { 0x00, 0x0D, 0x63, 0x4D, 0x40, 0x4A, 0x5F, 0x00 },
  { 0x00, 0x0D, 0x63, 0x4D, 0x50, 0x35, 0x5F, 0x00 },
  { 0x0D, 0x63, 0x4D, 0x50, 0x35, 0x5F, 0x30, 0x00 },
  { 0x00, 0x0D, 0x73, 0x5D, 0x50, 0x55, 0x5F, 0x00 },
  { 0x00, 0x05, 0x6B, 0x6D, 0x58, 0x55, 0x5F, 0x00 }, // '졀'
  { 0x00, 0x05, 0x6B, 0x5D, 0x58, 0x15, 0x7F, 0x00 },
  { 0x00, 0x05, 0x6B, 0x5D, 0x78, 0x55, 0x7F, 0x00 },
  { 0x00, 0x05, 0x6B, 0x5D, 0x78, 0x65, 0x7F, 0x00 },
  { 0x05, 0x6B, 0x5D, 0x58, 0x45, 0x2F, 0x40, 0x00 },
  { 0x00, 0x05, 0x6B, 0x5D, 0x78, 0x75, 0x5F, 0x00 },
  { 0x05, 0x6B, 0x5D, 0x78, 0x55, 0x7F, 0x50, 0x00 },
  { 0x05, 0x6B, 0x5D, 0x58, 0x35, 0x5F, 0x30, 0x00 },
  { 0x00, 0x05, 0x73, 0x55, 0x50, 0x55, 0x7F, 0x00 },
  { 0x00, 0x0D, 0x73, 0x6D, 0x60, 0x65, 0x7F, 0x00 },
  { 0x05, 0x73, 0x65, 0x70, 0x45, 0x2F, 0x40, 0x00 },
  { 0x00, 0x0D, 0x43, 0x2D, 0x10, 0x25, 0x4F, 0x00 },
  { 0x00, 0x05, 0x43, 0x35, 0x40, 0x35, 0x4F, 0x00 },
  { 0x00, 0x05, 0x23, 0x55, 0x50, 0x55, 0x2F, 0x00 },
  { 0x00, 0x05, 0x53, 0x35, 0x10, 0x35, 0x5F, 0x00 },
  { 0x00, 0x05, 0x53, 0x35, 0x18, 0x35, 0x5F, 0x00 },
  { 0x00, 0x05, 0x13, 0x35, 0x30, 0x35, 0x7F, 0x00 }, // '졐'
  { 0x00, 0x05, 0x7B, 0x5D, 0x58, 0x55, 0x4F, 0x00 },
  { 0x00, 0x05, 0x53, 0x75, 0x50, 0x75, 0x5F, 0x00 },
  { 0x00, 0x05, 0x13, 0x35, 0x58, 0x35, 0x1F, 0x00 },
  { 0x39, 0x07, 0x39, 0x0A, 0x7F, 0x00, 0x7F, 0x00 },
  { 0x0D, 0x23, 0x2D, 0x2A, 0x3F, 0x20, 0x7F, 0x00 },
  { 0x0D, 0x23, 0x2D, 0x6A, 0x3F, 0x20, 0x7F, 0x00 },
  { 0x0D, 0x23, 0x2D, 0x6A, 0x5F, 0x20, 0x5F, 0x00 },
  { 0x0D, 0x63, 0x4D, 0x4A, 0x5F, 0x40, 0x5F, 0x00 },
  { 0x0D, 0x63, 0x4D, 0x46, 0x5F, 0x30, 0x5F, 0x00 },
  { 0x0D, 0x63, 0x4D, 0x46, 0x2F, 0x50, 0x2F, 0x00 },
  { 0x05, 0x73, 0x55, 0x56, 0x5F, 0x50, 0x5F, 0x00 },
  { 0x05, 0x13, 0x55, 0x76, 0x7F, 0x50, 0x4F, 0x00 },
  { 0x05, 0x53, 0x75, 0x56, 0x1F, 0x10, 0x7F, 0x00 },
  { 0x05, 0x53, 0x75, 0x56, 0x7F, 0x50, 0x7F, 0x00 },
  { 0x05, 0x53, 0x75, 0x56, 0x7F, 0x60, 0x7F, 0x00 },
  { 0x05, 0x53, 0x75, 0x56, 0x4F, 0x30, 0x4F, 0x00 }, // '졠'
  { 0x05, 0x53, 0x75, 0x56, 0x7F, 0x70, 0x5F, 0x00 },
  { 0x05, 0x53, 0x75, 0x76, 0x5F, 0x70, 0x5F, 0x00 },
  { 0x05, 0x53, 0x75, 0x56, 0x2F, 0x50, 0x2F, 0x00 },
  { 0x0D, 0x73, 0x5D, 0x56, 0x5F, 0x50, 0x7F, 0x00 },
  { 0x0D, 0x73, 0x6D, 0x6A, 0x6F, 0x60, 0x7F, 0x00 },
  { 0x0D, 0x73, 0x6D, 0x76, 0x4F, 0x30, 0x4F, 0x00 },
  { 0x0D, 0x43, 0x4D, 0x2A, 0x5F, 0x40, 0x1F, 0x00 },
  { 0x0D, 0x43, 0x2D, 0x4A, 0x3F, 0x40, 0x1F, 0x00 },
  { 0x05, 0x23, 0x55, 0x56, 0x5F, 0x50, 0x2F, 0x00 },
  { 0x05, 0x53, 0x55, 0x36, 0x3F, 0x50, 0x5F, 0x00 },
  { 0x05, 0x23, 0x65, 0x36, 0x2F, 0x60, 0x2F, 0x00 },
  { 0x05, 0x13, 0x35, 0x36, 0x3F, 0x30, 0x7F, 0x00 },
  { 0x05, 0x7B, 0x5D, 0x56, 0x5F, 0x58, 0x4F, 0x00 },
  { 0x05, 0x53, 0x75, 0x56, 0x5F, 0x70, 0x5F, 0x00 },
  { 0x05, 0x23, 0x65, 0x56, 0x6F, 0x60, 0x2F, 0x00 },
  { 0x20, 0x29, 0x25, 0x33, 0x25, 0x29, 0x20, 0x00 }, // '조'
  { 0x10, 0x35, 0x33, 0x39, 0x33, 0x75, 0x10, 0x00 },
  { 0x10, 0x35, 0x33, 0x79, 0x33, 0x75, 0x10, 0x00 },
  { 0x10, 0x35, 0x33, 0x79, 0x53, 0x35, 0x50, 0x00 },
  { 0x10, 0x75, 0x53, 0x59, 0x53, 0x55, 0x10, 0x00 },
  { 0x08, 0x6D, 0x4B, 0x5D, 0x3B, 0x5D, 0x08, 0x00 },
  { 0x08, 0x6D, 0x4B, 0x4D, 0x2B, 0x5D, 0x28, 0x00 },
  { 0x08, 0x7D, 0x5B, 0x5D, 0x5B, 0x5D, 0x08, 0x00 },
  { 0x08, 0x6D, 0x6B, 0x5D, 0x5B, 0x5D, 0x08, 0x00 },
  { 0x08, 0x5D, 0x7B, 0x5D, 0x1B, 0x7D, 0x08, 0x00 },
  { 0x08, 0x5D, 0x7B, 0x7D, 0x5B, 0x7D, 0x08, 0x00 },
  { 0x08, 0x5D, 0x7B, 0x5D, 0x6B, 0x7D, 0x08, 0x00 },
  { 0x08, 0x5D, 0x7B, 0x5D, 0x4B, 0x3D, 0x48, 0x00 },
  { 0x08, 0x5D, 0x7B, 0x5D, 0x7B, 0x7D, 0x58, 0x00 },
  { 0x08, 0x5D, 0x7B, 0x7D, 0x5B, 0x7D, 0x58, 0x00 },
  { 0x08, 0x5D, 0x7B, 0x5D, 0x2B, 0x5D, 0x28, 0x00 },
  { 0x08, 0x7D, 0x5B, 0x5D, 0x5B, 0x7D, 0x08, 0x00 }, // '좀'
  { 0x08, 0x7D, 0x6B, 0x6D, 0x6B, 0x7D, 0x08, 0x00 },
  { 0x08, 0x7D, 0x6B, 0x7D, 0x4B, 0x3D, 0x48, 0x00 },
  { 0x10, 0x55, 0x53, 0x39, 0x53, 0x55, 0x10, 0x00 },
  { 0x10, 0x55, 0x33, 0x59, 0x33, 0x55, 0x10, 0x00 },
  { 0x10, 0x35, 0x53, 0x59, 0x53, 0x35, 0x10, 0x00 },
  { 0x08, 0x5D, 0x3B, 0x1D, 0x3B, 0x5D, 0x08, 0x00 },
  { 0x08, 0x2D, 0x6B, 0x3D, 0x6B, 0x2D, 0x08, 0x00 },
  { 0x08, 0x1D, 0x3B, 0x3D, 0x3B, 0x7D, 0x08, 0x00 },
  { 0x08, 0x7D, 0x7B, 0x7D, 0x7B, 0x5D, 0x08, 0x00 },
  { 0x10, 0x55, 0x73, 0x59, 0x73, 0x55, 0x10, 0x00 },
  { 0x08, 0x2D, 0x6B, 0x5D, 0x6B, 0x2D, 0x08, 0x00 },
  { 0x29, 0x25, 0x33, 0x25, 0x29, 0x7F, 0x08, 0x00 },
  { 0x15, 0x33, 0x3B, 0x35, 0x30, 0x7F, 0x04, 0x00 },
  { 0x15, 0x33, 0x3B, 0x75, 0x30, 0x7F, 0x04, 0x00 },
  { 0x15, 0x33, 0x3B, 0x75, 0x50, 0x3F, 0x44, 0x00 },
  { 0x15, 0x73, 0x5B, 0x55, 0x50, 0x5F, 0x04, 0x00 }, // '좐'
  { 0x15, 0x73, 0x5B, 0x55, 0x30, 0x5F, 0x04, 0x00 },
  { 0x15, 0x73, 0x5B, 0x55, 0x30, 0x5F, 0x34, 0x00 },
  { 0x0D, 0x7B, 0x5D, 0x5B, 0x5D, 0x5F, 0x02, 0x00 },
  { 0x0D, 0x6B, 0x6D, 0x5B, 0x5D, 0x5F, 0x02, 0x00 },
  { 0x0D, 0x6B, 0x5D, 0x5B, 0x1D, 0x7F, 0x02, 0x00 },
  { 0x0D, 0x6B, 0x5D, 0x7B, 0x5D, 0x7F, 0x02, 0x00 },
  { 0x0D, 0x6B, 0x5D, 0x7B, 0x6D, 0x7F, 0x02, 0x00 },
  { 0x0D, 0x6B, 0x5D, 0x5B, 0x4D, 0x3F, 0x42, 0x00 },
  { 0x0D, 0x6B, 0x5D, 0x7B, 0x7D, 0x5F, 0x02, 0x00 },
  { 0x0D, 0x6B, 0x5D, 0x7B, 0x5D, 0x7F, 0x52, 0x00 },
  { 0x0D, 0x6B, 0x5D, 0x5B, 0x2D, 0x5F, 0x22, 0x00 },
  { 0x15, 0x73, 0x5B, 0x55, 0x50, 0x7F, 0x04, 0x00 },
  { 0x0D, 0x7B, 0x6D, 0x6B, 0x6D, 0x7F, 0x02, 0x00 },
  { 0x0D, 0x7B, 0x6D, 0x7B, 0x4D, 0x3F, 0x42, 0x00 },
  { 0x15, 0x53, 0x5B, 0x35, 0x50, 0x5F, 0x04, 0x00 },
  { 0x15, 0x53, 0x3B, 0x55, 0x30, 0x5F, 0x04, 0x00 }, // '좠'
  { 0x15, 0x33, 0x5B, 0x55, 0x50, 0x3F, 0x04, 0x00 },
  { 0x0D, 0x5B, 0x3D, 0x1B, 0x3D, 0x5F, 0x02, 0x00 },
  { 0x0D, 0x2B, 0x6D, 0x3B, 0x6D, 0x2F, 0x02, 0x00 },
  { 0x0D, 0x1B, 0x3D, 0x3B, 0x3D, 0x7F, 0x02, 0x00 },
  { 0x0D, 0x7B, 0x5D, 0x5B, 0x5D, 0x4F, 0x02, 0x00 },
  { 0x15, 0x53, 0x7B, 0x55, 0x70, 0x5F, 0x04, 0x00 },
  { 0x0D, 0x2B, 0x6D, 0x5B, 0x6D, 0x2F, 0x02, 0x00 },
  { 0x25, 0x33, 0x25, 0x20, 0x7F, 0x08, 0x7F, 0x00 },
  { 0x15, 0x3B, 0x35, 0x30, 0x3F, 0x24, 0x7F, 0x00 },
  { 0x15, 0x3B, 0x35, 0x70, 0x3F, 0x24, 0x7F, 0x00 },
  { 0x15, 0x3B, 0x35, 0x70, 0x5F, 0x24, 0x5F, 0x00 },
  { 0x15, 0x7B, 0x55, 0x50, 0x5F, 0x44, 0x5F, 0x00 },
  { 0x15, 0x7B, 0x55, 0x50, 0x5F, 0x32, 0x5F, 0x00 },
  { 0x15, 0x7B, 0x55, 0x50, 0x3F, 0x52, 0x3F, 0x00 },
  { 0x0D, 0x7B, 0x5D, 0x58, 0x5F, 0x52, 0x5F, 0x00 },
  { 0x0D, 0x1B, 0x5D, 0x78, 0x7F, 0x52, 0x4F, 0x00 }, // '좰'
  { 0x0D, 0x5B, 0x7D, 0x58, 0x1F, 0x12, 0x7F, 0x00 },
  { 0x0D, 0x5B, 0x7D, 0x58, 0x7F, 0x52, 0x7F, 0x00 },
  { 0x0D, 0x5B, 0x7D, 0x58, 0x7F, 0x62, 0x7F, 0x00 },
  { 0x0D, 0x5B, 0x7D, 0x58, 0x4F, 0x32, 0x4F, 0x00 },
  { 0x0D, 0x5B, 0x7D, 0x58, 0x7F, 0x72, 0x5F, 0x00 },
  { 0x0D, 0x5B, 0x7D, 0x78, 0x5F, 0x72, 0x5F, 0x00 },
  { 0x0D, 0x5B, 0x7D, 0x58, 0x2F, 0x52, 0x2F, 0x00 },
  { 0x15, 0x7B, 0x55, 0x50, 0x5F, 0x54, 0x7F, 0x00 },
  { 0x0D, 0x7B, 0x6D, 0x68, 0x6F, 0x62, 0x7F, 0x00 },
  { 0x0D, 0x7B, 0x6D, 0x78, 0x4F, 0x32, 0x4F, 0x00 },
  { 0x15, 0x5B, 0x55, 0x30, 0x5F, 0x44, 0x1F, 0x00 },
  { 0x15, 0x5B, 0x35, 0x50, 0x3F, 0x44, 0x1F, 0x00 },
  { 0x15, 0x3B, 0x55, 0x50, 0x5F, 0x54, 0x3F, 0x00 },
  { 0x0D, 0x5B, 0x5D, 0x38, 0x3F, 0x52, 0x5F, 0x00 },
  { 0x0D, 0x2B, 0x6D, 0x38, 0x2F, 0x62, 0x2F, 0x00 },
  { 0x0D, 0x1B, 0x3D, 0x38, 0x3F, 0x32, 0x7F, 0x00 }, // '죀'
  { 0x0D, 0x7B, 0x5D, 0x58, 0x5F, 0x5A, 0x4F, 0x00 },
  { 0x0D, 0x5B, 0x7D, 0x58, 0x5F, 0x72, 0x5F, 0x00 },
  { 0x0D, 0x2B, 0x6D, 0x58, 0x6F, 0x62, 0x2F, 0x00 },
  { 0x00, 0x29, 0x25, 0x33, 0x25, 0x29, 0x7F, 0x00 },
  { 0x00, 0x15, 0x33, 0x3B, 0x35, 0x30, 0x7F, 0x00 },
  { 0x00, 0x15, 0x33, 0x3B, 0x75, 0x30, 0x7F, 0x00 },
  { 0x15, 0x33, 0x3B, 0x75, 0x50, 0x3F, 0x40, 0x00 },
  { 0x00, 0x15, 0x73, 0x5B, 0x55, 0x50, 0x5F, 0x00 },
  { 0x00, 0x15, 0x73, 0x5B, 0x55, 0x30, 0x5F, 0x00 },
  { 0x15, 0x73, 0x5B, 0x55, 0x30, 0x5F, 0x30, 0x00 },
  { 0x00, 0x0D, 0x7B, 0x5D, 0x5B, 0x5D, 0x5F, 0x00 },
  { 0x00, 0x0D, 0x6B, 0x6D, 0x5B, 0x5D, 0x5F, 0x00 },
  { 0x00, 0x0D, 0x6B, 0x5D, 0x5B, 0x1D, 0x7F, 0x00 },
  { 0x00, 0x0D, 0x6B, 0x5D, 0x7B, 0x5D, 0x7F, 0x00 },
  { 0x00, 0x0D, 0x6B, 0x5D, 0x7B, 0x6D, 0x7F, 0x00 },
  { 0x0D, 0x6B, 0x5D, 0x5B, 0x4D, 0x3F, 0x40, 0x00 }, // '죐'
  { 0x00, 0x0D, 0x6B, 0x5D, 0x7B, 0x7D, 0x5F, 0x00 },
  { 0x0D, 0x6B, 0x5D, 0x7B, 0x5D, 0x7F, 0x50, 0x00 },
  { 0x0D, 0x6B, 0x5D, 0x5B, 0x2D, 0x5F, 0x20, 0x00 },
  { 0x00, 0x15, 0x73, 0x5B, 0x55, 0x50, 0x7F, 0x00 },
  { 0x00, 0x0D, 0x7B, 0x6D, 0x6B, 0x6D, 0x7F, 0x00 },
  { 0x0D, 0x7B, 0x6D, 0x7B, 0x4D, 0x3F, 0x40, 0x00 },
  { 0x00, 0x15, 0x53, 0x5B, 0x35, 0x50, 0x5F, 0x00 },
  { 0x00, 0x15, 0x53, 0x3B, 0x55, 0x30, 0x5F, 0x00 },
  { 0x00, 0x15, 0x33, 0x5B, 0x55, 0x50, 0x3F, 0x00 },
  { 0x00, 0x0D, 0x5B, 0x3D, 0x1B, 0x3D, 0x5F, 0x00 },
  { 0x00, 0x0D, 0x2B, 0x6D, 0x3B, 0x6D, 0x2F, 0x00 },
  { 0x00, 0x0D, 0x1B, 0x3D, 0x3B, 0x3D, 0x7F, 0x00 },
  { 0x00, 0x0D, 0x7B, 0x5D, 0x5B, 0x5D, 0x4F, 0x00 },
  { 0x00, 0x15, 0x53, 0x7B, 0x55, 0x70, 0x5F, 0x00 },
  { 0x00, 0x0D, 0x2B, 0x6D, 0x5B, 0x6D, 0x2F, 0x00 },
  { 0x20, 0x29, 0x35, 0x23, 0x35, 0x29, 0x20, 0x00 }, // '죠'
  { 0x10, 0x35, 0x3B, 0x31, 0x3B, 0x75, 0x10, 0x00 },
  { 0x10, 0x35, 0x3B, 0x71, 0x3B, 0x75, 0x10, 0x00 },
  { 0x10, 0x35, 0x3B, 0x71, 0x5B, 0x35, 0x50, 0x00 },
  { 0x10, 0x75, 0x5B, 0x51, 0x5B, 0x55, 0x10, 0x00 },
  { 0x08, 0x6D, 0x4F, 0x59, 0x3F, 0x5D, 0x08, 0x00 },
  { 0x08, 0x6D, 0x4F, 0x49, 0x2F, 0x5D, 0x28, 0x00 },
  { 0x08, 0x7D, 0x5F, 0x59, 0x5F, 0x5D, 0x08, 0x00 },
  { 0x08, 0x6D, 0x6F, 0x59, 0x5F, 0x5D, 0x08, 0x00 },
  { 0x08, 0x6D, 0x5F, 0x59, 0x1F, 0x7D, 0x08, 0x00 },
  { 0x08, 0x6D, 0x5F, 0x79, 0x5F, 0x7D, 0x08, 0x00 },
  { 0x08, 0x6D, 0x5F, 0x79, 0x6F, 0x7D, 0x08, 0x00 },
  { 0x08, 0x6D, 0x5F, 0x59, 0x4F, 0x3D, 0x48, 0x00 },
  { 0x08, 0x6D, 0x5F, 0x79, 0x7F, 0x5D, 0x08, 0x00 },
  { 0x08, 0x6D, 0x5F, 0x79, 0x5F, 0x7D, 0x58, 0x00 },
  { 0x08, 0x6D, 0x5F, 0x59, 0x2F, 0x5D, 0x28, 0x00 },
  { 0x10, 0x75, 0x5B, 0x51, 0x5B, 0x75, 0x10, 0x00 }, // '죰'
  { 0x08, 0x7D, 0x6F, 0x69, 0x6F, 0x7D, 0x08, 0x00 },
  { 0x08, 0x7D, 0x6F, 0x79, 0x4F, 0x3D, 0x48, 0x00 },
  { 0x10, 0x55, 0x5B, 0x31, 0x5B, 0x55, 0x10, 0x00 },
  { 0x10, 0x55, 0x3B, 0x51, 0x3B, 0x55, 0x10, 0x00 },
  { 0x10, 0x35, 0x5B, 0x51, 0x5B, 0x35, 0x10, 0x00 },
  { 0x08, 0x5D, 0x3F, 0x19, 0x3F, 0x5D, 0x08, 0x00 },
  { 0x08, 0x2D, 0x6F, 0x39, 0x6F, 0x2D, 0x08, 0x00 },
  { 0x08, 0x1D, 0x3F, 0x39, 0x3F, 0x7D, 0x08, 0x00 },
  { 0x08, 0x7D, 0x7F, 0x79, 0x7F, 0x5D, 0x08, 0x00 },
  { 0x10, 0x55, 0x7B, 0x51, 0x7B, 0x55, 0x10, 0x00 },
  { 0x08, 0x2D, 0x6F, 0x59, 0x6F, 0x2D, 0x08, 0x00 },
  { 0x10, 0x15, 0x13, 0x71, 0x13, 0x15, 0x10, 0x00 },
  { 0x08, 0x2D, 0x2B, 0x39, 0x2B, 0x6D, 0x08, 0x00 },
  { 0x08, 0x2D, 0x2B, 0x79, 0x2B, 0x6D, 0x08, 0x00 },
  { 0x08, 0x2D, 0x2B, 0x79, 0x4B, 0x2D, 0x48, 0x00 },
  { 0x08, 0x6D, 0x4B, 0x59, 0x4B, 0x4D, 0x08, 0x00 }, // '준'
  { 0x04, 0x75, 0x45, 0x5B, 0x35, 0x55, 0x04, 0x00 },
  { 0x04, 0x75, 0x45, 0x5B, 0x35, 0x55, 0x34, 0x00 },
  { 0x04, 0x75, 0x55, 0x5B, 0x55, 0x55, 0x04, 0x00 },
  { 0x04, 0x15, 0x55, 0x7B, 0x55, 0x45, 0x04, 0x00 },
  { 0x04, 0x55, 0x75, 0x5B, 0x15, 0x75, 0x04, 0x00 },
  { 0x04, 0x55, 0x75, 0x7B, 0x55, 0x75, 0x04, 0x00 },
  { 0x04, 0x55, 0x75, 0x5B, 0x65, 0x75, 0x04, 0x00 },
  { 0x04, 0x55, 0x75, 0x5B, 0x45, 0x35, 0x44, 0x00 },
  { 0x04, 0x55, 0x75, 0x5B, 0x75, 0x75, 0x54, 0x00 },
  { 0x04, 0x55, 0x75, 0x7B, 0x55, 0x75, 0x54, 0x00 },
  { 0x04, 0x55, 0x75, 0x5B, 0x35, 0x55, 0x34, 0x00 },
  { 0x08, 0x6D, 0x6B, 0x79, 0x6B, 0x6D, 0x08, 0x00 },
  { 0x08, 0x7D, 0x6B, 0x79, 0x6B, 0x7D, 0x08, 0x00 },
  { 0x08, 0x7D, 0x6B, 0x79, 0x4B, 0x3D, 0x48, 0x00 },
  { 0x08, 0x4D, 0x4B, 0x39, 0x4B, 0x4D, 0x08, 0x00 },
  { 0x08, 0x4D, 0x2B, 0x59, 0x2B, 0x4D, 0x08, 0x00 }, // '줐'
  { 0x04, 0x25, 0x55, 0x5B, 0x55, 0x25, 0x04, 0x00 },
  { 0x04, 0x55, 0x35, 0x1B, 0x35, 0x55, 0x04, 0x00 },
  { 0x04, 0x25, 0x65, 0x3B, 0x65, 0x25, 0x04, 0x00 },
  { 0x04, 0x15, 0x35, 0x3B, 0x35, 0x75, 0x04, 0x00 },
  { 0x04, 0x75, 0x75, 0x7B, 0x75, 0x55, 0x04, 0x00 },
  { 0x04, 0x55, 0x75, 0x5B, 0x75, 0x55, 0x04, 0x00 },
  { 0x04, 0x25, 0x65, 0x5B, 0x65, 0x25, 0x04, 0x00 },
  { 0x00, 0x15, 0x13, 0x73, 0x15, 0x20, 0x7F, 0x00 },
  { 0x00, 0x0D, 0x2B, 0x3B, 0x2D, 0x30, 0x7F, 0x00 },
  { 0x00, 0x0D, 0x2B, 0x3B, 0x6D, 0x30, 0x7F, 0x00 },
  { 0x0D, 0x2B, 0x3B, 0x6D, 0x50, 0x3F, 0x40, 0x00 },
  { 0x00, 0x0D, 0x6B, 0x5B, 0x4D, 0x50, 0x5F, 0x00 },
  { 0x00, 0x05, 0x77, 0x4B, 0x55, 0x38, 0x5F, 0x00 },
  { 0x05, 0x77, 0x4B, 0x45, 0x28, 0x5F, 0x20, 0x00 },
  { 0x00, 0x05, 0x77, 0x5B, 0x55, 0x58, 0x5F, 0x00 },
  { 0x00, 0x05, 0x17, 0x5B, 0x75, 0x58, 0x4F, 0x00 }, // '줠'
  { 0x00, 0x05, 0x57, 0x7B, 0x55, 0x18, 0x7F, 0x00 },
  { 0x00, 0x05, 0x57, 0x7B, 0x75, 0x58, 0x7F, 0x00 },
  { 0x00, 0x05, 0x57, 0x7B, 0x55, 0x68, 0x7F, 0x00 },
  { 0x05, 0x57, 0x7B, 0x55, 0x48, 0x3F, 0x40, 0x00 },
  { 0x05, 0x57, 0x7B, 0x55, 0x78, 0x7F, 0x50, 0x00 },
  { 0x05, 0x57, 0x7B, 0x75, 0x58, 0x7F, 0x50, 0x00 },
  { 0x05, 0x57, 0x7B, 0x55, 0x28, 0x5F, 0x20, 0x00 },
  { 0x00, 0x05, 0x77, 0x5B, 0x55, 0x58, 0x7F, 0x00 },
  { 0x00, 0x05, 0x77, 0x6B, 0x65, 0x68, 0x7F, 0x00 },
  { 0x05, 0x77, 0x6B, 0x75, 0x48, 0x3F, 0x40, 0x00 },
  { 0x00, 0x0D, 0x4B, 0x5B, 0x2D, 0x58, 0x5F, 0x00 },
  { 0x00, 0x0D, 0x5B, 0x2B, 0x4D, 0x30, 0x5F, 0x00 },
  { 0x00, 0x05, 0x27, 0x5B, 0x55, 0x58, 0x2F, 0x00 },
  { 0x00, 0x05, 0x57, 0x3B, 0x15, 0x38, 0x5F, 0x00 },
  { 0x00, 0x05, 0x27, 0x6B, 0x35, 0x68, 0x2F, 0x00 },
  { 0x00, 0x05, 0x17, 0x3B, 0x35, 0x38, 0x7F, 0x00 }, // '줰'
  { 0x00, 0x05, 0x77, 0x7B, 0x75, 0x78, 0x5F, 0x00 },
  { 0x00, 0x05, 0x57, 0x7B, 0x55, 0x78, 0x5F, 0x00 },
  { 0x00, 0x05, 0x27, 0x6B, 0x55, 0x68, 0x2F, 0x00 },
  { 0x15, 0x73, 0x15, 0x20, 0x7F, 0x00, 0x7F, 0x00 },
  { 0x0D, 0x3B, 0x2D, 0x30, 0x3F, 0x20, 0x7F, 0x00 },
  { 0x0D, 0x3B, 0x2D, 0x70, 0x3F, 0x20, 0x7F, 0x00 },
  { 0x0D, 0x3B, 0x2D, 0x70, 0x5F, 0x20, 0x5F, 0x00 },
  { 0x0D, 0x7B, 0x4D, 0x50, 0x5F, 0x40, 0x5F, 0x00 },
  { 0x05, 0x6B, 0x45, 0x48, 0x5F, 0x30, 0x5F, 0x00 },
  { 0x05, 0x6B, 0x45, 0x48, 0x2F, 0x50, 0x2F, 0x00 },
  { 0x05, 0x7B, 0x55, 0x58, 0x5F, 0x50, 0x5F, 0x00 },
  { 0x05, 0x1B, 0x55, 0x78, 0x7F, 0x50, 0x4F, 0x00 },
  { 0x05, 0x5B, 0x75, 0x58, 0x1F, 0x10, 0x7F, 0x00 },
  { 0x05, 0x5B, 0x75, 0x58, 0x7F, 0x50, 0x7F, 0x00 },
  { 0x05, 0x5B, 0x75, 0x58, 0x7F, 0x60, 0x7F, 0x00 },
  { 0x05, 0x5B, 0x75, 0x58, 0x4F, 0x30, 0x4F, 0x00 }, // '쥀'
  { 0x05, 0x5B, 0x75, 0x58, 0x7F, 0x70, 0x5F, 0x00 },
  { 0x05, 0x5B, 0x75, 0x78, 0x5F, 0x70, 0x5F, 0x00 },
  { 0x05, 0x5B, 0x75, 0x58, 0x3F, 0x50, 0x3F, 0x00 },
  { 0x05, 0x7B, 0x55, 0x58, 0x5F, 0x50, 0x7F, 0x00 },
  { 0x05, 0x7B, 0x65, 0x68, 0x6F, 0x60, 0x7F, 0x00 },
  { 0x05, 0x7B, 0x65, 0x78, 0x4F, 0x30, 0x4F, 0x00 },
  { 0x0D, 0x5B, 0x4D, 0x30, 0x5F, 0x40, 0x1F, 0x00 },
  { 0x0D, 0x5B, 0x2D, 0x50, 0x3F, 0x40, 0x1F, 0x00 },
  { 0x05, 0x2B, 0x55, 0x58, 0x5F, 0x50, 0x2F, 0x00 },
  { 0x05, 0x5B, 0x55, 0x38, 0x3F, 0x50, 0x5F, 0x00 },
  { 0x05, 0x2B, 0x65, 0x38, 0x2F, 0x60, 0x2F, 0x00 },
  { 0x05, 0x1B, 0x35, 0x38, 0x3F, 0x30, 0x7F, 0x00 },
  { 0x05, 0x7B, 0x75, 0x78, 0x7F, 0x70, 0x5F, 0x00 },
  { 0x05, 0x5B, 0x75, 0x58, 0x5F, 0x70, 0x5F, 0x00 },
  { 0x05, 0x2B, 0x65, 0x58, 0x6F, 0x60, 0x2F, 0x00 },
  { 0x00, 0x15, 0x13, 0x73, 0x15, 0x10, 0x7F, 0x00 }, // '쥐'
  { 0x00, 0x0D, 0x2B, 0x3B, 0x2D, 0x28, 0x6F, 0x00 },
  { 0x00, 0x0D, 0x2B, 0x3B, 0x6D, 0x28, 0x6F, 0x00 },
  { 0x0D, 0x2B, 0x3B, 0x6D, 0x48, 0x2F, 0x40, 0x00 },
  { 0x00, 0x0D, 0x6B, 0x5B, 0x4D, 0x48, 0x5F, 0x00 },
  { 0x00, 0x05, 0x77, 0x4B, 0x55, 0x34, 0x57, 0x00 },
  { 0x05, 0x77, 0x4B, 0x55, 0x34, 0x5F, 0x30, 0x00 },
  { 0x00, 0x05, 0x77, 0x5B, 0x55, 0x54, 0x57, 0x00 },
  { 0x00, 0x05, 0x17, 0x5B, 0x75, 0x54, 0x4F, 0x00 },
  { 0x00, 0x05, 0x57, 0x7B, 0x55, 0x14, 0x77, 0x00 },
  { 0x00, 0x05, 0x57, 0x7B, 0x75, 0x54, 0x77, 0x00 },
  { 0x00, 0x05, 0x57, 0x7B, 0x75, 0x64, 0x77, 0x00 },
  { 0x05, 0x57, 0x7B, 0x55, 0x44, 0x37, 0x40, 0x00 },
  { 0x05, 0x57, 0x7B, 0x55, 0x74, 0x77, 0x50, 0x00 },
  { 0x05, 0x57, 0x7B, 0x75, 0x54, 0x77, 0x50, 0x00 },
  { 0x05, 0x57, 0x7B, 0x55, 0x34, 0x5F, 0x30, 0x00 },
  { 0x00, 0x05, 0x77, 0x5B, 0x55, 0x54, 0x77, 0x00 }, // '쥠'
  { 0x00, 0x05, 0x75, 0x6B, 0x65, 0x64, 0x77, 0x00 },
  { 0x05, 0x75, 0x6B, 0x75, 0x44, 0x37, 0x40, 0x00 },
  { 0x00, 0x0D, 0x4B, 0x5B, 0x2D, 0x48, 0x5F, 0x00 },
  { 0x00, 0x0D, 0x5B, 0x2B, 0x4D, 0x28, 0x5F, 0x00 },
  { 0x00, 0x05, 0x27, 0x5B, 0x55, 0x54, 0x2F, 0x00 },
  { 0x00, 0x05, 0x57, 0x3B, 0x15, 0x34, 0x57, 0x00 },
  { 0x00, 0x05, 0x27, 0x6B, 0x35, 0x64, 0x2F, 0x00 },
  { 0x00, 0x05, 0x17, 0x3B, 0x35, 0x34, 0x77, 0x00 },
  { 0x00, 0x05, 0x77, 0x7B, 0x75, 0x74, 0x57, 0x00 },
  { 0x00, 0x05, 0x57, 0x7B, 0x55, 0x74, 0x57, 0x00 },
  { 0x00, 0x05, 0x27, 0x6B, 0x55, 0x64, 0x2F, 0x00 },
  { 0x10, 0x15, 0x73, 0x11, 0x73, 0x15, 0x10, 0x00 },
  { 0x08, 0x2D, 0x3B, 0x29, 0x3B, 0x6D, 0x08, 0x00 },
  { 0x08, 0x2D, 0x3B, 0x69, 0x3B, 0x6D, 0x08, 0x00 },
  { 0x08, 0x2D, 0x3B, 0x69, 0x5B, 0x2D, 0x48, 0x00 },
  { 0x08, 0x6D, 0x5B, 0x49, 0x5B, 0x4D, 0x08, 0x00 }, // '쥰'
  { 0x04, 0x75, 0x4D, 0x53, 0x3D, 0x55, 0x04, 0x00 },
  { 0x04, 0x75, 0x4D, 0x53, 0x3D, 0x55, 0x34, 0x00 },
  { 0x04, 0x75, 0x5D, 0x53, 0x5D, 0x55, 0x04, 0x00 },
  { 0x04, 0x15, 0x5D, 0x73, 0x5D, 0x45, 0x04, 0x00 },
  { 0x04, 0x55, 0x7D, 0x53, 0x1D, 0x75, 0x04, 0x00 },
  { 0x04, 0x55, 0x7D, 0x73, 0x5D, 0x75, 0x04, 0x00 },
  { 0x04, 0x55, 0x7D, 0x53, 0x6D, 0x75, 0x04, 0x00 },
  { 0x04, 0x55, 0x7D, 0x53, 0x4D, 0x35, 0x44, 0x00 },
  { 0x04, 0x55, 0x7D, 0x53, 0x7D, 0x75, 0x54, 0x00 },
  { 0x04, 0x55, 0x7D, 0x73, 0x5D, 0x75, 0x54, 0x00 },
  { 0x04, 0x55, 0x7D, 0x53, 0x3D, 0x55, 0x34, 0x00 },
  { 0x04, 0x75, 0x5D, 0x53, 0x5D, 0x75, 0x04, 0x00 },
  { 0x04, 0x75, 0x6D, 0x63, 0x6D, 0x75, 0x04, 0x00 },
  { 0x04, 0x75, 0x6D, 0x73, 0x4D, 0x35, 0x44, 0x00 },
  { 0x08, 0x4D, 0x5B, 0x29, 0x5B, 0x4D, 0x08, 0x00 },
  { 0x08, 0x4D, 0x3B, 0x49, 0x3B, 0x4D, 0x08, 0x00 }, // '즀'
  { 0x04, 0x25, 0x5D, 0x53, 0x5D, 0x25, 0x04, 0x00 },
  { 0x04, 0x55, 0x3D, 0x13, 0x3D, 0x55, 0x04, 0x00 },
  { 0x04, 0x25, 0x6D, 0x33, 0x6D, 0x25, 0x04, 0x00 },
  { 0x04, 0x15, 0x3D, 0x33, 0x3D, 0x75, 0x04, 0x00 },
  { 0x04, 0x75, 0x7D, 0x73, 0x7D, 0x55, 0x04, 0x00 },
  { 0x04, 0x55, 0x7D, 0x53, 0x7D, 0x55, 0x04, 0x00 },
  { 0x04, 0x25, 0x6D, 0x53, 0x6D, 0x25, 0x04, 0x00 },
  { 0x20, 0x29, 0x25, 0x23, 0x25, 0x29, 0x20, 0x00 },
  { 0x08, 0x2D, 0x2B, 0x29, 0x2B, 0x6D, 0x08, 0x00 },
  { 0x08, 0x2D, 0x2B, 0x69, 0x2B, 0x6D, 0x08, 0x00 },
  { 0x08, 0x2D, 0x2B, 0x69, 0x4B, 0x2D, 0x48, 0x00 },
  { 0x08, 0x6D, 0x4B, 0x49, 0x4B, 0x4D, 0x08, 0x00 },
  { 0x08, 0x6D, 0x4B, 0x59, 0x3B, 0x5D, 0x08, 0x00 },
  { 0x08, 0x6D, 0x4B, 0x49, 0x2B, 0x5D, 0x28, 0x00 },
  { 0x08, 0x7D, 0x5B, 0x59, 0x5B, 0x5D, 0x08, 0x00 },
  { 0x08, 0x6D, 0x6B, 0x59, 0x5B, 0x5D, 0x08, 0x00 }, // '즐'
  { 0x08, 0x6D, 0x5B, 0x59, 0x1B, 0x7D, 0x08, 0x00 },
  { 0x08, 0x6D, 0x5B, 0x79, 0x5B, 0x7D, 0x08, 0x00 },
  { 0x08, 0x6D, 0x5B, 0x79, 0x6B, 0x7D, 0x08, 0x00 },
  { 0x08, 0x6D, 0x5B, 0x59, 0x4B, 0x3D, 0x48, 0x00 },
  { 0x08, 0x6D, 0x5B, 0x79, 0x7B, 0x5D, 0x08, 0x00 },
  { 0x08, 0x6D, 0x5B, 0x79, 0x5B, 0x7D, 0x58, 0x00 },
  { 0x08, 0x6D, 0x5B, 0x59, 0x2B, 0x5D, 0x28, 0x00 },
  { 0x08, 0x7D, 0x5B, 0x59, 0x5B, 0x7D, 0x08, 0x00 },
  { 0x08, 0x7D, 0x6B, 0x69, 0x6B, 0x7D, 0x08, 0x00 },
  { 0x08, 0x7D, 0x6B, 0x79, 0x4B, 0x3D, 0x48, 0x00 },
  { 0x08, 0x4D, 0x2B, 0x19, 0x2B, 0x4D, 0x08, 0x00 },
  { 0x08, 0x4D, 0x3B, 0x49, 0x3B, 0x4D, 0x08, 0x00 },
  { 0x08, 0x2D, 0x5B, 0x59, 0x5B, 0x2D, 0x08, 0x00 },
  { 0x08, 0x5D, 0x3B, 0x19, 0x3B, 0x5D, 0x08, 0x00 },
  { 0x08, 0x2D, 0x6B, 0x39, 0x6B, 0x2D, 0x08, 0x00 },
  { 0x08, 0x1D, 0x3B, 0x39, 0x3B, 0x7D, 0x08, 0x00 }, // '즠'
  { 0x08, 0x7D, 0x7B, 0x79, 0x7B, 0x5D, 0x08, 0x00 },
  { 0x08, 0x5D, 0x7B, 0x59, 0x7B, 0x5D, 0x08, 0x00 },
  { 0x08, 0x2D, 0x6B, 0x59, 0x6B, 0x2D, 0x08, 0x00 },
  { 0x00, 0x29, 0x25, 0x23, 0x25, 0x29, 0x7F, 0x00 },
  { 0x00, 0x0D, 0x2B, 0x2B, 0x2D, 0x28, 0x6F, 0x00 },
  { 0x00, 0x0D, 0x2B, 0x2B, 0x6D, 0x28, 0x6F, 0x00 },
  { 0x0D, 0x2B, 0x2B, 0x6D, 0x48, 0x2F, 0x40, 0x00 },
  { 0x00, 0x15, 0x73, 0x53, 0x55, 0x50, 0x5F, 0x00 },
  { 0x00, 0x0D, 0x6B, 0x4B, 0x5D, 0x38, 0x5F, 0x00 },
  { 0x0D, 0x6B, 0x4B, 0x4D, 0x28, 0x5F, 0x20, 0x00 },
  { 0x00, 0x0D, 0x7B, 0x5B, 0x5D, 0x58, 0x5F, 0x00 },
  { 0x00, 0x0D, 0x6B, 0x6B, 0x5D, 0x58, 0x5F, 0x00 },
  { 0x00, 0x0D, 0x6B, 0x5B, 0x5D, 0x18, 0x7F, 0x00 },
  { 0x00, 0x0D, 0x6B, 0x5B, 0x7D, 0x58, 0x7F, 0x00 },
  { 0x00, 0x0D, 0x6B, 0x5B, 0x7D, 0x68, 0x7F, 0x00 },
  { 0x0D, 0x6B, 0x5B, 0x5D, 0x48, 0x3F, 0x40, 0x00 }, // '즰'
  { 0x00, 0x0D, 0x6B, 0x5B, 0x7D, 0x78, 0x5F, 0x00 },
  { 0x0D, 0x6B, 0x5B, 0x7D, 0x58, 0x7F, 0x50, 0x00 },
  { 0x0D, 0x6B, 0x5B, 0x5D, 0x28, 0x5F, 0x20, 0x00 },
  { 0x00, 0x0D, 0x7B, 0x5B, 0x5D, 0x58, 0x7F, 0x00 },
  { 0x00, 0x0D, 0x7B, 0x6B, 0x6D, 0x68, 0x7F, 0x00 },
  { 0x0D, 0x7B, 0x6B, 0x7D, 0x48, 0x3F, 0x40, 0x00 },
  { 0x00, 0x0D, 0x4B, 0x2B, 0x1D, 0x28, 0x4F, 0x00 },
  { 0x00, 0x0D, 0x4B, 0x2B, 0x4D, 0x28, 0x4F, 0x00 },
  { 0x00, 0x0D, 0x2B, 0x5B, 0x5D, 0x58, 0x2F, 0x00 },
  { 0x00, 0x0D, 0x5B, 0x3B, 0x1D, 0x38, 0x5F, 0x00 },
  { 0x00, 0x0D, 0x2B, 0x6B, 0x3D, 0x68, 0x2F, 0x00 },
  { 0x00, 0x0D, 0x1B, 0x3B, 0x3D, 0x38, 0x7F, 0x00 },
  { 0x00, 0x0D, 0x7B, 0x5B, 0x5D, 0x58, 0x4F, 0x00 },
  { 0x00, 0x0D, 0x5B, 0x7B, 0x5D, 0x78, 0x5F, 0x00 },
  { 0x00, 0x0D, 0x2B, 0x6B, 0x5D, 0x68, 0x2F, 0x00 },
  { 0x00, 0x21, 0x19, 0x07, 0x19, 0x21, 0x7F, 0x00 }, // '지'
  { 0x00, 0x09, 0x25, 0x23, 0x25, 0x29, 0x6F, 0x00 },
  { 0x00, 0x09, 0x25, 0x23, 0x65, 0x29, 0x6F, 0x00 },
  { 0x09, 0x25, 0x23, 0x65, 0x49, 0x2F, 0x40, 0x00 },
  { 0x00, 0x09, 0x65, 0x43, 0x45, 0x49, 0x5F, 0x00 },
  { 0x00, 0x05, 0x73, 0x43, 0x55, 0x30, 0x57, 0x00 },
  { 0x05, 0x73, 0x43, 0x55, 0x30, 0x5F, 0x30, 0x00 },
  { 0x00, 0x05, 0x73, 0x53, 0x55, 0x50, 0x57, 0x00 },
  { 0x00, 0x05, 0x6B, 0x6B, 0x5D, 0x58, 0x5F, 0x00 },
  { 0x00, 0x05, 0x6B, 0x5B, 0x5D, 0x08, 0x7F, 0x00 },
  { 0x00, 0x05, 0x6B, 0x5B, 0x7D, 0x48, 0x7F, 0x00 },
  { 0x00, 0x05, 0x6B, 0x5B, 0x7D, 0x50, 0x7F, 0x00 },
  { 0x05, 0x6B, 0x5B, 0x5D, 0x40, 0x37, 0x40, 0x00 },
  { 0x00, 0x05, 0x6B, 0x5B, 0x7D, 0x58, 0x4F, 0x00 },
  { 0x05, 0x6B, 0x5B, 0x7D, 0x48, 0x7F, 0x48, 0x00 },
  { 0x05, 0x6B, 0x5B, 0x5D, 0x30, 0x5F, 0x30, 0x00 },
  { 0x00, 0x05, 0x73, 0x53, 0x55, 0x50, 0x77, 0x00 }, // '짐'
  { 0x00, 0x05, 0x73, 0x63, 0x65, 0x60, 0x77, 0x00 },
  { 0x05, 0x73, 0x63, 0x75, 0x40, 0x37, 0x40, 0x00 },
  { 0x00, 0x05, 0x43, 0x23, 0x15, 0x20, 0x4F, 0x00 },
  { 0x00, 0x05, 0x43, 0x33, 0x45, 0x30, 0x47, 0x00 },
  { 0x00, 0x05, 0x23, 0x53, 0x55, 0x50, 0x2F, 0x00 },
  { 0x00, 0x05, 0x53, 0x33, 0x15, 0x30, 0x57, 0x00 },
  { 0x00, 0x05, 0x53, 0x33, 0x1D, 0x30, 0x57, 0x00 },
  { 0x00, 0x05, 0x13, 0x33, 0x35, 0x30, 0x77, 0x00 },
  { 0x00, 0x05, 0x7B, 0x5B, 0x5D, 0x58, 0x4F, 0x00 },
  { 0x00, 0x05, 0x53, 0x73, 0x55, 0x70, 0x57, 0x00 },
  { 0x00, 0x05, 0x13, 0x33, 0x5D, 0x30, 0x17, 0x00 },
  { 0x39, 0x07, 0x39, 0x07, 0x39, 0x7F, 0x08, 0x00 },
  { 0x0D, 0x23, 0x2D, 0x23, 0x2D, 0x6F, 0x02, 0x00 },
  { 0x0D, 0x23, 0x2D, 0x63, 0x2D, 0x6F, 0x02, 0x00 },
  { 0x0D, 0x23, 0x2D, 0x63, 0x4D, 0x2F, 0x42, 0x00 },
  { 0x0D, 0x63, 0x4D, 0x43, 0x4D, 0x5F, 0x04, 0x00 }, // '짠'
  { 0x05, 0x73, 0x45, 0x53, 0x35, 0x57, 0x02, 0x00 },
  { 0x05, 0x73, 0x45, 0x53, 0x35, 0x5F, 0x32, 0x00 },
  { 0x05, 0x73, 0x55, 0x53, 0x55, 0x57, 0x02, 0x00 },
  { 0x05, 0x6B, 0x6D, 0x5B, 0x5D, 0x5F, 0x02, 0x00 },
  { 0x05, 0x6B, 0x5D, 0x5B, 0x0D, 0x7F, 0x02, 0x00 },
  { 0x05, 0x6B, 0x5D, 0x7B, 0x4D, 0x7F, 0x02, 0x00 },
  { 0x05, 0x6B, 0x5D, 0x7B, 0x55, 0x7F, 0x02, 0x00 },
  { 0x05, 0x6B, 0x5D, 0x5B, 0x45, 0x37, 0x42, 0x00 },
  { 0x05, 0x6B, 0x5D, 0x7B, 0x5D, 0x4F, 0x02, 0x00 },
  { 0x05, 0x6B, 0x5D, 0x7B, 0x4D, 0x7F, 0x4A, 0x00 },
  { 0x05, 0x6B, 0x5D, 0x5B, 0x35, 0x5F, 0x32, 0x00 },
  { 0x05, 0x73, 0x55, 0x53, 0x55, 0x77, 0x02, 0x00 },
  { 0x0D, 0x73, 0x6D, 0x63, 0x6D, 0x7F, 0x02, 0x00 },
  { 0x0D, 0x73, 0x6D, 0x73, 0x4D, 0x2F, 0x42, 0x00 },
  { 0x0D, 0x43, 0x2D, 0x13, 0x2D, 0x4F, 0x02, 0x00 },
  { 0x05, 0x43, 0x35, 0x43, 0x35, 0x47, 0x02, 0x00 }, // '짰'
  { 0x05, 0x23, 0x55, 0x53, 0x55, 0x27, 0x02, 0x00 },
  { 0x05, 0x53, 0x35, 0x13, 0x35, 0x57, 0x02, 0x00 },
  { 0x05, 0x53, 0x35, 0x1B, 0x35, 0x57, 0x02, 0x00 },
  { 0x05, 0x13, 0x35, 0x33, 0x35, 0x77, 0x02, 0x00 },
  { 0x05, 0x7B, 0x5D, 0x5B, 0x5D, 0x4F, 0x02, 0x00 },
  { 0x05, 0x53, 0x75, 0x53, 0x75, 0x57, 0x02, 0x00 },
  { 0x05, 0x13, 0x35, 0x5B, 0x35, 0x17, 0x02, 0x00 },
  { 0x39, 0x07, 0x39, 0x07, 0x39, 0x7F, 0x7F, 0x00 },
  { 0x0D, 0x23, 0x2D, 0x23, 0x2D, 0x2F, 0x6F, 0x00 },
  { 0x0D, 0x23, 0x2D, 0x63, 0x2D, 0x2F, 0x6F, 0x00 },
  { 0x0D, 0x23, 0x2D, 0x63, 0x4D, 0x2F, 0x4F, 0x00 },
  { 0x0D, 0x63, 0x4D, 0x43, 0x4D, 0x5F, 0x5F, 0x00 },
  { 0x05, 0x73, 0x45, 0x43, 0x55, 0x37, 0x57, 0x00 },
  { 0x05, 0x73, 0x45, 0x53, 0x35, 0x5F, 0x37, 0x00 },
  { 0x05, 0x73, 0x55, 0x53, 0x55, 0x57, 0x57, 0x00 },
  { 0x05, 0x6B, 0x6D, 0x5B, 0x5D, 0x5F, 0x5F, 0x00 }, // '쨀'
  { 0x05, 0x6B, 0x5D, 0x5B, 0x1D, 0x1F, 0x7F, 0x00 },
  { 0x05, 0x6B, 0x5D, 0x5B, 0x7D, 0x5F, 0x7F, 0x00 },
  { 0x05, 0x6B, 0x5D, 0x5B, 0x7D, 0x6F, 0x7F, 0x00 },
  { 0x05, 0x6B, 0x5D, 0x5B, 0x4D, 0x3F, 0x4F, 0x00 },
  { 0x05, 0x6B, 0x5D, 0x5B, 0x7D, 0x7F, 0x5F, 0x00 },
  { 0x05, 0x6B, 0x5D, 0x7B, 0x5D, 0x7F, 0x5F, 0x00 },
  { 0x05, 0x6B, 0x5D, 0x5B, 0x2D, 0x5F, 0x2F, 0x00 },
  { 0x05, 0x73, 0x55, 0x53, 0x55, 0x57, 0x77, 0x00 },
  { 0x0D, 0x73, 0x6D, 0x63, 0x6D, 0x6F, 0x7F, 0x00 },
  { 0x0D, 0x73, 0x6D, 0x73, 0x4D, 0x3F, 0x4F, 0x00 },
  { 0x0D, 0x43, 0x2D, 0x13, 0x2D, 0x4F, 0x0F, 0x00 },
  { 0x05, 0x43, 0x35, 0x43, 0x35, 0x4F, 0x0F, 0x00 },
  { 0x05, 0x23, 0x55, 0x53, 0x55, 0x57, 0x27, 0x00 },
  { 0x05, 0x53, 0x55, 0x33, 0x35, 0x57, 0x57, 0x00 },
  { 0x05, 0x53, 0x55, 0x3B, 0x35, 0x57, 0x57, 0x00 },
  { 0x05, 0x13, 0x35, 0x33, 0x35, 0x37, 0x77, 0x00 }, // '쨐'
  { 0x05, 0x7B, 0x5D, 0x5B, 0x5D, 0x5F, 0x4F, 0x00 },
  { 0x05, 0x53, 0x75, 0x53, 0x55, 0x77, 0x57, 0x00 },
  { 0x05, 0x13, 0x35, 0x5B, 0x55, 0x37, 0x17, 0x00 },
  { 0x39, 0x07, 0x39, 0x07, 0x39, 0x7F, 0x12, 0x00 },
  { 0x0D, 0x23, 0x2D, 0x23, 0x2D, 0x7F, 0x0A, 0x00 },
  { 0x0D, 0x23, 0x2D, 0x63, 0x2D, 0x7F, 0x0A, 0x00 },
  { 0x0D, 0x23, 0x2D, 0x63, 0x4D, 0x3F, 0x4A, 0x00 },
  { 0x0D, 0x63, 0x4D, 0x43, 0x4D, 0x5F, 0x0A, 0x00 },
  { 0x05, 0x73, 0x45, 0x53, 0x35, 0x5F, 0x05, 0x00 },
  { 0x05, 0x73, 0x45, 0x53, 0x35, 0x5F, 0x35, 0x00 },
  { 0x05, 0x73, 0x55, 0x53, 0x55, 0x5F, 0x05, 0x00 },
  { 0x05, 0x6B, 0x6D, 0x5B, 0x5D, 0x5F, 0x05, 0x00 },
  { 0x05, 0x6B, 0x5D, 0x5B, 0x0D, 0x7F, 0x05, 0x00 },
  { 0x05, 0x6B, 0x5D, 0x7B, 0x4D, 0x7F, 0x05, 0x00 },
  { 0x05, 0x6B, 0x5D, 0x7B, 0x55, 0x7F, 0x05, 0x00 },
  { 0x05, 0x6B, 0x5D, 0x5B, 0x45, 0x3F, 0x45, 0x00 }, // '쨠'
  { 0x05, 0x6B, 0x5D, 0x7B, 0x5D, 0x4F, 0x05, 0x00 },
  { 0x05, 0x6B, 0x5D, 0x7B, 0x55, 0x7F, 0x55, 0x00 },
  { 0x05, 0x6B, 0x5D, 0x5B, 0x35, 0x5F, 0x35, 0x00 },
  { 0x05, 0x73, 0x55, 0x53, 0x55, 0x7F, 0x05, 0x00 },
  { 0x0D, 0x73, 0x6D, 0x63, 0x6D, 0x7F, 0x0A, 0x00 },
  { 0x0D, 0x73, 0x6D, 0x73, 0x4D, 0x3F, 0x4A, 0x00 },
  { 0x0D, 0x43, 0x2D, 0x13, 0x2D, 0x4F, 0x0A, 0x00 },
  { 0x0D, 0x43, 0x2D, 0x43, 0x2D, 0x5F, 0x0A, 0x00 },
  { 0x05, 0x23, 0x55, 0x53, 0x55, 0x2F, 0x05, 0x00 },
  { 0x05, 0x53, 0x35, 0x13, 0x35, 0x5F, 0x05, 0x00 },
  { 0x05, 0x53, 0x35, 0x1B, 0x35, 0x5F, 0x05, 0x00 },
  { 0x05, 0x13, 0x35, 0x33, 0x35, 0x7F, 0x05, 0x00 },
  { 0x05, 0x7B, 0x5D, 0x5B, 0x5D, 0x4F, 0x05, 0x00 },
  { 0x05, 0x53, 0x75, 0x53, 0x75, 0x5F, 0x05, 0x00 },
  { 0x05, 0x13, 0x35, 0x5B, 0x35, 0x1F, 0x05, 0x00 },
  { 0x39, 0x07, 0x39, 0x07, 0x39, 0x7F, 0x7F, 0x00 }, // '쨰'
  { 0x0D, 0x23, 0x2D, 0x23, 0x2D, 0x2F, 0x6F, 0x00 },
  { 0x0D, 0x23, 0x2D, 0x63, 0x2D, 0x2F, 0x6F, 0x00 },
  { 0x0D, 0x23, 0x2D, 0x63, 0x4D, 0x2F, 0x4F, 0x00 },
  { 0x0D, 0x63, 0x4D, 0x43, 0x4D, 0x5F, 0x5F, 0x00 },
  { 0x05, 0x73, 0x45, 0x43, 0x55, 0x37, 0x57, 0x00 },
  { 0x05, 0x73, 0x45, 0x53, 0x35, 0x5F, 0x37, 0x00 },
  { 0x05, 0x73, 0x55, 0x53, 0x55, 0x57, 0x57, 0x00 },
  { 0x05, 0x6B, 0x6D, 0x5B, 0x5D, 0x5F, 0x5F, 0x00 },
  { 0x05, 0x6B, 0x5D, 0x5B, 0x1D, 0x1F, 0x7F, 0x00 },
  { 0x05, 0x6B, 0x5D, 0x5B, 0x7D, 0x5F, 0x7F, 0x00 },
  { 0x05, 0x6B, 0x5D, 0x5B, 0x7D, 0x6F, 0x7F, 0x00 },
  { 0x05, 0x6B, 0x5D, 0x5B, 0x4D, 0x3F, 0x4F, 0x00 },
  { 0x05, 0x6B, 0x5D, 0x5B, 0x7D, 0x7F, 0x5F, 0x00 },
  { 0x05, 0x6B, 0x5D, 0x7B, 0x5D, 0x7F, 0x5F, 0x00 },
  { 0x05, 0x6B, 0x5D, 0x5B, 0x2D, 0x5F, 0x2F, 0x00 },
  { 0x05, 0x73, 0x55, 0x53, 0x55, 0x57, 0x77, 0x00 }, // '쩀'
  { 0x0D, 0x73, 0x6D, 0x63, 0x6D, 0x6F, 0x7F, 0x00 },
  { 0x0D, 0x73, 0x6D, 0x73, 0x4D, 0x3F, 0x4F, 0x00 },
  { 0x0D, 0x43, 0x2D, 0x13, 0x2D, 0x4F, 0x0F, 0x00 },
  { 0x05, 0x43, 0x35, 0x43, 0x35, 0x4F, 0x0F, 0x00 },
  { 0x05, 0x23, 0x55, 0x53, 0x55, 0x57, 0x27, 0x00 },
  { 0x05, 0x53, 0x55, 0x33, 0x35, 0x57, 0x57, 0x00 },
  { 0x05, 0x53, 0x55, 0x3B, 0x35, 0x57, 0x57, 0x00 },
  { 0x05, 0x13, 0x35, 0x33, 0x35, 0x37, 0x77, 0x00 },
  { 0x05, 0x7B, 0x5D, 0x5B, 0x5D, 0x5F, 0x4F, 0x00 },
  { 0x05, 0x53, 0x75, 0x53, 0x55, 0x77, 0x57, 0x00 },
  { 0x05, 0x13, 0x35, 0x5B, 0x55, 0x37, 0x17, 0x00 },
  { 0x39, 0x07, 0x39, 0x07, 0x39, 0x04, 0x7F, 0x00 },
  { 0x0D, 0x23, 0x2D, 0x23, 0x2D, 0x22, 0x6F, 0x00 },
  { 0x0D, 0x23, 0x2D, 0x63, 0x2D, 0x22, 0x6F, 0x00 },
  { 0x0D, 0x23, 0x2D, 0x63, 0x4D, 0x22, 0x4F, 0x00 },
  { 0x0D, 0x63, 0x4D, 0x43, 0x4D, 0x42, 0x5F, 0x00 }, // '쩐'
  { 0x05, 0x73, 0x45, 0x43, 0x55, 0x32, 0x57, 0x00 },
  { 0x05, 0x73, 0x45, 0x53, 0x35, 0x5A, 0x37, 0x00 },
  { 0x05, 0x73, 0x55, 0x53, 0x55, 0x52, 0x57, 0x00 },
  { 0x05, 0x6B, 0x6D, 0x5B, 0x5D, 0x5A, 0x5F, 0x00 },
  { 0x05, 0x6B, 0x5D, 0x5B, 0x0D, 0x0A, 0x7F, 0x00 },
  { 0x05, 0x6B, 0x5D, 0x5B, 0x7D, 0x4A, 0x7F, 0x00 },
  { 0x05, 0x6B, 0x5D, 0x5B, 0x7D, 0x52, 0x7F, 0x00 },
  { 0x05, 0x6B, 0x5D, 0x5B, 0x45, 0x3A, 0x47, 0x00 },
  { 0x05, 0x6B, 0x5D, 0x7B, 0x4D, 0x7A, 0x4F, 0x00 },
  { 0x05, 0x6B, 0x5D, 0x5B, 0x35, 0x5A, 0x37, 0x00 },
  { 0x05, 0x6B, 0x5D, 0x5B, 0x35, 0x5A, 0x37, 0x00 },
  { 0x05, 0x73, 0x55, 0x53, 0x55, 0x52, 0x77, 0x00 },
  { 0x0D, 0x73, 0x6D, 0x63, 0x6D, 0x62, 0x7F, 0x00 },
  { 0x0D, 0x73, 0x6D, 0x73, 0x4D, 0x32, 0x4F, 0x00 },
  { 0x0D, 0x43, 0x2D, 0x13, 0x2D, 0x42, 0x0F, 0x00 },
  { 0x05, 0x43, 0x35, 0x43, 0x35, 0x42, 0x0F, 0x00 }, // '쩠'
  { 0x05, 0x23, 0x55, 0x53, 0x55, 0x52, 0x27, 0x00 },
  { 0x05, 0x53, 0x55, 0x33, 0x35, 0x52, 0x57, 0x00 },
  { 0x05, 0x53, 0x55, 0x3B, 0x35, 0x52, 0x57, 0x00 },
  { 0x05, 0x13, 0x35, 0x33, 0x35, 0x32, 0x77, 0x00 },
  { 0x05, 0x7B, 0x5D, 0x5B, 0x5D, 0x5A, 0x4F, 0x00 },
  { 0x05, 0x53, 0x75, 0x53, 0x55, 0x72, 0x57, 0x00 },
  { 0x05, 0x13, 0x35, 0x5B, 0x55, 0x32, 0x17, 0x00 },
  { 0x31, 0x0F, 0x31, 0x0F, 0x35, 0x7F, 0x7F, 0x00 },
  { 0x0D, 0x23, 0x2D, 0x23, 0x2D, 0x2F, 0x6F, 0x00 },
  { 0x0D, 0x23, 0x2D, 0x63, 0x2D, 0x2F, 0x6F, 0x00 },
  { 0x0D, 0x23, 0x2D, 0x63, 0x4D, 0x2F, 0x4F, 0x00 },
  { 0x0D, 0x63, 0x4D, 0x43, 0x4D, 0x5F, 0x5F, 0x00 },
  { 0x05, 0x73, 0x45, 0x43, 0x55, 0x37, 0x57, 0x00 },
  { 0x05, 0x73, 0x45, 0x53, 0x35, 0x5F, 0x37, 0x00 },
  { 0x05, 0x73, 0x55, 0x53, 0x55, 0x57, 0x57, 0x00 },
  { 0x05, 0x6B, 0x6D, 0x5B, 0x5D, 0x5F, 0x5F, 0x00 }, // '쩰'
  { 0x05, 0x6B, 0x5D, 0x5B, 0x1D, 0x1F, 0x7F, 0x00 },
  { 0x05, 0x6B, 0x5D, 0x5B, 0x7D, 0x5F, 0x7F, 0x00 },
  { 0x05, 0x6B, 0x5D, 0x5B, 0x7D, 0x6F, 0x7F, 0x00 },
  { 0x05, 0x6B, 0x5D, 0x5B, 0x4D, 0x3F, 0x4F, 0x00 },
  { 0x05, 0x6B, 0x5D, 0x5B, 0x7D, 0x7F, 0x5F, 0x00 },
  { 0x05, 0x6B, 0x5D, 0x7B, 0x5D, 0x7F, 0x5F, 0x00 },
  { 0x05, 0x6B, 0x5D, 0x5B, 0x2D, 0x5F, 0x2F, 0x00 },
  { 0x05, 0x73, 0x55, 0x53, 0x55, 0x57, 0x77, 0x00 },
  { 0x0D, 0x73, 0x6D, 0x63, 0x6D, 0x6F, 0x7F, 0x00 },
  { 0x0D, 0x73, 0x6D, 0x73, 0x4D, 0x3F, 0x4F, 0x00 },
  { 0x0D, 0x43, 0x2D, 0x13, 0x2D, 0x4F, 0x0F, 0x00 },
  { 0x05, 0x43, 0x35, 0x43, 0x35, 0x4F, 0x0F, 0x00 },
  { 0x05, 0x23, 0x55, 0x53, 0x55, 0x57, 0x27, 0x00 },
  { 0x05, 0x53, 0x55, 0x33, 0x35, 0x57, 0x57, 0x00 },
  { 0x05, 0x53, 0x55, 0x3B, 0x35, 0x57, 0x57, 0x00 },
  { 0x05, 0x13, 0x35, 0x33, 0x35, 0x37, 0x77, 0x00 }, // '쪀'
  { 0x05, 0x7B, 0x5D, 0x5B, 0x5D, 0x5F, 0x4F, 0x00 },
  { 0x05, 0x53, 0x75, 0x53, 0x55, 0x77, 0x57, 0x00 },
  { 0x05, 0x13, 0x35, 0x5B, 0x55, 0x37, 0x17, 0x00 },
  { 0x39, 0x07, 0x39, 0x07, 0x39, 0x0A, 0x7F, 0x00 },
  { 0x0D, 0x23, 0x2D, 0x23, 0x2D, 0x2A, 0x7F, 0x00 },
  { 0x0D, 0x23, 0x2D, 0x63, 0x2D, 0x2A, 0x7F, 0x00 },
  { 0x0D, 0x23, 0x2D, 0x63, 0x4D, 0x2A, 0x5F, 0x00 },
  { 0x0D, 0x63, 0x4D, 0x43, 0x4D, 0x4A, 0x5F, 0x00 },
  { 0x05, 0x73, 0x45, 0x43, 0x55, 0x36, 0x5F, 0x00 },
  { 0x05, 0x73, 0x45, 0x53, 0x35, 0x56, 0x3F, 0x00 },
  { 0x05, 0x73, 0x55, 0x53, 0x55, 0x56, 0x5F, 0x00 },
  { 0x05, 0x6B, 0x6D, 0x5B, 0x5D, 0x56, 0x5F, 0x00 },
  { 0x05, 0x6B, 0x5D, 0x5B, 0x15, 0x16, 0x7F, 0x00 },
  { 0x05, 0x6B, 0x5D, 0x5B, 0x75, 0x56, 0x7F, 0x00 },
  { 0x05, 0x6B, 0x5D, 0x5B, 0x75, 0x66, 0x7F, 0x00 },
  { 0x05, 0x6B, 0x5D, 0x5B, 0x45, 0x36, 0x4F, 0x00 }, // '쪐'
  { 0x05, 0x6B, 0x5D, 0x5B, 0x75, 0x76, 0x5F, 0x00 },
  { 0x05, 0x6B, 0x5D, 0x7B, 0x55, 0x76, 0x5F, 0x00 },
  { 0x05, 0x6B, 0x5D, 0x5B, 0x35, 0x56, 0x3F, 0x00 },
  { 0x05, 0x73, 0x55, 0x53, 0x55, 0x56, 0x7F, 0x00 },
  { 0x0D, 0x73, 0x6D, 0x63, 0x6D, 0x6A, 0x7F, 0x00 },
  { 0x0D, 0x73, 0x6D, 0x73, 0x4D, 0x36, 0x4F, 0x00 },
  { 0x0D, 0x43, 0x2D, 0x13, 0x2D, 0x4A, 0x1F, 0x00 },
  { 0x0D, 0x43, 0x2D, 0x43, 0x2D, 0x4A, 0x1F, 0x00 },
  { 0x05, 0x23, 0x55, 0x53, 0x55, 0x56, 0x2F, 0x00 },
  { 0x05, 0x53, 0x55, 0x33, 0x35, 0x56, 0x5F, 0x00 },
  { 0x05, 0x53, 0x55, 0x3B, 0x35, 0x56, 0x5F, 0x00 },
  { 0x05, 0x13, 0x35, 0x33, 0x35, 0x36, 0x7F, 0x00 },
  { 0x05, 0x7B, 0x5D, 0x5B, 0x5D, 0x56, 0x4F, 0x00 },
  { 0x05, 0x53, 0x75, 0x53, 0x55, 0x76, 0x5F, 0x00 },
  { 0x05, 0x13, 0x35, 0x5B, 0x55, 0x36, 0x1F, 0x00 },
  { 0x39, 0x07, 0x39, 0x07, 0x3D, 0x7F, 0x7F, 0x00 }, // '쪠'
  { 0x0D, 0x23, 0x2D, 0x23, 0x2D, 0x6F, 0x6F, 0x00 },
  { 0x0D, 0x23, 0x2D, 0x63, 0x2D, 0x2F, 0x6F, 0x00 },
  { 0x0D, 0x23, 0x2D, 0x63, 0x4D, 0x2F, 0x4F, 0x00 },
  { 0x0D, 0x63, 0x4D, 0x43, 0x4D, 0x5F, 0x5F, 0x00 },
  { 0x05, 0x73, 0x45, 0x43, 0x55, 0x37, 0x57, 0x00 },
  { 0x05, 0x73, 0x45, 0x53, 0x35, 0x5F, 0x37, 0x00 },
  { 0x05, 0x73, 0x55, 0x53, 0x55, 0x57, 0x57, 0x00 },
  { 0x05, 0x6B, 0x6D, 0x5B, 0x5D, 0x5F, 0x5F, 0x00 },
  { 0x05, 0x6B, 0x5D, 0x5B, 0x1D, 0x1F, 0x7F, 0x00 },
  { 0x05, 0x6B, 0x5D, 0x5B, 0x7D, 0x5F, 0x7F, 0x00 },
  { 0x05, 0x6B, 0x5D, 0x5B, 0x7D, 0x6F, 0x7F, 0x00 },
  { 0x05, 0x6B, 0x5D, 0x5B, 0x4D, 0x3F, 0x4F, 0x00 },
  { 0x05, 0x6B, 0x5D, 0x5B, 0x7D, 0x7F, 0x5F, 0x00 },
  { 0x05, 0x6B, 0x5D, 0x7B, 0x5D, 0x7F, 0x5F, 0x00 },
  { 0x05, 0x6B, 0x5D, 0x5B, 0x2D, 0x5F, 0x2F, 0x00 },
  { 0x05, 0x73, 0x55, 0x53, 0x55, 0x57, 0x77, 0x00 }, // '쪰'
  { 0x0D, 0x73, 0x6D, 0x63, 0x6D, 0x6F, 0x7F, 0x00 },
  { 0x0D, 0x73, 0x6D, 0x73, 0x4D, 0x3F, 0x4F, 0x00 },
  { 0x0D, 0x43, 0x2D, 0x13, 0x2D, 0x4F, 0x0F, 0x00 },
  { 0x05, 0x43, 0x35, 0x43, 0x35, 0x4F, 0x0F, 0x00 },
  { 0x05, 0x23, 0x55, 0x53, 0x55, 0x57, 0x27, 0x00 },
  { 0x05, 0x53, 0x55, 0x33, 0x35, 0x57, 0x57, 0x00 },
  { 0x05, 0x53, 0x55, 0x3B, 0x35, 0x57, 0x57, 0x00 },
  { 0x05, 0x13, 0x35, 0x33, 0x35, 0x37, 0x77, 0x00 },
  { 0x05, 0x7B, 0x5D, 0x5B, 0x5D, 0x5F, 0x4F, 0x00 },
  { 0x05, 0x53, 0x75, 0x53, 0x55, 0x77, 0x57, 0x00 },
  { 0x05, 0x13, 0x35, 0x5B, 0x55, 0x37, 0x17, 0x00 },
  { 0x20, 0x2D, 0x23, 0x35, 0x23, 0x2D, 0x20, 0x00 },
  { 0x10, 0x35, 0x33, 0x3D, 0x33, 0x75, 0x10, 0x00 },
  { 0x10, 0x35, 0x33, 0x7D, 0x33, 0x75, 0x10, 0x00 },
  { 0x10, 0x35, 0x33, 0x7D, 0x53, 0x35, 0x50, 0x00 },
  { 0x10, 0x75, 0x53, 0x5D, 0x53, 0x55, 0x10, 0x00 }, // '쫀'
  { 0x08, 0x6D, 0x4B, 0x5D, 0x3B, 0x5D, 0x08, 0x00 },
  { 0x08, 0x6D, 0x4B, 0x4D, 0x2B, 0x5D, 0x28, 0x00 },
  { 0x08, 0x7D, 0x5B, 0x5D, 0x5B, 0x5D, 0x08, 0x00 },
  { 0x08, 0x6D, 0x6B, 0x5D, 0x5B, 0x5D, 0x08, 0x00 },
  { 0x08, 0x6D, 0x5B, 0x5D, 0x1B, 0x7D, 0x08, 0x00 },
  { 0x08, 0x6D, 0x5B, 0x7D, 0x5B, 0x7D, 0x08, 0x00 },
  { 0x08, 0x6D, 0x5B, 0x7D, 0x6B, 0x7D, 0x08, 0x00 },
  { 0x08, 0x6D, 0x5B, 0x5D, 0x4B, 0x3D, 0x48, 0x00 },
  { 0x08, 0x6D, 0x5B, 0x7D, 0x7B, 0x5D, 0x08, 0x00 },
  { 0x08, 0x6D, 0x5B, 0x7D, 0x5B, 0x7D, 0x58, 0x00 },
  { 0x08, 0x6D, 0x5B, 0x5D, 0x2B, 0x5D, 0x28, 0x00 },
  { 0x10, 0x75, 0x53, 0x5D, 0x53, 0x75, 0x10, 0x00 },
  { 0x08, 0x7D, 0x6B, 0x6D, 0x6B, 0x7D, 0x08, 0x00 },
  { 0x08, 0x7D, 0x6B, 0x7D, 0x4B, 0x3D, 0x48, 0x00 },
  { 0x10, 0x55, 0x53, 0x3D, 0x53, 0x55, 0x10, 0x00 },
  { 0x10, 0x55, 0x33, 0x5D, 0x33, 0x55, 0x10, 0x00 }, // '쫐'
  { 0x10, 0x35, 0x53, 0x5D, 0x53, 0x35, 0x10, 0x00 },
  { 0x08, 0x5D, 0x3B, 0x1D, 0x3B, 0x5D, 0x08, 0x00 },
  { 0x08, 0x2D, 0x6B, 0x3D, 0x6B, 0x2D, 0x08, 0x00 },
  { 0x08, 0x1D, 0x3B, 0x3D, 0x3B, 0x7D, 0x08, 0x00 },
  { 0x08, 0x7D, 0x7B, 0x7D, 0x7B, 0x5D, 0x08, 0x00 },
  { 0x10, 0x55, 0x73, 0x5D, 0x73, 0x55, 0x10, 0x00 },
  { 0x08, 0x2D, 0x6B, 0x5D, 0x6B, 0x2D, 0x08, 0x00 },
  { 0x2D, 0x23, 0x35, 0x23, 0x2D, 0x7F, 0x08, 0x00 },
  { 0x15, 0x33, 0x3D, 0x33, 0x35, 0x7F, 0x04, 0x00 },
  { 0x15, 0x33, 0x3D, 0x73, 0x35, 0x7F, 0x04, 0x00 },
  { 0x15, 0x33, 0x3D, 0x73, 0x55, 0x3F, 0x44, 0x00 },
  { 0x15, 0x73, 0x5D, 0x53, 0x55, 0x5F, 0x04, 0x00 },
  { 0x15, 0x73, 0x5D, 0x53, 0x35, 0x5F, 0x04, 0x00 },
  { 0x15, 0x73, 0x5D, 0x53, 0x35, 0x5F, 0x24, 0x00 },
  { 0x0D, 0x7B, 0x5D, 0x5B, 0x5D, 0x5F, 0x02, 0x00 },
  { 0x15, 0x33, 0x7D, 0x73, 0x75, 0x5F, 0x04, 0x00 }, // '쫠'
  { 0x0D, 0x6B, 0x5D, 0x5B, 0x1D, 0x7F, 0x02, 0x00 },
  { 0x0D, 0x6B, 0x5D, 0x7B, 0x5D, 0x7F, 0x02, 0x00 },
  { 0x0D, 0x6B, 0x5D, 0x7B, 0x6D, 0x7F, 0x02, 0x00 },
  { 0x0D, 0x6B, 0x5D, 0x5B, 0x4D, 0x3F, 0x42, 0x00 },
  { 0x0D, 0x6B, 0x5D, 0x7B, 0x7D, 0x5F, 0x02, 0x00 },
  { 0x0D, 0x6B, 0x5D, 0x7B, 0x5D, 0x7F, 0x52, 0x00 },
  { 0x0D, 0x6B, 0x5D, 0x5B, 0x2D, 0x5F, 0x22, 0x00 },
  { 0x15, 0x73, 0x5D, 0x53, 0x55, 0x7F, 0x04, 0x00 },
  { 0x0D, 0x7B, 0x6D, 0x6B, 0x6D, 0x7F, 0x02, 0x00 },
  { 0x0D, 0x7B, 0x6D, 0x7B, 0x4D, 0x3F, 0x42, 0x00 },
  { 0x15, 0x53, 0x5D, 0x33, 0x55, 0x5F, 0x04, 0x00 },
  { 0x15, 0x53, 0x3D, 0x53, 0x35, 0x5F, 0x04, 0x00 },
  { 0x15, 0x33, 0x5D, 0x53, 0x55, 0x3F, 0x04, 0x00 },
  { 0x0D, 0x5B, 0x3D, 0x1B, 0x3D, 0x5F, 0x02, 0x00 },
  { 0x0D, 0x2B, 0x6D, 0x3B, 0x6D, 0x2F, 0x02, 0x00 },
  { 0x0D, 0x1B, 0x3D, 0x3B, 0x3D, 0x7F, 0x02, 0x00 }, // '쫰'
  { 0x0D, 0x7B, 0x5D, 0x5B, 0x5D, 0x4F, 0x02, 0x00 },
  { 0x0D, 0x5B, 0x7D, 0x5B, 0x7D, 0x5F, 0x02, 0x00 },
  { 0x0D, 0x2B, 0x6D, 0x5B, 0x6D, 0x2F, 0x02, 0x00 },
  { 0x2D, 0x23, 0x35, 0x23, 0x2D, 0x7F, 0x7F, 0x00 },
  { 0x0D, 0x2B, 0x2D, 0x2B, 0x2D, 0x2F, 0x6F, 0x00 },
  { 0x0D, 0x2B, 0x2D, 0x6B, 0x2D, 0x2F, 0x6F, 0x00 },
  { 0x0D, 0x2B, 0x2D, 0x6B, 0x4D, 0x2F, 0x4F, 0x00 },
  { 0x15, 0x73, 0x5D, 0x53, 0x55, 0x5F, 0x5F, 0x00 },
  { 0x0D, 0x6B, 0x4D, 0x4B, 0x5D, 0x3F, 0x5F, 0x00 },
  { 0x0D, 0x6B, 0x4D, 0x4B, 0x2D, 0x5F, 0x2F, 0x00 },
  { 0x0D, 0x7B, 0x5D, 0x5B, 0x5D, 0x5F, 0x5F, 0x00 },
  { 0x0D, 0x6B, 0x6D, 0x5B, 0x5D, 0x5F, 0x5F, 0x00 },
  { 0x0D, 0x6B, 0x5D, 0x5B, 0x1D, 0x1F, 0x7F, 0x00 },
  { 0x0D, 0x6B, 0x5D, 0x5B, 0x7D, 0x5F, 0x7F, 0x00 },
  { 0x0D, 0x6B, 0x5D, 0x5B, 0x7D, 0x6F, 0x7F, 0x00 },
  { 0x0D, 0x6B, 0x5D, 0x5B, 0x4D, 0x3F, 0x4F, 0x00 }, // '쬀'
  { 0x0D, 0x6B, 0x5D, 0x5B, 0x7D, 0x7F, 0x5F, 0x00 },
  { 0x0D, 0x6B, 0x5D, 0x7B, 0x5D, 0x7F, 0x5F, 0x00 },
  { 0x0D, 0x6B, 0x5D, 0x5B, 0x2D, 0x5F, 0x2F, 0x00 },
  { 0x15, 0x73, 0x5D, 0x53, 0x55, 0x5F, 0x7F, 0x00 },
  { 0x0D, 0x7B, 0x6D, 0x6B, 0x6D, 0x6F, 0x7F, 0x00 },
  { 0x15, 0x73, 0x5D, 0x73, 0x55, 0x3F, 0x5F, 0x00 },
  { 0x15, 0x53, 0x5D, 0x33, 0x55, 0x5F, 0x1F, 0x00 },
  { 0x15, 0x53, 0x3D, 0x53, 0x35, 0x5F, 0x1F, 0x00 },
  { 0x15, 0x33, 0x5D, 0x53, 0x55, 0x5F, 0x3F, 0x00 },
  { 0x0D, 0x5B, 0x5D, 0x3B, 0x3D, 0x5F, 0x5F, 0x00 },
  { 0x0D, 0x2B, 0x6D, 0x3B, 0x2D, 0x6F, 0x2F, 0x00 },
  { 0x0D, 0x1B, 0x3D, 0x3B, 0x3D, 0x3F, 0x7F, 0x00 },
  { 0x0D, 0x7B, 0x5D, 0x5B, 0x5D, 0x5F, 0x4F, 0x00 },
  { 0x0D, 0x5B, 0x7D, 0x5B, 0x5D, 0x7F, 0x5F, 0x00 },
  { 0x0D, 0x2B, 0x6D, 0x5B, 0x6D, 0x6F, 0x2F, 0x00 },
  { 0x00, 0x2D, 0x23, 0x35, 0x23, 0x2D, 0x7F, 0x00 }, // '쬐'
  { 0x00, 0x15, 0x33, 0x3D, 0x33, 0x35, 0x7F, 0x00 },
  { 0x00, 0x15, 0x33, 0x3D, 0x73, 0x35, 0x7F, 0x00 },
  { 0x15, 0x33, 0x3D, 0x73, 0x55, 0x3F, 0x40, 0x00 },
  { 0x00, 0x15, 0x73, 0x5D, 0x53, 0x55, 0x5F, 0x00 },
  { 0x00, 0x15, 0x73, 0x5D, 0x53, 0x35, 0x5F, 0x00 },
  { 0x15, 0x73, 0x5D, 0x53, 0x35, 0x5F, 0x20, 0x00 },
  { 0x00, 0x0D, 0x7B, 0x5D, 0x5B, 0x5D, 0x5F, 0x00 },
  { 0x00, 0x0D, 0x6B, 0x6D, 0x5B, 0x5D, 0x5F, 0x00 },
  { 0x00, 0x0D, 0x6B, 0x5D, 0x5B, 0x1D, 0x7F, 0x00 },
  { 0x00, 0x0D, 0x6B, 0x5D, 0x7B, 0x5D, 0x7F, 0x00 },
  { 0x00, 0x0D, 0x6B, 0x5D, 0x7B, 0x6D, 0x7F, 0x00 },
  { 0x0D, 0x6B, 0x5D, 0x5B, 0x4D, 0x3F, 0x40, 0x00 },
  { 0x00, 0x0D, 0x6B, 0x5D, 0x7B, 0x7D, 0x5F, 0x00 },
  { 0x0D, 0x6B, 0x5D, 0x7B, 0x5D, 0x7F, 0x50, 0x00 },
  { 0x0D, 0x6B, 0x5D, 0x5B, 0x2D, 0x5F, 0x20, 0x00 },
  { 0x00, 0x15, 0x73, 0x5D, 0x53, 0x55, 0x7F, 0x00 }, // '쬠'
  { 0x00, 0x0D, 0x7B, 0x6D, 0x6B, 0x6D, 0x7F, 0x00 },
  { 0x0D, 0x7B, 0x6D, 0x7B, 0x4D, 0x3F, 0x40, 0x00 },
  { 0x00, 0x15, 0x53, 0x5D, 0x33, 0x55, 0x5F, 0x00 },
  { 0x00, 0x15, 0x53, 0x3D, 0x53, 0x35, 0x5F, 0x00 },
  { 0x00, 0x15, 0x33, 0x5D, 0x53, 0x55, 0x3F, 0x00 },
  { 0x00, 0x0D, 0x5B, 0x3D, 0x1B, 0x3D, 0x5F, 0x00 },
  { 0x00, 0x0D, 0x2B, 0x6D, 0x3B, 0x6D, 0x2F, 0x00 },
  { 0x00, 0x0D, 0x1B, 0x3D, 0x3B, 0x3D, 0x7F, 0x00 },
  { 0x00, 0x0D, 0x7B, 0x5D, 0x5B, 0x5D, 0x4F, 0x00 },
  { 0x00, 0x0D, 0x5B, 0x7D, 0x5B, 0x7D, 0x5F, 0x00 },
  { 0x00, 0x0D, 0x2B, 0x6D, 0x5B, 0x6D, 0x2F, 0x00 },
  { 0x20, 0x25, 0x33, 0x25, 0x33, 0x25, 0x20, 0x00 },
  { 0x10, 0x35, 0x3B, 0x35, 0x3B, 0x75, 0x10, 0x00 },
  { 0x10, 0x35, 0x3B, 0x75, 0x3B, 0x75, 0x10, 0x00 },
  { 0x10, 0x35, 0x3B, 0x75, 0x5B, 0x35, 0x50, 0x00 },
  { 0x10, 0x75, 0x5B, 0x55, 0x5B, 0x55, 0x10, 0x00 }, // '쬰'
  { 0x10, 0x75, 0x5B, 0x55, 0x3B, 0x55, 0x10, 0x00 },
  { 0x10, 0x75, 0x5B, 0x55, 0x3B, 0x55, 0x30, 0x00 },
  { 0x10, 0x75, 0x7B, 0x75, 0x7B, 0x55, 0x10, 0x00 },
  { 0x10, 0x35, 0x7B, 0x75, 0x7B, 0x55, 0x10, 0x00 },
  { 0x10, 0x35, 0x7B, 0x55, 0x3B, 0x75, 0x10, 0x00 },
  { 0x10, 0x35, 0x7B, 0x55, 0x7B, 0x75, 0x10, 0x00 },
  { 0x10, 0x35, 0x7B, 0x55, 0x7B, 0x55, 0x70, 0x00 },
  { 0x10, 0x35, 0x7B, 0x55, 0x5B, 0x35, 0x50, 0x00 },
  { 0x10, 0x35, 0x7B, 0x55, 0x7B, 0x75, 0x50, 0x00 },
  { 0x10, 0x35, 0x7B, 0x55, 0x7B, 0x75, 0x50, 0x00 },
  { 0x10, 0x35, 0x7B, 0x55, 0x3B, 0x55, 0x30, 0x00 },
  { 0x10, 0x75, 0x5B, 0x55, 0x5B, 0x75, 0x10, 0x00 },
  { 0x10, 0x75, 0x5B, 0x55, 0x5B, 0x75, 0x10, 0x00 },
  { 0x10, 0x75, 0x5B, 0x75, 0x5B, 0x35, 0x50, 0x00 },
  { 0x10, 0x55, 0x5B, 0x35, 0x5B, 0x55, 0x10, 0x00 },
  { 0x10, 0x55, 0x3B, 0x55, 0x3B, 0x55, 0x10, 0x00 }, // '쭀'
  { 0x10, 0x35, 0x5B, 0x55, 0x5B, 0x35, 0x10, 0x00 },
  { 0x10, 0x35, 0x7B, 0x35, 0x7B, 0x35, 0x10, 0x00 },
  { 0x10, 0x35, 0x7B, 0x35, 0x7B, 0x35, 0x10, 0x00 },
  { 0x10, 0x35, 0x3B, 0x35, 0x3B, 0x75, 0x10, 0x00 },
  { 0x10, 0x75, 0x7B, 0x75, 0x7B, 0x55, 0x10, 0x00 },
  { 0x10, 0x55, 0x7B, 0x55, 0x7B, 0x55, 0x10, 0x00 },
  { 0x10, 0x35, 0x7B, 0x55, 0x7B, 0x35, 0x10, 0x00 },
  { 0x10, 0x15, 0x13, 0x75, 0x13, 0x15, 0x10, 0x00 },
  { 0x08, 0x2D, 0x2B, 0x3D, 0x2B, 0x6D, 0x08, 0x00 },
  { 0x08, 0x2D, 0x2B, 0x7D, 0x2B, 0x6D, 0x08, 0x00 },
  { 0x08, 0x2D, 0x2B, 0x7D, 0x4B, 0x2D, 0x48, 0x00 },
  { 0x08, 0x6D, 0x4B, 0x5D, 0x4B, 0x4D, 0x08, 0x00 },
  { 0x04, 0x75, 0x43, 0x5D, 0x33, 0x55, 0x04, 0x00 },
  { 0x04, 0x75, 0x43, 0x5D, 0x33, 0x55, 0x34, 0x00 },
  { 0x04, 0x75, 0x53, 0x5D, 0x53, 0x55, 0x04, 0x00 },
  { 0x04, 0x15, 0x53, 0x7D, 0x53, 0x45, 0x04, 0x00 }, // '쭐'
  { 0x04, 0x55, 0x73, 0x5D, 0x13, 0x75, 0x04, 0x00 },
  { 0x04, 0x55, 0x73, 0x7D, 0x53, 0x75, 0x04, 0x00 },
  { 0x04, 0x55, 0x73, 0x5D, 0x63, 0x75, 0x04, 0x00 },
  { 0x04, 0x55, 0x73, 0x7D, 0x43, 0x35, 0x44, 0x00 },
  { 0x04, 0x55, 0x73, 0x5D, 0x73, 0x75, 0x54, 0x00 },
  { 0x04, 0x55, 0x73, 0x7D, 0x53, 0x75, 0x54, 0x00 },
  { 0x04, 0x55, 0x73, 0x5D, 0x33, 0x55, 0x34, 0x00 },
  { 0x08, 0x6D, 0x6B, 0x7D, 0x6B, 0x6D, 0x08, 0x00 },
  { 0x08, 0x7D, 0x6B, 0x7D, 0x6B, 0x7D, 0x08, 0x00 },
  { 0x08, 0x7D, 0x6B, 0x7D, 0x4B, 0x3D, 0x48, 0x00 },
  { 0x08, 0x4D, 0x4B, 0x3D, 0x4B, 0x4D, 0x08, 0x00 },
  { 0x08, 0x4D, 0x2B, 0x5D, 0x2B, 0x4D, 0x08, 0x00 },
  { 0x04, 0x25, 0x53, 0x5D, 0x53, 0x25, 0x04, 0x00 },
  { 0x04, 0x55, 0x33, 0x1D, 0x33, 0x55, 0x04, 0x00 },
  { 0x04, 0x25, 0x63, 0x3D, 0x63, 0x25, 0x04, 0x00 },
  { 0x04, 0x15, 0x33, 0x3D, 0x33, 0x75, 0x04, 0x00 }, // '쭠'
  { 0x04, 0x75, 0x73, 0x7D, 0x73, 0x55, 0x04, 0x00 },
  { 0x04, 0x55, 0x73, 0x5D, 0x73, 0x55, 0x04, 0x00 },
  { 0x04, 0x25, 0x63, 0x5D, 0x63, 0x25, 0x04, 0x00 },
  { 0x15, 0x13, 0x75, 0x13, 0x15, 0x20, 0x7F, 0x00 },
  { 0x0D, 0x2B, 0x3D, 0x2B, 0x2D, 0x30, 0x7F, 0x00 },
  { 0x0D, 0x2B, 0x3D, 0x6B, 0x2D, 0x30, 0x7F, 0x00 },
  { 0x0D, 0x2B, 0x3D, 0x6B, 0x4D, 0x30, 0x5F, 0x00 },
  { 0x0D, 0x6B, 0x5D, 0x4B, 0x4D, 0x50, 0x5F, 0x00 },
  { 0x05, 0x73, 0x4D, 0x43, 0x55, 0x38, 0x5F, 0x00 },
  { 0x05, 0x73, 0x4D, 0x43, 0x25, 0x58, 0x2F, 0x00 },
  { 0x05, 0x73, 0x5D, 0x53, 0x55, 0x58, 0x5F, 0x00 },
  { 0x05, 0x13, 0x5D, 0x73, 0x75, 0x58, 0x4F, 0x00 },
  { 0x05, 0x53, 0x7D, 0x53, 0x15, 0x18, 0x7F, 0x00 },
  { 0x05, 0x53, 0x7D, 0x53, 0x75, 0x58, 0x7F, 0x00 },
  { 0x05, 0x53, 0x7D, 0x53, 0x75, 0x68, 0x7F, 0x00 },
  { 0x05, 0x53, 0x7D, 0x53, 0x45, 0x38, 0x4F, 0x00 }, // '쭰'
  { 0x05, 0x53, 0x7D, 0x53, 0x75, 0x78, 0x5F, 0x00 },
  { 0x05, 0x53, 0x7D, 0x73, 0x55, 0x78, 0x5F, 0x00 },
  { 0x05, 0x53, 0x7D, 0x53, 0x25, 0x58, 0x2F, 0x00 },
  { 0x05, 0x73, 0x5D, 0x53, 0x55, 0x58, 0x7F, 0x00 },
  { 0x05, 0x73, 0x6D, 0x63, 0x65, 0x68, 0x7F, 0x00 },
  { 0x05, 0x73, 0x6D, 0x73, 0x45, 0x28, 0x4F, 0x00 },
  { 0x0D, 0x4B, 0x5D, 0x2B, 0x4D, 0x50, 0x1F, 0x00 },
  { 0x0D, 0x5B, 0x2D, 0x4B, 0x2D, 0x50, 0x1F, 0x00 },
  { 0x05, 0x23, 0x5D, 0x53, 0x55, 0x58, 0x2F, 0x00 },
  { 0x05, 0x53, 0x5D, 0x33, 0x35, 0x58, 0x5F, 0x00 },
  { 0x05, 0x23, 0x6D, 0x33, 0x25, 0x68, 0x2F, 0x00 },
  { 0x05, 0x13, 0x3D, 0x33, 0x35, 0x38, 0x7F, 0x00 },
  { 0x05, 0x73, 0x7D, 0x73, 0x75, 0x78, 0x5F, 0x00 },
  { 0x05, 0x53, 0x7D, 0x53, 0x55, 0x78, 0x5F, 0x00 },
  { 0x05, 0x23, 0x6D, 0x53, 0x65, 0x68, 0x2F, 0x00 },
  { 0x15, 0x13, 0x75, 0x13, 0x25, 0x7F, 0x7F, 0x00 }, // '쮀'
  { 0x0D, 0x2B, 0x3D, 0x2B, 0x35, 0x3F, 0x7F, 0x00 },
  { 0x0D, 0x2B, 0x3D, 0x6B, 0x35, 0x3F, 0x7F, 0x00 },
  { 0x0D, 0x2B, 0x3D, 0x6B, 0x55, 0x3F, 0x5F, 0x00 },
  { 0x0D, 0x6B, 0x5D, 0x4B, 0x55, 0x5F, 0x5F, 0x00 },
  { 0x0D, 0x6B, 0x5D, 0x4B, 0x55, 0x3F, 0x5F, 0x00 },
  { 0x0D, 0x6B, 0x5D, 0x4B, 0x35, 0x5F, 0x3F, 0x00 },
  { 0x0D, 0x6B, 0x7D, 0x6B, 0x75, 0x7F, 0x5F, 0x00 },
  { 0x0D, 0x2B, 0x7D, 0x6B, 0x75, 0x7F, 0x5F, 0x00 },
  { 0x0D, 0x2B, 0x7D, 0x4B, 0x35, 0x3F, 0x7F, 0x00 },
  { 0x0D, 0x2B, 0x7D, 0x4B, 0x75, 0x5F, 0x7F, 0x00 },
  { 0x0D, 0x2B, 0x7D, 0x4B, 0x75, 0x5F, 0x7F, 0x00 },
  { 0x0D, 0x2B, 0x7D, 0x4B, 0x55, 0x3F, 0x5F, 0x00 },
  { 0x0D, 0x2B, 0x7D, 0x4B, 0x75, 0x7F, 0x5F, 0x00 },
  { 0x0D, 0x2B, 0x7D, 0x4B, 0x75, 0x7F, 0x5F, 0x00 },
  { 0x0D, 0x2B, 0x7D, 0x4B, 0x35, 0x5F, 0x3F, 0x00 },
  { 0x0D, 0x7B, 0x5D, 0x5B, 0x55, 0x5F, 0x7F, 0x00 }, // '쮐'
  { 0x0D, 0x6B, 0x5D, 0x4B, 0x55, 0x5F, 0x7F, 0x00 },
  { 0x0D, 0x6B, 0x5D, 0x6B, 0x55, 0x3F, 0x5F, 0x00 },
  { 0x0D, 0x4B, 0x5D, 0x2B, 0x55, 0x5F, 0x1F, 0x00 },
  { 0x0D, 0x5B, 0x2D, 0x4B, 0x35, 0x5F, 0x1F, 0x00 },
  { 0x0D, 0x2B, 0x5D, 0x5B, 0x55, 0x5F, 0x2F, 0x00 },
  { 0x0D, 0x5B, 0x5D, 0x3B, 0x35, 0x5F, 0x5F, 0x00 },
  { 0x0D, 0x2B, 0x6D, 0x3B, 0x25, 0x6F, 0x2F, 0x00 },
  { 0x0D, 0x1B, 0x3D, 0x3B, 0x35, 0x3F, 0x7F, 0x00 },
  { 0x0D, 0x7B, 0x5D, 0x5B, 0x55, 0x5F, 0x4F, 0x00 },
  { 0x0D, 0x5B, 0x7D, 0x5B, 0x55, 0x7F, 0x5F, 0x00 },
  { 0x0D, 0x2B, 0x6D, 0x5B, 0x65, 0x6F, 0x2F, 0x00 },
  { 0x00, 0x15, 0x13, 0x75, 0x13, 0x15, 0x7F, 0x00 },
  { 0x00, 0x0D, 0x2B, 0x3D, 0x2B, 0x2D, 0x6F, 0x00 },
  { 0x00, 0x0D, 0x2B, 0x3D, 0x6B, 0x2D, 0x6F, 0x00 },
  { 0x0D, 0x2B, 0x3D, 0x6B, 0x4D, 0x2F, 0x40, 0x00 },
  { 0x00, 0x0D, 0x6B, 0x5D, 0x4B, 0x4D, 0x5F, 0x00 }, // '쮠'
  { 0x00, 0x05, 0x73, 0x4D, 0x53, 0x35, 0x5F, 0x00 },
  { 0x05, 0x73, 0x4D, 0x53, 0x35, 0x5F, 0x30, 0x00 },
  { 0x00, 0x05, 0x73, 0x5D, 0x53, 0x55, 0x5F, 0x00 },
  { 0x00, 0x05, 0x13, 0x5D, 0x73, 0x55, 0x4F, 0x00 },
  { 0x00, 0x05, 0x53, 0x7D, 0x53, 0x15, 0x77, 0x00 },
  { 0x00, 0x05, 0x53, 0x7D, 0x73, 0x55, 0x77, 0x00 },
  { 0x00, 0x05, 0x53, 0x7D, 0x53, 0x65, 0x77, 0x00 },
  { 0x05, 0x53, 0x7D, 0x53, 0x45, 0x37, 0x40, 0x00 },
  { 0x05, 0x53, 0x7D, 0x53, 0x75, 0x77, 0x50, 0x00 },
  { 0x05, 0x53, 0x7D, 0x73, 0x55, 0x77, 0x50, 0x00 },
  { 0x05, 0x53, 0x7D, 0x53, 0x35, 0x5F, 0x30, 0x00 },
  { 0x00, 0x0D, 0x6B, 0x7D, 0x6B, 0x6D, 0x6F, 0x00 },
  { 0x00, 0x0D, 0x6B, 0x5D, 0x4B, 0x4D, 0x6F, 0x00 },
  { 0x0D, 0x6B, 0x5D, 0x6B, 0x4D, 0x2F, 0x40, 0x00 },
  { 0x00, 0x0D, 0x5B, 0x2D, 0x1B, 0x2D, 0x4F, 0x00 },
  { 0x00, 0x0D, 0x5B, 0x2D, 0x4B, 0x2D, 0x4F, 0x00 }, // '쮰'
  { 0x00, 0x05, 0x23, 0x5D, 0x53, 0x55, 0x2F, 0x00 },
  { 0x00, 0x05, 0x53, 0x3D, 0x13, 0x35, 0x57, 0x00 },
  { 0x00, 0x05, 0x23, 0x6D, 0x33, 0x65, 0x2F, 0x00 },
  { 0x00, 0x05, 0x13, 0x3D, 0x33, 0x35, 0x77, 0x00 },
  { 0x00, 0x05, 0x73, 0x7D, 0x73, 0x75, 0x57, 0x00 },
  { 0x00, 0x05, 0x53, 0x7D, 0x53, 0x75, 0x57, 0x00 },
  { 0x00, 0x05, 0x23, 0x6D, 0x53, 0x65, 0x2F, 0x00 },
  { 0x10, 0x15, 0x73, 0x15, 0x73, 0x15, 0x10, 0x00 },
  { 0x08, 0x2D, 0x3B, 0x2D, 0x3B, 0x6D, 0x08, 0x00 },
  { 0x08, 0x2D, 0x3B, 0x6D, 0x3B, 0x6D, 0x08, 0x00 },
  { 0x08, 0x2D, 0x3B, 0x6D, 0x5B, 0x2D, 0x48, 0x00 },
  { 0x08, 0x6D, 0x5B, 0x4D, 0x5B, 0x4D, 0x08, 0x00 },
  { 0x04, 0x75, 0x4B, 0x55, 0x3B, 0x55, 0x04, 0x00 },
  { 0x04, 0x75, 0x4B, 0x55, 0x3B, 0x55, 0x34, 0x00 },
  { 0x04, 0x75, 0x5B, 0x55, 0x5B, 0x55, 0x04, 0x00 },
  { 0x04, 0x15, 0x5B, 0x75, 0x5B, 0x45, 0x04, 0x00 }, // '쯀'
  { 0x04, 0x55, 0x7B, 0x55, 0x1B, 0x75, 0x04, 0x00 },
  { 0x04, 0x55, 0x7B, 0x75, 0x5B, 0x75, 0x04, 0x00 },
  { 0x04, 0x55, 0x7B, 0x55, 0x6B, 0x75, 0x04, 0x00 },
  { 0x04, 0x55, 0x7B, 0x75, 0x4B, 0x35, 0x44, 0x00 },
  { 0x04, 0x55, 0x7B, 0x55, 0x7B, 0x75, 0x54, 0x00 },
  { 0x04, 0x55, 0x7B, 0x75, 0x5B, 0x75, 0x54, 0x00 },
  { 0x04, 0x55, 0x7B, 0x55, 0x3B, 0x55, 0x34, 0x00 },
  { 0x08, 0x6D, 0x7B, 0x6D, 0x7B, 0x6D, 0x08, 0x00 },
  { 0x08, 0x6D, 0x5B, 0x4D, 0x5B, 0x6D, 0x08, 0x00 },
  { 0x08, 0x6D, 0x5B, 0x6D, 0x5B, 0x2D, 0x48, 0x00 },
  { 0x08, 0x4D, 0x5B, 0x2D, 0x5B, 0x4D, 0x08, 0x00 },
  { 0x08, 0x4D, 0x3B, 0x4D, 0x3B, 0x4D, 0x08, 0x00 },
  { 0x04, 0x25, 0x5B, 0x55, 0x5B, 0x25, 0x04, 0x00 },
  { 0x04, 0x55, 0x3B, 0x15, 0x3B, 0x55, 0x04, 0x00 },
  { 0x04, 0x25, 0x6B, 0x35, 0x6B, 0x25, 0x04, 0x00 },
  { 0x04, 0x15, 0x3B, 0x35, 0x3B, 0x75, 0x04, 0x00 }, // '쯐'
  { 0x04, 0x75, 0x7B, 0x75, 0x7B, 0x55, 0x04, 0x00 },
  { 0x04, 0x55, 0x7B, 0x55, 0x7B, 0x55, 0x04, 0x00 },
  { 0x04, 0x25, 0x6B, 0x55, 0x6B, 0x25, 0x04, 0x00 },
  { 0x20, 0x2D, 0x23, 0x2D, 0x23, 0x2D, 0x20, 0x00 },
  { 0x08, 0x2D, 0x2B, 0x2D, 0x2B, 0x6D, 0x08, 0x00 },
  { 0x08, 0x2D, 0x2B, 0x6D, 0x2B, 0x6D, 0x08, 0x00 },
  { 0x08, 0x2D, 0x2B, 0x6D, 0x4B, 0x2D, 0x48, 0x00 },
  { 0x08, 0x6D, 0x4B, 0x4D, 0x4B, 0x4D, 0x08, 0x00 },
  { 0x08, 0x6D, 0x4B, 0x5D, 0x3B, 0x5D, 0x08, 0x00 },
  { 0x08, 0x6D, 0x4B, 0x4D, 0x2B, 0x5D, 0x28, 0x00 },
  { 0x08, 0x7D, 0x5B, 0x5D, 0x5B, 0x5D, 0x08, 0x00 },
  { 0x08, 0x6D, 0x6B, 0x5D, 0x5B, 0x5D, 0x08, 0x00 },
  { 0x08, 0x6D, 0x5B, 0x5D, 0x1B, 0x7D, 0x08, 0x00 },
  { 0x08, 0x6D, 0x5B, 0x7D, 0x5B, 0x7D, 0x08, 0x00 },
  { 0x08, 0x6D, 0x5B, 0x7D, 0x6B, 0x7D, 0x08, 0x00 },
  { 0x08, 0x6D, 0x5B, 0x5D, 0x4B, 0x3D, 0x48, 0x00 }, // '쯠'
  { 0x08, 0x6D, 0x5B, 0x7D, 0x7B, 0x5D, 0x08, 0x00 },
  { 0x08, 0x6D, 0x5B, 0x7D, 0x5B, 0x7D, 0x58, 0x00 },
  { 0x08, 0x6D, 0x5B, 0x5D, 0x2B, 0x5D, 0x28, 0x00 },
  { 0x08, 0x7D, 0x5B, 0x5D, 0x5B, 0x7D, 0x08, 0x00 },
  { 0x08, 0x7D, 0x6B, 0x6D, 0x6B, 0x7D, 0x08, 0x00 },
  { 0x08, 0x7D, 0x6B, 0x7D, 0x4B, 0x3D, 0x48, 0x00 },
  { 0x08, 0x4D, 0x2B, 0x1D, 0x2B, 0x4D, 0x08, 0x00 },
  { 0x08, 0x4D, 0x3B, 0x4D, 0x3B, 0x4D, 0x08, 0x00 },
  { 0x08, 0x2D, 0x5B, 0x5D, 0x5B, 0x2D, 0x08, 0x00 },
  { 0x08, 0x5D, 0x3B, 0x1D, 0x3B, 0x5D, 0x08, 0x00 },
  { 0x08, 0x2D, 0x6B, 0x3D, 0x6B, 0x2D, 0x08, 0x00 },
  { 0x08, 0x1D, 0x3B, 0x3D, 0x3B, 0x7D, 0x08, 0x00 },
  { 0x08, 0x7D, 0x7B, 0x7D, 0x7B, 0x5D, 0x08, 0x00 },
  { 0x08, 0x5D, 0x7B, 0x5D, 0x7B, 0x5D, 0x08, 0x00 },
  { 0x08, 0x2D, 0x6B, 0x5D, 0x6B, 0x2D, 0x08, 0x00 },
  { 0x00, 0x2D, 0x23, 0x2D, 0x23, 0x2D, 0x7F, 0x00 }, // '쯰'
  { 0x00, 0x0D, 0x2B, 0x2D, 0x2B, 0x2D, 0x6F, 0x00 },
  { 0x00, 0x0D, 0x2B, 0x2D, 0x6B, 0x2D, 0x6F, 0x00 },
  { 0x0D, 0x2B, 0x2D, 0x6B, 0x4D, 0x2F, 0x40, 0x00 },
  { 0x00, 0x15, 0x73, 0x55, 0x53, 0x55, 0x5F, 0x00 },
  { 0x00, 0x0D, 0x6B, 0x4D, 0x5B, 0x3D, 0x5F, 0x00 },
  { 0x0D, 0x6B, 0x4D, 0x4B, 0x2D, 0x5F, 0x20, 0x00 },
  { 0x00, 0x0D, 0x7B, 0x5D, 0x5B, 0x5D, 0x5F, 0x00 },
  { 0x00, 0x0D, 0x6B, 0x6D, 0x5B, 0x5D, 0x5F, 0x00 },
  { 0x00, 0x0D, 0x6B, 0x5D, 0x5B, 0x1D, 0x7F, 0x00 },
  { 0x00, 0x0D, 0x6B, 0x5D, 0x7B, 0x5D, 0x7F, 0x00 },
  { 0x00, 0x0D, 0x6B, 0x5D, 0x7B, 0x6D, 0x7F, 0x00 },
  { 0x0D, 0x6B, 0x5D, 0x5B, 0x4D, 0x3F, 0x40, 0x00 },
  { 0x00, 0x0D, 0x6B, 0x5D, 0x7B, 0x7D, 0x5F, 0x00 },
  { 0x0D, 0x6B, 0x5D, 0x7B, 0x5D, 0x7F, 0x50, 0x00 },
  { 0x0D, 0x6B, 0x5D, 0x5B, 0x2D, 0x5F, 0x20, 0x00 },
  { 0x00, 0x0D, 0x7B, 0x5D, 0x5B, 0x5D, 0x7F, 0x00 }, // '찀'
  { 0x00, 0x0D, 0x7B, 0x6D, 0x6B, 0x6D, 0x7F, 0x00 },
  { 0x0D, 0x7B, 0x6D, 0x7B, 0x4D, 0x3F, 0x40, 0x00 },
  { 0x00, 0x0D, 0x4B, 0x2D, 0x1B, 0x2D, 0x4F, 0x00 },
  { 0x00, 0x0D, 0x4B, 0x3D, 0x4B, 0x3D, 0x4F, 0x00 },
  { 0x00, 0x0D, 0x2B, 0x5D, 0x5B, 0x5D, 0x2F, 0x00 },
  { 0x00, 0x0D, 0x5B, 0x3D, 0x1B, 0x3D, 0x5F, 0x00 },
  { 0x00, 0x0D, 0x2B, 0x6D, 0x3B, 0x6D, 0x2F, 0x00 },
  { 0x00, 0x0D, 0x1B, 0x3D, 0x3B, 0x3D, 0x7F, 0x00 },
  { 0x00, 0x0D, 0x7B, 0x5D, 0x5B, 0x5D, 0x4F, 0x00 },
  { 0x00, 0x0D, 0x5B, 0x7D, 0x5B, 0x7D, 0x5F, 0x00 },
  { 0x00, 0x0D, 0x2B, 0x6D, 0x5B, 0x6D, 0x2F, 0x00 },
  { 0x00, 0x39, 0x07, 0x39, 0x07, 0x39, 0x7F, 0x00 },
  { 0x00, 0x0D, 0x23, 0x2D, 0x23, 0x2D, 0x6F, 0x00 },
  { 0x00, 0x0D, 0x23, 0x2D, 0x63, 0x2D, 0x6F, 0x00 },
  { 0x0D, 0x23, 0x2D, 0x63, 0x4D, 0x2F, 0x40, 0x00 },
  { 0x00, 0x0D, 0x63, 0x4D, 0x43, 0x4D, 0x5F, 0x00 }, // '찐'
  { 0x00, 0x05, 0x73, 0x45, 0x53, 0x35, 0x57, 0x00 },
  { 0x05, 0x73, 0x45, 0x53, 0x35, 0x5F, 0x30, 0x00 },
  { 0x00, 0x05, 0x73, 0x55, 0x53, 0x55, 0x57, 0x00 },
  { 0x00, 0x05, 0x6B, 0x6D, 0x5B, 0x5D, 0x5F, 0x00 },
  { 0x00, 0x05, 0x6B, 0x5D, 0x5B, 0x0D, 0x7F, 0x00 },
  { 0x00, 0x05, 0x6B, 0x5D, 0x7B, 0x4D, 0x7F, 0x00 },
  { 0x00, 0x05, 0x6B, 0x5D, 0x7B, 0x55, 0x7F, 0x00 },
  { 0x05, 0x6B, 0x5D, 0x5B, 0x45, 0x37, 0x40, 0x00 },
  { 0x00, 0x05, 0x6B, 0x5D, 0x7B, 0x5D, 0x4F, 0x00 },
  { 0x05, 0x6B, 0x5D, 0x7B, 0x4D, 0x7F, 0x48, 0x00 },
  { 0x05, 0x6B, 0x5D, 0x5B, 0x35, 0x5F, 0x30, 0x00 },
  { 0x00, 0x05, 0x73, 0x55, 0x53, 0x55, 0x77, 0x00 },
  { 0x00, 0x0D, 0x73, 0x6D, 0x63, 0x6D, 0x7F, 0x00 },
  { 0x0D, 0x73, 0x6D, 0x73, 0x4D, 0x2F, 0x40, 0x00 },
  { 0x00, 0x0D, 0x43, 0x2D, 0x13, 0x2D, 0x4F, 0x00 },
  { 0x00, 0x05, 0x43, 0x35, 0x43, 0x35, 0x47, 0x00 }, // '찠'
  { 0x00, 0x05, 0x23, 0x55, 0x53, 0x55, 0x27, 0x00 },
  { 0x00, 0x05, 0x53, 0x35, 0x13, 0x35, 0x57, 0x00 },
  { 0x00, 0x05, 0x53, 0x35, 0x1B, 0x35, 0x57, 0x00 },
  { 0x00, 0x05, 0x13, 0x35, 0x33, 0x35, 0x77, 0x00 },
  { 0x00, 0x05, 0x7B, 0x5D, 0x5B, 0x5D, 0x4F, 0x00 },
  { 0x00, 0x05, 0x53, 0x75, 0x53, 0x75, 0x57, 0x00 },
  { 0x00, 0x05, 0x13, 0x35, 0x5B, 0x35, 0x17, 0x00 },
  { 0x24, 0x15, 0x0D, 0x15, 0x24, 0x7F, 0x08, 0x00 },
  { 0x0A, 0x27, 0x26, 0x2A, 0x20, 0x6F, 0x04, 0x00 },
  { 0x0A, 0x27, 0x26, 0x6A, 0x20, 0x6F, 0x04, 0x00 },
  { 0x0A, 0x27, 0x26, 0x6A, 0x40, 0x2F, 0x44, 0x00 },
  { 0x0A, 0x67, 0x46, 0x4A, 0x40, 0x5F, 0x04, 0x00 },
  { 0x0A, 0x67, 0x46, 0x5A, 0x30, 0x5F, 0x04, 0x00 },
  { 0x0A, 0x67, 0x46, 0x4A, 0x20, 0x5F, 0x24, 0x00 },
  { 0x0A, 0x77, 0x56, 0x5A, 0x50, 0x5F, 0x04, 0x00 },
  { 0x0A, 0x17, 0x56, 0x7A, 0x50, 0x4F, 0x04, 0x00 }, // '찰'
  { 0x0A, 0x57, 0x76, 0x5A, 0x10, 0x7F, 0x04, 0x00 },
  { 0x0A, 0x57, 0x76, 0x7A, 0x50, 0x7F, 0x04, 0x00 },
  { 0x0A, 0x57, 0x76, 0x5A, 0x60, 0x7F, 0x04, 0x00 },
  { 0x0A, 0x57, 0x76, 0x5A, 0x40, 0x2F, 0x44, 0x00 },
  { 0x0A, 0x57, 0x76, 0x5A, 0x70, 0x7F, 0x54, 0x00 },
  { 0x0A, 0x57, 0x76, 0x7A, 0x50, 0x7F, 0x54, 0x00 },
  { 0x0A, 0x57, 0x76, 0x5A, 0x30, 0x5F, 0x34, 0x00 },
  { 0x0A, 0x77, 0x56, 0x5A, 0x50, 0x7F, 0x04, 0x00 },
  { 0x0A, 0x77, 0x66, 0x6A, 0x60, 0x7F, 0x04, 0x00 },
  { 0x0A, 0x77, 0x66, 0x7A, 0x40, 0x2F, 0x44, 0x00 },
  { 0x0A, 0x47, 0x26, 0x1A, 0x20, 0x4F, 0x04, 0x00 },
  { 0x0A, 0x47, 0x36, 0x4A, 0x30, 0x4F, 0x04, 0x00 },
  { 0x0A, 0x27, 0x56, 0x5A, 0x50, 0x2F, 0x04, 0x00 },
  { 0x0A, 0x57, 0x36, 0x1A, 0x30, 0x5F, 0x04, 0x00 },
  { 0x0A, 0x27, 0x66, 0x3A, 0x60, 0x2F, 0x04, 0x00 },
  { 0x0A, 0x17, 0x36, 0x3A, 0x30, 0x7F, 0x04, 0x00 }, // '챀'
  { 0x0A, 0x77, 0x76, 0x7A, 0x70, 0x5F, 0x04, 0x00 },
  { 0x0A, 0x57, 0x76, 0x5A, 0x70, 0x5F, 0x04, 0x00 },
  { 0x0A, 0x17, 0x36, 0x5A, 0x30, 0x1F, 0x04, 0x00 },
  { 0x35, 0x0D, 0x35, 0x00, 0x7F, 0x08, 0x7F, 0x00 },
  { 0x0A, 0x27, 0x2A, 0x20, 0x2F, 0x22, 0x6F, 0x00 },
  { 0x0A, 0x27, 0x2A, 0x60, 0x2F, 0x22, 0x6F, 0x00 },
  { 0x0A, 0x27, 0x2A, 0x60, 0x4F, 0x22, 0x4F, 0x00 },
  { 0x0A, 0x67, 0x4A, 0x40, 0x5F, 0x44, 0x5F, 0x00 },
  { 0x0A, 0x67, 0x4A, 0x40, 0x5F, 0x34, 0x5F, 0x00 },
  { 0x0A, 0x67, 0x4A, 0x40, 0x2F, 0x54, 0x2F, 0x00 },
  { 0x0A, 0x77, 0x5A, 0x50, 0x5F, 0x54, 0x5F, 0x00 },
  { 0x0A, 0x17, 0x5A, 0x70, 0x7F, 0x54, 0x4F, 0x00 },
  { 0x0A, 0x57, 0x7A, 0x50, 0x1F, 0x14, 0x7F, 0x00 },
  { 0x0A, 0x57, 0x7A, 0x50, 0x7F, 0x54, 0x7F, 0x00 },
  { 0x0A, 0x57, 0x7A, 0x50, 0x7F, 0x64, 0x7F, 0x00 },
  { 0x0A, 0x57, 0x7A, 0x50, 0x4F, 0x34, 0x4F, 0x00 }, // '챐'
  { 0x0A, 0x57, 0x7A, 0x50, 0x7F, 0x74, 0x5F, 0x00 },
  { 0x0A, 0x57, 0x7A, 0x70, 0x5F, 0x74, 0x5F, 0x00 },
  { 0x0A, 0x57, 0x7A, 0x50, 0x2F, 0x54, 0x2F, 0x00 },
  { 0x0A, 0x77, 0x5A, 0x50, 0x5F, 0x54, 0x7F, 0x00 },
  { 0x0A, 0x77, 0x6A, 0x60, 0x6F, 0x64, 0x7F, 0x00 },
  { 0x0A, 0x77, 0x6A, 0x70, 0x4F, 0x34, 0x4F, 0x00 },
  { 0x0A, 0x47, 0x2A, 0x10, 0x2F, 0x44, 0x0F, 0x00 },
  { 0x0A, 0x47, 0x2A, 0x40, 0x2F, 0x44, 0x0F, 0x00 },
  { 0x0A, 0x27, 0x5A, 0x50, 0x5F, 0x54, 0x2F, 0x00 },
  { 0x0A, 0x57, 0x5A, 0x30, 0x3F, 0x54, 0x5F, 0x00 },
  { 0x0A, 0x27, 0x6A, 0x30, 0x2F, 0x64, 0x2F, 0x00 },
  { 0x0A, 0x17, 0x3A, 0x30, 0x3F, 0x34, 0x7F, 0x00 },
  { 0x0A, 0x77, 0x7A, 0x70, 0x7F, 0x74, 0x5F, 0x00 },
  { 0x0A, 0x57, 0x7A, 0x50, 0x5F, 0x74, 0x5F, 0x00 },
  { 0x0A, 0x27, 0x6A, 0x50, 0x6F, 0x64, 0x2F, 0x00 },
  { 0x24, 0x15, 0x0D, 0x15, 0x24, 0x7F, 0x14, 0x00 }, // '챠'
  { 0x0A, 0x26, 0x23, 0x26, 0x2A, 0x7F, 0x0A, 0x00 },
  { 0x0A, 0x27, 0x26, 0x6A, 0x20, 0x7F, 0x0A, 0x00 },
  { 0x0A, 0x27, 0x26, 0x6A, 0x40, 0x3F, 0x4A, 0x00 },
  { 0x0A, 0x67, 0x46, 0x4A, 0x40, 0x5F, 0x0A, 0x00 },
  { 0x0A, 0x67, 0x46, 0x5A, 0x30, 0x5F, 0x0A, 0x00 },
  { 0x0A, 0x67, 0x46, 0x4A, 0x20, 0x5F, 0x2A, 0x00 },
  { 0x0A, 0x77, 0x56, 0x5A, 0x50, 0x5F, 0x0A, 0x00 },
  { 0x0A, 0x17, 0x56, 0x7A, 0x50, 0x4F, 0x0A, 0x00 },
  { 0x0A, 0x57, 0x76, 0x5A, 0x10, 0x7F, 0x0A, 0x00 },
  { 0x0A, 0x57, 0x76, 0x7A, 0x50, 0x7F, 0x0A, 0x00 },
  { 0x0A, 0x57, 0x76, 0x5A, 0x60, 0x7F, 0x0A, 0x00 },
  { 0x0A, 0x57, 0x76, 0x5A, 0x40, 0x3F, 0x4A, 0x00 },
  { 0x0A, 0x57, 0x76, 0x5A, 0x70, 0x7F, 0x55, 0x00 },
  { 0x0A, 0x57, 0x76, 0x7A, 0x50, 0x7F, 0x55, 0x00 },
  { 0x0A, 0x57, 0x76, 0x5A, 0x30, 0x5F, 0x35, 0x00 },
  { 0x0A, 0x77, 0x56, 0x5A, 0x50, 0x7F, 0x0A, 0x00 }, // '챰'
  { 0x0A, 0x77, 0x66, 0x6A, 0x60, 0x7F, 0x0A, 0x00 },
  { 0x0A, 0x77, 0x66, 0x7A, 0x40, 0x3F, 0x4A, 0x00 },
  { 0x0A, 0x47, 0x26, 0x1A, 0x20, 0x5F, 0x0A, 0x00 },
  { 0x0A, 0x47, 0x36, 0x4A, 0x30, 0x4F, 0x0A, 0x00 },
  { 0x0A, 0x27, 0x56, 0x5A, 0x50, 0x2F, 0x0A, 0x00 },
  { 0x0A, 0x57, 0x36, 0x1A, 0x30, 0x5F, 0x0A, 0x00 },
  { 0x0A, 0x27, 0x66, 0x3A, 0x60, 0x3F, 0x0A, 0x00 },
  { 0x0A, 0x17, 0x36, 0x3A, 0x30, 0x7F, 0x0A, 0x00 },
  { 0x0A, 0x77, 0x76, 0x7A, 0x70, 0x5F, 0x0A, 0x00 },
  { 0x0A, 0x57, 0x76, 0x5A, 0x70, 0x5F, 0x0A, 0x00 },
  { 0x0A, 0x17, 0x36, 0x5A, 0x30, 0x1F, 0x0A, 0x00 },
  { 0x35, 0x0D, 0x35, 0x00, 0x7F, 0x12, 0x7F, 0x00 },
  { 0x0A, 0x27, 0x2A, 0x20, 0x3F, 0x2A, 0x7F, 0x00 },
  { 0x0A, 0x27, 0x2A, 0x60, 0x3F, 0x2A, 0x7F, 0x00 },
  { 0x0A, 0x27, 0x2A, 0x60, 0x5F, 0x2A, 0x5F, 0x00 },
  { 0x0A, 0x67, 0x4A, 0x40, 0x5F, 0x4A, 0x5F, 0x00 }, // '첀'
  { 0x0A, 0x67, 0x4A, 0x40, 0x5F, 0x35, 0x5F, 0x00 },
  { 0x0A, 0x67, 0x4A, 0x40, 0x2F, 0x55, 0x2F, 0x00 },
  { 0x0A, 0x77, 0x5A, 0x50, 0x5F, 0x55, 0x5F, 0x00 },
  { 0x0A, 0x17, 0x5A, 0x70, 0x7F, 0x55, 0x4F, 0x00 },
  { 0x0A, 0x57, 0x7A, 0x50, 0x1F, 0x15, 0x7F, 0x00 },
  { 0x0A, 0x57, 0x7A, 0x50, 0x7F, 0x55, 0x7F, 0x00 },
  { 0x0A, 0x57, 0x7A, 0x50, 0x7F, 0x65, 0x7F, 0x00 },
  { 0x0A, 0x57, 0x7A, 0x50, 0x4F, 0x35, 0x4F, 0x00 },
  { 0x0A, 0x57, 0x7A, 0x50, 0x7F, 0x75, 0x5F, 0x00 },
  { 0x0A, 0x57, 0x7A, 0x70, 0x5F, 0x75, 0x5F, 0x00 },
  { 0x0A, 0x57, 0x7A, 0x50, 0x2F, 0x55, 0x2F, 0x00 },
  { 0x0A, 0x77, 0x5A, 0x50, 0x5F, 0x55, 0x7F, 0x00 },
  { 0x0A, 0x77, 0x6A, 0x60, 0x7F, 0x6A, 0x7F, 0x00 },
  { 0x0A, 0x77, 0x6A, 0x70, 0x4F, 0x35, 0x4F, 0x00 },
  { 0x0A, 0x47, 0x2A, 0x10, 0x2F, 0x4A, 0x0F, 0x00 },
  { 0x0A, 0x47, 0x2A, 0x40, 0x2F, 0x4A, 0x0F, 0x00 }, // '첐'
  { 0x0A, 0x27, 0x5A, 0x50, 0x5F, 0x55, 0x2F, 0x00 },
  { 0x0A, 0x57, 0x5A, 0x30, 0x3F, 0x55, 0x5F, 0x00 },
  { 0x0A, 0x27, 0x6A, 0x30, 0x2F, 0x6A, 0x2F, 0x00 },
  { 0x0A, 0x17, 0x3A, 0x30, 0x3F, 0x35, 0x7F, 0x00 },
  { 0x0A, 0x77, 0x7A, 0x70, 0x7F, 0x75, 0x5F, 0x00 },
  { 0x0A, 0x57, 0x7A, 0x50, 0x5F, 0x75, 0x5F, 0x00 },
  { 0x0A, 0x27, 0x6A, 0x50, 0x6F, 0x6A, 0x2F, 0x00 },
  { 0x00, 0x35, 0x0D, 0x35, 0x08, 0x08, 0x7F, 0x00 },
  { 0x00, 0x0A, 0x27, 0x26, 0x2A, 0x24, 0x6F, 0x00 },
  { 0x00, 0x0A, 0x27, 0x26, 0x6A, 0x24, 0x6F, 0x00 },
  { 0x0A, 0x27, 0x26, 0x6A, 0x44, 0x2F, 0x40, 0x00 },
  { 0x00, 0x0A, 0x67, 0x46, 0x4A, 0x44, 0x5F, 0x00 },
  { 0x00, 0x0A, 0x67, 0x46, 0x5A, 0x34, 0x5F, 0x00 },
  { 0x0A, 0x67, 0x46, 0x5A, 0x34, 0x5F, 0x30, 0x00 },
  { 0x00, 0x0A, 0x77, 0x56, 0x5A, 0x54, 0x5F, 0x00 },
  { 0x00, 0x0A, 0x17, 0x56, 0x7A, 0x54, 0x4F, 0x00 }, // '철'
  { 0x00, 0x0A, 0x57, 0x76, 0x5A, 0x14, 0x7F, 0x00 },
  { 0x00, 0x0A, 0x57, 0x76, 0x7A, 0x54, 0x7F, 0x00 },
  { 0x00, 0x0A, 0x57, 0x76, 0x5A, 0x64, 0x7F, 0x00 },
  { 0x0A, 0x57, 0x76, 0x5A, 0x44, 0x3F, 0x40, 0x00 },
  { 0x0A, 0x57, 0x76, 0x5A, 0x74, 0x7F, 0x50, 0x00 },
  { 0x0A, 0x57, 0x76, 0x7A, 0x54, 0x7F, 0x50, 0x00 },
  { 0x0A, 0x57, 0x76, 0x5A, 0x34, 0x5F, 0x30, 0x00 },
  { 0x00, 0x0A, 0x77, 0x56, 0x5A, 0x54, 0x7F, 0x00 },
  { 0x00, 0x0A, 0x77, 0x66, 0x6A, 0x64, 0x7F, 0x00 },
  { 0x0A, 0x77, 0x66, 0x7A, 0x44, 0x2F, 0x40, 0x00 },
  { 0x00, 0x0A, 0x47, 0x26, 0x1A, 0x24, 0x4F, 0x00 },
  { 0x00, 0x0A, 0x47, 0x26, 0x4A, 0x24, 0x4F, 0x00 },
  { 0x00, 0x0A, 0x27, 0x56, 0x5A, 0x54, 0x2F, 0x00 },
  { 0x00, 0x0A, 0x57, 0x36, 0x1A, 0x34, 0x5F, 0x00 },
  { 0x00, 0x0A, 0x27, 0x66, 0x3A, 0x64, 0x2F, 0x00 },
  { 0x00, 0x0A, 0x17, 0x3A, 0x34, 0x34, 0x7F, 0x00 }, // '첰'
  { 0x00, 0x0A, 0x77, 0x7A, 0x74, 0x74, 0x5F, 0x00 },
  { 0x00, 0x0A, 0x57, 0x7A, 0x54, 0x74, 0x5F, 0x00 },
  { 0x00, 0x0A, 0x27, 0x6A, 0x54, 0x64, 0x2F, 0x00 },
  { 0x35, 0x0D, 0x35, 0x08, 0x7F, 0x00, 0x7F, 0x00 },
  { 0x0A, 0x27, 0x2A, 0x24, 0x2F, 0x20, 0x6F, 0x00 },
  { 0x0A, 0x27, 0x2A, 0x64, 0x2F, 0x20, 0x6F, 0x00 },
  { 0x0A, 0x27, 0x2A, 0x64, 0x4F, 0x20, 0x4F, 0x00 },
  { 0x0A, 0x67, 0x4A, 0x44, 0x5F, 0x40, 0x5F, 0x00 },
  { 0x0A, 0x67, 0x4A, 0x44, 0x5F, 0x30, 0x5F, 0x00 },
  { 0x0A, 0x67, 0x4A, 0x44, 0x2F, 0x50, 0x2F, 0x00 },
  { 0x0A, 0x77, 0x5A, 0x54, 0x5F, 0x50, 0x5F, 0x00 },
  { 0x0A, 0x17, 0x5A, 0x74, 0x7F, 0x50, 0x4F, 0x00 },
  { 0x0A, 0x57, 0x7A, 0x54, 0x1F, 0x10, 0x7F, 0x00 },
  { 0x0A, 0x57, 0x7A, 0x54, 0x7F, 0x50, 0x7F, 0x00 },
  { 0x0A, 0x57, 0x7A, 0x54, 0x7F, 0x60, 0x7F, 0x00 },
  { 0x0A, 0x57, 0x7A, 0x54, 0x4F, 0x30, 0x4F, 0x00 }, // '쳀'
  { 0x0A, 0x57, 0x7A, 0x54, 0x7F, 0x70, 0x5F, 0x00 },
  { 0x0A, 0x57, 0x7A, 0x74, 0x5F, 0x70, 0x5F, 0x00 },
  { 0x0A, 0x57, 0x7A, 0x54, 0x2F, 0x50, 0x2F, 0x00 },
  { 0x0A, 0x77, 0x5A, 0x54, 0x5F, 0x50, 0x7F, 0x00 },
  { 0x0A, 0x77, 0x6A, 0x64, 0x6F, 0x60, 0x7F, 0x00 },
  { 0x0A, 0x77, 0x6A, 0x74, 0x4F, 0x30, 0x4F, 0x00 },
  { 0x0A, 0x47, 0x2A, 0x14, 0x2F, 0x40, 0x0F, 0x00 },
  { 0x0A, 0x47, 0x2A, 0x44, 0x2F, 0x40, 0x0F, 0x00 },
  { 0x0A, 0x27, 0x5A, 0x54, 0x5F, 0x50, 0x2F, 0x00 },
  { 0x0A, 0x57, 0x5A, 0x34, 0x3F, 0x50, 0x5F, 0x00 },
  { 0x0A, 0x27, 0x6A, 0x34, 0x2F, 0x60, 0x2F, 0x00 },
  { 0x0A, 0x17, 0x3A, 0x34, 0x3F, 0x30, 0x7F, 0x00 },
  { 0x0A, 0x77, 0x7A, 0x74, 0x7F, 0x70, 0x5F, 0x00 },
  { 0x0A, 0x57, 0x7A, 0x54, 0x5F, 0x70, 0x5F, 0x00 },
  { 0x0A, 0x27, 0x6A, 0x54, 0x6F, 0x60, 0x2F, 0x00 },
  { 0x00, 0x35, 0x0D, 0x35, 0x00, 0x14, 0x7F, 0x00 }, // '쳐'
  { 0x00, 0x0A, 0x27, 0x2A, 0x20, 0x2A, 0x7F, 0x00 },
  { 0x00, 0x0A, 0x27, 0x2A, 0x60, 0x2A, 0x7F, 0x00 },
  { 0x0A, 0x27, 0x2A, 0x60, 0x4A, 0x3F, 0x40, 0x00 },
  { 0x00, 0x0A, 0x67, 0x4A, 0x40, 0x4A, 0x5F, 0x00 },
  { 0x00, 0x0A, 0x67, 0x4A, 0x50, 0x36, 0x5F, 0x00 },
  { 0x0A, 0x67, 0x4A, 0x50, 0x36, 0x5F, 0x30, 0x00 },
  { 0x00, 0x0A, 0x77, 0x5A, 0x50, 0x56, 0x5F, 0x00 },
  { 0x00, 0x0A, 0x17, 0x5A, 0x70, 0x56, 0x4F, 0x00 },
  { 0x00, 0x0A, 0x57, 0x7A, 0x50, 0x16, 0x7F, 0x00 },
  { 0x00, 0x0A, 0x57, 0x7A, 0x70, 0x56, 0x7F, 0x00 },
  { 0x00, 0x0A, 0x57, 0x7A, 0x50, 0x66, 0x7F, 0x00 },
  { 0x0A, 0x57, 0x7A, 0x50, 0x4A, 0x3F, 0x40, 0x00 },
  { 0x0A, 0x57, 0x7A, 0x50, 0x76, 0x7F, 0x50, 0x00 },
  { 0x0A, 0x57, 0x7A, 0x70, 0x56, 0x7F, 0x50, 0x00 },
  { 0x0A, 0x57, 0x7A, 0x50, 0x36, 0x5F, 0x30, 0x00 },
  { 0x00, 0x0A, 0x77, 0x5A, 0x50, 0x56, 0x7F, 0x00 }, // '쳠'
  { 0x00, 0x0A, 0x77, 0x6A, 0x60, 0x6A, 0x7F, 0x00 },
  { 0x0A, 0x77, 0x6A, 0x70, 0x4A, 0x3F, 0x40, 0x00 },
  { 0x00, 0x0A, 0x47, 0x2A, 0x10, 0x2A, 0x5F, 0x00 },
  { 0x00, 0x0A, 0x47, 0x2A, 0x40, 0x2A, 0x5F, 0x00 },
  { 0x00, 0x0A, 0x27, 0x5A, 0x50, 0x56, 0x2F, 0x00 },
  { 0x00, 0x0A, 0x57, 0x3A, 0x10, 0x36, 0x5F, 0x00 },
  { 0x00, 0x0A, 0x27, 0x6A, 0x30, 0x6A, 0x3F, 0x00 },
  { 0x00, 0x0A, 0x17, 0x3A, 0x30, 0x36, 0x7F, 0x00 },
  { 0x00, 0x0A, 0x77, 0x7A, 0x70, 0x76, 0x5F, 0x00 },
  { 0x00, 0x0A, 0x57, 0x7A, 0x50, 0x76, 0x5F, 0x00 },
  { 0x00, 0x0A, 0x27, 0x6A, 0x50, 0x6A, 0x3F, 0x00 },
  { 0x35, 0x0D, 0x35, 0x0A, 0x7F, 0x00, 0x7F, 0x00 },
  { 0x0A, 0x27, 0x2A, 0x25, 0x2F, 0x20, 0x6F, 0x00 },
  { 0x0A, 0x27, 0x2A, 0x65, 0x2F, 0x20, 0x6F, 0x00 },
  { 0x0A, 0x27, 0x2A, 0x65, 0x4F, 0x20, 0x4F, 0x00 },
  { 0x0A, 0x67, 0x4A, 0x45, 0x5F, 0x40, 0x5F, 0x00 }, // '쳰'
  { 0x0A, 0x67, 0x4A, 0x45, 0x5F, 0x30, 0x5F, 0x00 },
  { 0x0A, 0x67, 0x4A, 0x45, 0x2F, 0x50, 0x2F, 0x00 },
  { 0x0A, 0x77, 0x5A, 0x55, 0x5F, 0x50, 0x5F, 0x00 },
  { 0x0A, 0x17, 0x5A, 0x75, 0x7F, 0x50, 0x4F, 0x00 },
  { 0x0A, 0x57, 0x7A, 0x55, 0x1F, 0x10, 0x7F, 0x00 },
  { 0x0A, 0x57, 0x7A, 0x55, 0x7F, 0x50, 0x7F, 0x00 },
  { 0x0A, 0x57, 0x7A, 0x55, 0x7F, 0x60, 0x7F, 0x00 },
  { 0x0A, 0x57, 0x7A, 0x55, 0x4F, 0x30, 0x4F, 0x00 },
  { 0x0A, 0x57, 0x7A, 0x55, 0x7F, 0x70, 0x5F, 0x00 },
  { 0x0A, 0x57, 0x7A, 0x75, 0x5F, 0x70, 0x5F, 0x00 },
  { 0x0A, 0x57, 0x7A, 0x55, 0x2F, 0x50, 0x2F, 0x00 },
  { 0x0A, 0x77, 0x5A, 0x55, 0x5F, 0x50, 0x7F, 0x00 },
  { 0x0A, 0x77, 0x6A, 0x65, 0x6F, 0x60, 0x7F, 0x00 },
  { 0x0A, 0x77, 0x6A, 0x75, 0x4F, 0x30, 0x4F, 0x00 },
  { 0x0A, 0x47, 0x2A, 0x15, 0x2F, 0x40, 0x0F, 0x00 },
  { 0x0A, 0x47, 0x2A, 0x45, 0x2F, 0x40, 0x0F, 0x00 }, // '촀'
  { 0x0A, 0x27, 0x5A, 0x55, 0x5F, 0x50, 0x3F, 0x00 },
  { 0x0A, 0x57, 0x5A, 0x35, 0x3F, 0x50, 0x5F, 0x00 },
  { 0x0A, 0x27, 0x6A, 0x35, 0x2F, 0x60, 0x2F, 0x00 },
  { 0x0A, 0x17, 0x3A, 0x35, 0x3F, 0x30, 0x7F, 0x00 },
  { 0x0A, 0x77, 0x7A, 0x75, 0x7F, 0x70, 0x5F, 0x00 },
  { 0x0A, 0x57, 0x7A, 0x55, 0x5F, 0x70, 0x5F, 0x00 },
  { 0x0A, 0x27, 0x6A, 0x55, 0x6F, 0x60, 0x2F, 0x00 },
  { 0x20, 0x2A, 0x26, 0x33, 0x26, 0x2A, 0x20, 0x00 },
  { 0x10, 0x3A, 0x36, 0x3B, 0x36, 0x7A, 0x10, 0x00 },
  { 0x10, 0x3A, 0x36, 0x7B, 0x36, 0x7A, 0x10, 0x00 },
  { 0x10, 0x3A, 0x36, 0x7B, 0x56, 0x3A, 0x50, 0x00 },
  { 0x10, 0x7A, 0x56, 0x5B, 0x56, 0x5A, 0x10, 0x00 },
  { 0x10, 0x7A, 0x56, 0x5B, 0x36, 0x5A, 0x10, 0x00 },
  { 0x10, 0x7A, 0x56, 0x5B, 0x36, 0x5A, 0x30, 0x00 },
  { 0x10, 0x7A, 0x56, 0x5B, 0x56, 0x5A, 0x10, 0x00 },
  { 0x10, 0x3A, 0x76, 0x7B, 0x76, 0x5A, 0x10, 0x00 }, // '촐'
  { 0x10, 0x3A, 0x76, 0x5B, 0x36, 0x7A, 0x10, 0x00 },
  { 0x10, 0x3A, 0x76, 0x5B, 0x76, 0x7A, 0x10, 0x00 },
  { 0x10, 0x3A, 0x76, 0x5B, 0x76, 0x5A, 0x70, 0x00 },
  { 0x10, 0x3A, 0x76, 0x5B, 0x56, 0x3A, 0x50, 0x00 },
  { 0x10, 0x3A, 0x76, 0x5B, 0x76, 0x7A, 0x50, 0x00 },
  { 0x10, 0x3A, 0x76, 0x5B, 0x76, 0x7A, 0x50, 0x00 },
  { 0x10, 0x3A, 0x76, 0x5B, 0x36, 0x5A, 0x30, 0x00 },
  { 0x10, 0x7A, 0x56, 0x5B, 0x56, 0x7A, 0x10, 0x00 },
  { 0x10, 0x7A, 0x66, 0x6B, 0x66, 0x7A, 0x10, 0x00 },
  { 0x10, 0x7A, 0x66, 0x7B, 0x46, 0x3A, 0x50, 0x00 },
  { 0x10, 0x5A, 0x56, 0x3B, 0x56, 0x5A, 0x10, 0x00 },
  { 0x10, 0x5A, 0x36, 0x5B, 0x36, 0x5A, 0x10, 0x00 },
  { 0x10, 0x3A, 0x56, 0x5B, 0x56, 0x3A, 0x10, 0x00 },
  { 0x10, 0x3A, 0x76, 0x3B, 0x76, 0x3A, 0x10, 0x00 },
  { 0x10, 0x3A, 0x76, 0x3B, 0x76, 0x3A, 0x10, 0x00 },
  { 0x10, 0x3A, 0x36, 0x3B, 0x36, 0x7A, 0x10, 0x00 }, // '촠'
  { 0x10, 0x7A, 0x76, 0x7B, 0x76, 0x5A, 0x10, 0x00 },
  { 0x10, 0x5A, 0x76, 0x5B, 0x76, 0x5A, 0x10, 0x00 },
  { 0x10, 0x3A, 0x76, 0x5B, 0x76, 0x3A, 0x10, 0x00 },
  { 0x2A, 0x26, 0x33, 0x26, 0x2A, 0x7F, 0x08, 0x00 },
  { 0x1A, 0x36, 0x3B, 0x36, 0x3A, 0x7F, 0x04, 0x00 },
  { 0x1A, 0x36, 0x3B, 0x76, 0x3A, 0x7F, 0x04, 0x00 },
  { 0x1A, 0x36, 0x3B, 0x76, 0x5A, 0x3F, 0x44, 0x00 },
  { 0x1A, 0x76, 0x5B, 0x56, 0x5A, 0x5F, 0x04, 0x00 },
  { 0x1A, 0x76, 0x5B, 0x56, 0x3A, 0x5F, 0x04, 0x00 },
  { 0x1A, 0x76, 0x5B, 0x56, 0x3A, 0x5F, 0x24, 0x00 },
  { 0x1A, 0x76, 0x7B, 0x76, 0x7A, 0x5F, 0x04, 0x00 },
  { 0x1A, 0x36, 0x7B, 0x76, 0x7A, 0x5F, 0x04, 0x00 },
  { 0x1A, 0x36, 0x7B, 0x56, 0x3A, 0x7F, 0x04, 0x00 },
  { 0x1A, 0x36, 0x7B, 0x56, 0x7A, 0x7F, 0x04, 0x00 },
  { 0x1A, 0x36, 0x7B, 0x56, 0x7A, 0x5F, 0x64, 0x00 },
  { 0x1A, 0x36, 0x7B, 0x56, 0x5A, 0x3F, 0x44, 0x00 }, // '촰'
  { 0x1A, 0x36, 0x7B, 0x56, 0x7A, 0x7F, 0x44, 0x00 },
  { 0x1A, 0x36, 0x7B, 0x56, 0x7A, 0x7F, 0x44, 0x00 },
  { 0x1A, 0x36, 0x7B, 0x56, 0x3A, 0x5F, 0x24, 0x00 },
  { 0x1A, 0x76, 0x5B, 0x56, 0x5A, 0x7F, 0x04, 0x00 },
  { 0x1A, 0x76, 0x5B, 0x56, 0x5A, 0x7F, 0x04, 0x00 },
  { 0x1A, 0x76, 0x5B, 0x76, 0x5A, 0x3F, 0x44, 0x00 },
  { 0x1A, 0x56, 0x5B, 0x36, 0x5A, 0x5F, 0x04, 0x00 },
  { 0x1A, 0x56, 0x3B, 0x56, 0x3A, 0x5F, 0x04, 0x00 },
  { 0x1A, 0x36, 0x5B, 0x56, 0x5A, 0x3F, 0x04, 0x00 },
  { 0x1A, 0x36, 0x7B, 0x36, 0x7A, 0x3F, 0x04, 0x00 },
  { 0x1A, 0x36, 0x7B, 0x36, 0x7A, 0x3F, 0x04, 0x00 },
  { 0x1A, 0x36, 0x3B, 0x36, 0x3A, 0x7F, 0x04, 0x00 },
  { 0x1A, 0x76, 0x7B, 0x76, 0x7A, 0x5F, 0x04, 0x00 },
  { 0x1A, 0x56, 0x7B, 0x56, 0x7A, 0x5F, 0x04, 0x00 },
  { 0x1A, 0x36, 0x7B, 0x56, 0x7A, 0x3F, 0x04, 0x00 },
  { 0x2A, 0x37, 0x2A, 0x20, 0x7F, 0x08, 0x7F, 0x00 }, // '쵀'
  { 0x16, 0x3B, 0x36, 0x30, 0x3F, 0x24, 0x7F, 0x00 },
  { 0x16, 0x3B, 0x36, 0x70, 0x3F, 0x24, 0x7F, 0x00 },
  { 0x16, 0x3B, 0x36, 0x70, 0x5F, 0x24, 0x5F, 0x00 },
  { 0x16, 0x7B, 0x56, 0x50, 0x5F, 0x44, 0x5F, 0x00 },
  { 0x16, 0x7B, 0x56, 0x50, 0x5F, 0x34, 0x5F, 0x00 },
  { 0x16, 0x7B, 0x56, 0x50, 0x3F, 0x54, 0x3F, 0x00 },
  { 0x16, 0x7B, 0x56, 0x50, 0x5F, 0x54, 0x5F, 0x00 },
  { 0x16, 0x3B, 0x76, 0x70, 0x7F, 0x64, 0x5F, 0x00 },
  { 0x16, 0x5B, 0x76, 0x50, 0x1F, 0x14, 0x7F, 0x00 },
  { 0x16, 0x5B, 0x76, 0x50, 0x7F, 0x54, 0x7F, 0x00 },
  { 0x16, 0x5B, 0x76, 0x50, 0x7F, 0x64, 0x7F, 0x00 },
  { 0x16, 0x5B, 0x76, 0x50, 0x5F, 0x34, 0x5F, 0x00 },
  { 0x16, 0x5B, 0x76, 0x50, 0x7F, 0x74, 0x5F, 0x00 },
  { 0x16, 0x5B, 0x76, 0x70, 0x5F, 0x74, 0x5F, 0x00 },
  { 0x16, 0x5B, 0x76, 0x50, 0x3F, 0x54, 0x3F, 0x00 },
  { 0x16, 0x7B, 0x56, 0x50, 0x5F, 0x54, 0x7F, 0x00 }, // '쵐'
  { 0x16, 0x7B, 0x56, 0x50, 0x5F, 0x44, 0x7F, 0x00 },
  { 0x16, 0x7B, 0x56, 0x70, 0x5F, 0x24, 0x5F, 0x00 },
  { 0x16, 0x5B, 0x56, 0x30, 0x5F, 0x44, 0x1F, 0x00 },
  { 0x16, 0x5B, 0x36, 0x50, 0x3F, 0x44, 0x1F, 0x00 },
  { 0x16, 0x3B, 0x56, 0x50, 0x5F, 0x54, 0x3F, 0x00 },
  { 0x16, 0x3B, 0x76, 0x30, 0x3F, 0x74, 0x3F, 0x00 },
  { 0x16, 0x3B, 0x76, 0x30, 0x3F, 0x74, 0x3F, 0x00 },
  { 0x16, 0x3B, 0x36, 0x30, 0x3F, 0x24, 0x7F, 0x00 },
  { 0x16, 0x7B, 0x76, 0x70, 0x7F, 0x74, 0x5F, 0x00 },
  { 0x16, 0x5B, 0x76, 0x50, 0x5F, 0x74, 0x5F, 0x00 },
  { 0x16, 0x3B, 0x76, 0x50, 0x7F, 0x74, 0x3F, 0x00 },
  { 0x00, 0x2A, 0x26, 0x33, 0x26, 0x2A, 0x7F, 0x00 },
  { 0x00, 0x1A, 0x36, 0x3B, 0x36, 0x3A, 0x7F, 0x00 },
  { 0x00, 0x1A, 0x36, 0x3B, 0x76, 0x3A, 0x7F, 0x00 },
  { 0x1A, 0x36, 0x3B, 0x76, 0x5A, 0x3F, 0x40, 0x00 },
  { 0x00, 0x1A, 0x76, 0x5B, 0x56, 0x5A, 0x5F, 0x00 }, // '쵠'
  { 0x00, 0x1A, 0x76, 0x5B, 0x56, 0x3A, 0x5F, 0x00 },
  { 0x1A, 0x76, 0x5B, 0x56, 0x3A, 0x5F, 0x20, 0x00 },
  { 0x00, 0x1A, 0x76, 0x7B, 0x76, 0x7A, 0x5F, 0x00 },
  { 0x00, 0x1A, 0x36, 0x7B, 0x76, 0x7A, 0x5F, 0x00 },
  { 0x00, 0x1A, 0x36, 0x7B, 0x56, 0x3A, 0x7F, 0x00 },
  { 0x00, 0x1A, 0x36, 0x7B, 0x56, 0x7A, 0x7F, 0x00 },
  { 0x1A, 0x36, 0x7B, 0x56, 0x7A, 0x5F, 0x60, 0x00 },
  { 0x1A, 0x36, 0x7B, 0x56, 0x5A, 0x3F, 0x40, 0x00 },
  { 0x1A, 0x36, 0x7B, 0x56, 0x7A, 0x7F, 0x40, 0x00 },
  { 0x1A, 0x36, 0x7B, 0x56, 0x7A, 0x7F, 0x40, 0x00 },
  { 0x1A, 0x36, 0x7B, 0x56, 0x3A, 0x5F, 0x20, 0x00 },
  { 0x00, 0x1A, 0x76, 0x5B, 0x56, 0x5A, 0x7F, 0x00 },
  { 0x00, 0x1A, 0x76, 0x5B, 0x56, 0x5A, 0x7F, 0x00 },
  { 0x1A, 0x76, 0x5B, 0x76, 0x5A, 0x3F, 0x40, 0x00 },
  { 0x00, 0x1A, 0x56, 0x5B, 0x36, 0x5A, 0x5F, 0x00 },
  { 0x00, 0x1A, 0x56, 0x3B, 0x56, 0x3A, 0x5F, 0x00 }, // '쵰'
  { 0x00, 0x1A, 0x36, 0x5B, 0x56, 0x5A, 0x3F, 0x00 },
  { 0x00, 0x1A, 0x36, 0x7B, 0x36, 0x7A, 0x3F, 0x00 },
  { 0x00, 0x1A, 0x36, 0x7B, 0x36, 0x7A, 0x3F, 0x00 },
  { 0x00, 0x1A, 0x36, 0x3B, 0x36, 0x3A, 0x7F, 0x00 },
  { 0x00, 0x1A, 0x76, 0x7B, 0x76, 0x7A, 0x5F, 0x00 },
  { 0x00, 0x1A, 0x56, 0x7B, 0x56, 0x7A, 0x5F, 0x00 },
  { 0x00, 0x1A, 0x36, 0x7B, 0x56, 0x7A, 0x3F, 0x00 },
  { 0x20, 0x2A, 0x36, 0x23, 0x36, 0x2A, 0x20, 0x00 },
  { 0x10, 0x3A, 0x3E, 0x33, 0x3E, 0x7A, 0x10, 0x00 },
  { 0x10, 0x3A, 0x3E, 0x73, 0x3E, 0x7A, 0x10, 0x00 },
  { 0x10, 0x3A, 0x3E, 0x73, 0x5E, 0x3A, 0x50, 0x00 },
  { 0x10, 0x7A, 0x5E, 0x53, 0x5E, 0x5A, 0x10, 0x00 },
  { 0x10, 0x7A, 0x5E, 0x53, 0x3E, 0x5A, 0x10, 0x00 },
  { 0x10, 0x7A, 0x5E, 0x53, 0x3E, 0x5A, 0x30, 0x00 },
  { 0x10, 0x7A, 0x5E, 0x53, 0x5E, 0x5A, 0x10, 0x00 },
  { 0x10, 0x3A, 0x7E, 0x73, 0x7E, 0x5A, 0x10, 0x00 }, // '춀'
  { 0x10, 0x3A, 0x7E, 0x53, 0x3E, 0x7A, 0x10, 0x00 },
  { 0x10, 0x3A, 0x7E, 0x53, 0x7E, 0x7A, 0x10, 0x00 },
  { 0x10, 0x3A, 0x7E, 0x53, 0x7E, 0x5A, 0x70, 0x00 },
  { 0x10, 0x3A, 0x7E, 0x53, 0x5E, 0x3A, 0x50, 0x00 },
  { 0x10, 0x3A, 0x7E, 0x53, 0x7E, 0x7A, 0x50, 0x00 },
  { 0x10, 0x3A, 0x7E, 0x53, 0x7E, 0x7A, 0x50, 0x00 },
  { 0x10, 0x3A, 0x7E, 0x53, 0x3E, 0x5A, 0x30, 0x00 },
  { 0x10, 0x7A, 0x5E, 0x53, 0x5E, 0x7A, 0x10, 0x00 },
  { 0x10, 0x7A, 0x6E, 0x63, 0x6E, 0x7A, 0x10, 0x00 },
  { 0x10, 0x7A, 0x6E, 0x73, 0x4E, 0x3A, 0x50, 0x00 },
  { 0x10, 0x5A, 0x5E, 0x33, 0x5E, 0x5A, 0x10, 0x00 },
  { 0x10, 0x5A, 0x3E, 0x53, 0x3E, 0x5A, 0x10, 0x00 },
  { 0x10, 0x3A, 0x5E, 0x53, 0x5E, 0x3A, 0x10, 0x00 },
  { 0x10, 0x3A, 0x7E, 0x33, 0x7E, 0x3A, 0x10, 0x00 },
  { 0x10, 0x3A, 0x7E, 0x33, 0x7E, 0x3A, 0x10, 0x00 },
  { 0x10, 0x3A, 0x3E, 0x33, 0x3E, 0x7A, 0x10, 0x00 }, // '춐'
  { 0x10, 0x7A, 0x7E, 0x73, 0x7E, 0x5A, 0x10, 0x00 },
  { 0x10, 0x5A, 0x7E, 0x53, 0x7E, 0x5A, 0x10, 0x00 },
  { 0x10, 0x3A, 0x7E, 0x53, 0x7E, 0x3A, 0x10, 0x00 },
  { 0x20, 0x2A, 0x26, 0x63, 0x26, 0x2A, 0x20, 0x00 },
  { 0x08, 0x2E, 0x2E, 0x3B, 0x2E, 0x6E, 0x08, 0x00 },
  { 0x08, 0x2E, 0x2E, 0x7B, 0x2E, 0x6E, 0x08, 0x00 },
  { 0x08, 0x2E, 0x2E, 0x7B, 0x4E, 0x2E, 0x48, 0x00 },
  { 0x08, 0x6E, 0x4E, 0x5B, 0x4E, 0x4E, 0x08, 0x00 },
  { 0x08, 0x6E, 0x4E, 0x5B, 0x2E, 0x4E, 0x08, 0x00 },
  { 0x08, 0x6E, 0x4E, 0x5B, 0x2E, 0x5E, 0x28, 0x00 },
  { 0x08, 0x6E, 0x6E, 0x7B, 0x6E, 0x4E, 0x08, 0x00 },
  { 0x08, 0x2E, 0x6E, 0x7B, 0x6E, 0x4E, 0x08, 0x00 },
  { 0x08, 0x2E, 0x6E, 0x5B, 0x2E, 0x6E, 0x08, 0x00 },
  { 0x08, 0x2E, 0x6E, 0x5B, 0x6E, 0x6E, 0x08, 0x00 },
  { 0x08, 0x2E, 0x6E, 0x5B, 0x6E, 0x4E, 0x68, 0x00 },
  { 0x08, 0x2E, 0x6E, 0x5B, 0x4E, 0x2E, 0x48, 0x00 }, // '춠'
  { 0x08, 0x2E, 0x6E, 0x5B, 0x6E, 0x6E, 0x48, 0x00 },
  { 0x08, 0x2E, 0x6E, 0x5B, 0x6E, 0x6E, 0x48, 0x00 },
  { 0x08, 0x2E, 0x6E, 0x5B, 0x2E, 0x5E, 0x28, 0x00 },
  { 0x08, 0x6E, 0x6E, 0x7B, 0x6E, 0x6E, 0x08, 0x00 },
  { 0x08, 0x7E, 0x6E, 0x7B, 0x6E, 0x7E, 0x08, 0x00 },
  { 0x08, 0x6E, 0x4E, 0x7B, 0x4E, 0x2E, 0x48, 0x00 },
  { 0x08, 0x4E, 0x4E, 0x3B, 0x4E, 0x4E, 0x08, 0x00 },
  { 0x08, 0x4E, 0x2E, 0x5B, 0x2E, 0x4E, 0x08, 0x00 },
  { 0x08, 0x2E, 0x4E, 0x5B, 0x4E, 0x2E, 0x08, 0x00 },
  { 0x08, 0x2E, 0x6E, 0x3B, 0x6E, 0x2E, 0x08, 0x00 },
  { 0x08, 0x2E, 0x6E, 0x3B, 0x6E, 0x2E, 0x08, 0x00 },
  { 0x08, 0x2E, 0x2E, 0x3B, 0x2E, 0x6E, 0x08, 0x00 },
  { 0x08, 0x6E, 0x6E, 0x7B, 0x6E, 0x4E, 0x08, 0x00 },
  { 0x08, 0x4E, 0x6E, 0x5B, 0x6E, 0x4E, 0x08, 0x00 },
  { 0x08, 0x2E, 0x6E, 0x5B, 0x6E, 0x2E, 0x08, 0x00 },
  { 0x00, 0x1A, 0x16, 0x73, 0x16, 0x2A, 0x7F, 0x00 }, // '춰'
  { 0x00, 0x0E, 0x2E, 0x3B, 0x2E, 0x30, 0x7F, 0x00 },
  { 0x00, 0x0E, 0x2E, 0x3B, 0x6E, 0x30, 0x7F, 0x00 },
  { 0x0E, 0x2E, 0x3B, 0x6E, 0x50, 0x3F, 0x40, 0x00 },
  { 0x00, 0x0E, 0x6E, 0x5B, 0x4E, 0x50, 0x5F, 0x00 },
  { 0x00, 0x0E, 0x6E, 0x5B, 0x4E, 0x30, 0x5F, 0x00 },
  { 0x0E, 0x6E, 0x5B, 0x4E, 0x30, 0x5F, 0x20, 0x00 },
  { 0x00, 0x0E, 0x6E, 0x7B, 0x6E, 0x70, 0x5F, 0x00 },
  { 0x00, 0x0E, 0x2E, 0x7B, 0x6E, 0x70, 0x5F, 0x00 },
  { 0x00, 0x0E, 0x2E, 0x7B, 0x4E, 0x30, 0x7F, 0x00 },
  { 0x00, 0x0E, 0x2E, 0x7B, 0x4E, 0x70, 0x7F, 0x00 },
  { 0x0E, 0x2E, 0x7B, 0x4E, 0x70, 0x5F, 0x60, 0x00 },
  { 0x0E, 0x2E, 0x7B, 0x4E, 0x50, 0x3F, 0x40, 0x00 },
  { 0x0E, 0x2E, 0x7B, 0x4E, 0x70, 0x7F, 0x40, 0x00 },
  { 0x0E, 0x2E, 0x7B, 0x4E, 0x70, 0x7F, 0x40, 0x00 },
  { 0x0E, 0x2E, 0x7B, 0x4E, 0x30, 0x5F, 0x20, 0x00 },
  { 0x00, 0x0E, 0x6E, 0x7B, 0x6E, 0x70, 0x7F, 0x00 }, // '췀'
  { 0x00, 0x0E, 0x6E, 0x5B, 0x4E, 0x50, 0x7F, 0x00 },
  { 0x0E, 0x6E, 0x5B, 0x6E, 0x50, 0x3F, 0x40, 0x00 },
  { 0x00, 0x0E, 0x4E, 0x5B, 0x2E, 0x50, 0x5F, 0x00 },
  { 0x00, 0x0E, 0x5E, 0x2B, 0x4E, 0x30, 0x5F, 0x00 },
  { 0x00, 0x0E, 0x2E, 0x5B, 0x4E, 0x50, 0x3F, 0x00 },
  { 0x00, 0x0E, 0x2E, 0x7B, 0x2E, 0x70, 0x3F, 0x00 },
  { 0x00, 0x0E, 0x2E, 0x7B, 0x2E, 0x70, 0x3F, 0x00 },
  { 0x00, 0x0E, 0x2E, 0x3B, 0x2E, 0x30, 0x7F, 0x00 },
  { 0x00, 0x0E, 0x6E, 0x7B, 0x6E, 0x70, 0x5F, 0x00 },
  { 0x00, 0x0E, 0x5E, 0x6B, 0x4E, 0x70, 0x5F, 0x00 },
  { 0x00, 0x0E, 0x2E, 0x7B, 0x4E, 0x70, 0x3F, 0x00 },
  { 0x1A, 0x77, 0x1A, 0x20, 0x7F, 0x00, 0x7F, 0x00 },
  { 0x0E, 0x3B, 0x2E, 0x30, 0x3F, 0x20, 0x7F, 0x00 },
  { 0x0E, 0x3B, 0x2E, 0x70, 0x3F, 0x20, 0x7F, 0x00 },
  { 0x0E, 0x3B, 0x2E, 0x70, 0x5F, 0x20, 0x5F, 0x00 },
  { 0x0E, 0x7B, 0x4E, 0x50, 0x5F, 0x40, 0x5F, 0x00 }, // '췐'
  { 0x06, 0x6B, 0x46, 0x48, 0x5F, 0x30, 0x5F, 0x00 },
  { 0x06, 0x6B, 0x46, 0x48, 0x2F, 0x50, 0x2F, 0x00 },
  { 0x06, 0x7B, 0x56, 0x58, 0x5F, 0x50, 0x5F, 0x00 },
  { 0x06, 0x1B, 0x56, 0x78, 0x7F, 0x50, 0x4F, 0x00 },
  { 0x06, 0x5B, 0x76, 0x58, 0x1F, 0x10, 0x7F, 0x00 },
  { 0x06, 0x5B, 0x76, 0x58, 0x7F, 0x50, 0x7F, 0x00 },
  { 0x06, 0x5B, 0x76, 0x58, 0x7F, 0x60, 0x7F, 0x00 },
  { 0x06, 0x5B, 0x76, 0x58, 0x4F, 0x30, 0x4F, 0x00 },
  { 0x06, 0x5B, 0x76, 0x58, 0x7F, 0x70, 0x5F, 0x00 },
  { 0x06, 0x5B, 0x76, 0x78, 0x5F, 0x70, 0x5F, 0x00 },
  { 0x06, 0x5B, 0x76, 0x58, 0x2F, 0x50, 0x2F, 0x00 },
  { 0x06, 0x7B, 0x56, 0x58, 0x5F, 0x50, 0x7F, 0x00 },
  { 0x06, 0x7B, 0x66, 0x68, 0x6F, 0x60, 0x7F, 0x00 },
  { 0x06, 0x7B, 0x66, 0x78, 0x4F, 0x30, 0x4F, 0x00 },
  { 0x0E, 0x5B, 0x4E, 0x50, 0x3F, 0x40, 0x5F, 0x00 },
  { 0x0E, 0x5B, 0x4E, 0x30, 0x5F, 0x20, 0x5F, 0x00 }, // '췠'
  { 0x06, 0x2B, 0x56, 0x58, 0x5F, 0x50, 0x2F, 0x00 },
  { 0x06, 0x5B, 0x56, 0x38, 0x3F, 0x50, 0x5F, 0x00 },
  { 0x06, 0x2B, 0x66, 0x38, 0x2F, 0x60, 0x2F, 0x00 },
  { 0x06, 0x1B, 0x36, 0x38, 0x3F, 0x30, 0x7F, 0x00 },
  { 0x06, 0x7B, 0x76, 0x78, 0x7F, 0x70, 0x5F, 0x00 },
  { 0x06, 0x5B, 0x76, 0x58, 0x5F, 0x70, 0x5F, 0x00 },
  { 0x06, 0x2B, 0x66, 0x58, 0x6F, 0x60, 0x2F, 0x00 },
  { 0x00, 0x2A, 0x26, 0x63, 0x26, 0x2A, 0x7F, 0x00 },
  { 0x00, 0x0E, 0x2E, 0x3B, 0x2E, 0x28, 0x6F, 0x00 },
  { 0x00, 0x0E, 0x2E, 0x3B, 0x6E, 0x28, 0x6F, 0x00 },
  { 0x0E, 0x2E, 0x3B, 0x6E, 0x48, 0x2F, 0x40, 0x00 },
  { 0x00, 0x0E, 0x6E, 0x5B, 0x4E, 0x48, 0x5F, 0x00 },
  { 0x00, 0x0E, 0x6E, 0x5B, 0x4E, 0x38, 0x5F, 0x00 },
  { 0x0E, 0x6E, 0x5B, 0x4E, 0x28, 0x5F, 0x20, 0x00 },
  { 0x00, 0x0E, 0x6E, 0x7B, 0x6E, 0x68, 0x4F, 0x00 },
  { 0x00, 0x0E, 0x2E, 0x7B, 0x6E, 0x68, 0x5F, 0x00 }, // '췰'
  { 0x00, 0x0E, 0x2E, 0x7B, 0x4E, 0x28, 0x6F, 0x00 },
  { 0x00, 0x0E, 0x2E, 0x7B, 0x4E, 0x68, 0x6F, 0x00 },
  { 0x0E, 0x2E, 0x7B, 0x4E, 0x68, 0x4F, 0x60, 0x00 },
  { 0x0E, 0x2E, 0x7B, 0x4E, 0x48, 0x2F, 0x40, 0x00 },
  { 0x0E, 0x2E, 0x7B, 0x4E, 0x68, 0x6F, 0x40, 0x00 },
  { 0x0E, 0x2E, 0x7B, 0x4E, 0x68, 0x6F, 0x40, 0x00 },
  { 0x0E, 0x2E, 0x7B, 0x4E, 0x28, 0x5F, 0x20, 0x00 },
  { 0x00, 0x0E, 0x6E, 0x7B, 0x6E, 0x68, 0x6F, 0x00 },
  { 0x00, 0x0E, 0x6E, 0x5B, 0x4E, 0x48, 0x6F, 0x00 },
  { 0x0E, 0x6E, 0x5B, 0x6E, 0x48, 0x2F, 0x40, 0x00 },
  { 0x00, 0x0E, 0x4E, 0x5B, 0x2E, 0x48, 0x5F, 0x00 },
  { 0x00, 0x0E, 0x5E, 0x2B, 0x4E, 0x28, 0x5F, 0x00 },
  { 0x00, 0x0E, 0x2E, 0x5B, 0x4E, 0x48, 0x2F, 0x00 },
  { 0x00, 0x0E, 0x2E, 0x7B, 0x2E, 0x68, 0x2F, 0x00 },
  { 0x00, 0x0E, 0x3E, 0x6B, 0x3E, 0x68, 0x2F, 0x00 },
  { 0x00, 0x0E, 0x2E, 0x3B, 0x2E, 0x28, 0x6F, 0x00 }, // '츀'
  { 0x00, 0x0E, 0x6E, 0x7B, 0x6E, 0x68, 0x4F, 0x00 },
  { 0x00, 0x0E, 0x5E, 0x6B, 0x4E, 0x68, 0x4F, 0x00 },
  { 0x00, 0x0E, 0x3E, 0x6B, 0x5E, 0x68, 0x2F, 0x00 },
  { 0x20, 0x2A, 0x66, 0x23, 0x66, 0x2A, 0x20, 0x00 },
  { 0x08, 0x2E, 0x3E, 0x2B, 0x3E, 0x6E, 0x08, 0x00 },
  { 0x08, 0x2E, 0x3E, 0x6B, 0x3E, 0x6E, 0x08, 0x00 },
  { 0x08, 0x2E, 0x3E, 0x6B, 0x5E, 0x2E, 0x48, 0x00 },
  { 0x08, 0x6E, 0x5E, 0x4B, 0x5E, 0x4E, 0x08, 0x00 },
  { 0x08, 0x6E, 0x5E, 0x4B, 0x3E, 0x4E, 0x08, 0x00 },
  { 0x08, 0x6E, 0x5E, 0x4B, 0x3E, 0x5E, 0x28, 0x00 },
  { 0x08, 0x6E, 0x7E, 0x6B, 0x7E, 0x4E, 0x08, 0x00 },
  { 0x08, 0x2E, 0x7E, 0x6B, 0x7E, 0x4E, 0x08, 0x00 },
  { 0x08, 0x2E, 0x7E, 0x4B, 0x3E, 0x6E, 0x08, 0x00 },
  { 0x08, 0x2E, 0x7E, 0x4B, 0x7E, 0x6E, 0x08, 0x00 },
  { 0x08, 0x2E, 0x7E, 0x4B, 0x7E, 0x4E, 0x68, 0x00 },
  { 0x08, 0x2E, 0x7E, 0x4B, 0x5E, 0x2E, 0x48, 0x00 }, // '츐'
  { 0x08, 0x2E, 0x7E, 0x4B, 0x7E, 0x6E, 0x48, 0x00 },
  { 0x08, 0x2E, 0x7E, 0x4B, 0x7E, 0x6E, 0x48, 0x00 },
  { 0x08, 0x2E, 0x7E, 0x4B, 0x3E, 0x5E, 0x28, 0x00 },
  { 0x08, 0x6E, 0x7E, 0x6B, 0x7E, 0x6E, 0x08, 0x00 },
  { 0x08, 0x6E, 0x5E, 0x4B, 0x5E, 0x6E, 0x08, 0x00 },
  { 0x08, 0x6E, 0x5E, 0x6B, 0x5E, 0x2E, 0x48, 0x00 },
  { 0x08, 0x4E, 0x5E, 0x2B, 0x5E, 0x4E, 0x08, 0x00 },
  { 0x08, 0x4E, 0x3E, 0x4B, 0x3E, 0x4E, 0x08, 0x00 },
  { 0x08, 0x2E, 0x5E, 0x4B, 0x5E, 0x2E, 0x08, 0x00 },
  { 0x08, 0x2E, 0x7E, 0x2B, 0x7E, 0x2E, 0x08, 0x00 },
  { 0x08, 0x2E, 0x7E, 0x2B, 0x7E, 0x2E, 0x08, 0x00 },
  { 0x08, 0x2E, 0x3E, 0x2B, 0x3E, 0x6E, 0x08, 0x00 },
  { 0x08, 0x6E, 0x7E, 0x6B, 0x7E, 0x4E, 0x08, 0x00 },
  { 0x08, 0x4E, 0x7E, 0x4B, 0x7E, 0x4E, 0x08, 0x00 },
  { 0x08, 0x2E, 0x7E, 0x4B, 0x7E, 0x2E, 0x08, 0x00 },
  { 0x20, 0x2A, 0x26, 0x23, 0x26, 0x2A, 0x20, 0x00 }, // '츠'
  { 0x10, 0x3A, 0x36, 0x33, 0x36, 0x7A, 0x10, 0x00 },
  { 0x10, 0x3A, 0x36, 0x73, 0x36, 0x7A, 0x10, 0x00 },
  { 0x10, 0x3A, 0x36, 0x73, 0x56, 0x3A, 0x50, 0x00 },
  { 0x10, 0x7A, 0x56, 0x53, 0x56, 0x5A, 0x10, 0x00 },
  { 0x08, 0x6E, 0x4E, 0x5B, 0x3E, 0x5E, 0x08, 0x00 },
  { 0x08, 0x6E, 0x4E, 0x4B, 0x2E, 0x5E, 0x28, 0x00 },
  { 0x08, 0x7E, 0x5E, 0x5B, 0x5E, 0x5E, 0x08, 0x00 },
  { 0x08, 0x6E, 0x6E, 0x5B, 0x5E, 0x5E, 0x08, 0x00 },
  { 0x08, 0x6E, 0x5E, 0x5B, 0x1E, 0x7E, 0x08, 0x00 },
  { 0x08, 0x6E, 0x5E, 0x7B, 0x5E, 0x7E, 0x08, 0x00 },
  { 0x08, 0x6E, 0x5E, 0x7B, 0x6E, 0x7E, 0x08, 0x00 },
  { 0x08, 0x6E, 0x5E, 0x5B, 0x4E, 0x3E, 0x48, 0x00 },
  { 0x08, 0x6E, 0x5E, 0x7B, 0x7E, 0x5E, 0x08, 0x00 },
  { 0x08, 0x6E, 0x5E, 0x7B, 0x5E, 0x7E, 0x58, 0x00 },
  { 0x08, 0x6E, 0x5E, 0x5B, 0x2E, 0x5E, 0x28, 0x00 },
  { 0x10, 0x7A, 0x56, 0x53, 0x56, 0x7A, 0x10, 0x00 }, // '츰'
  { 0x08, 0x7E, 0x6E, 0x6B, 0x6E, 0x7E, 0x08, 0x00 },
  { 0x08, 0x7E, 0x6E, 0x7B, 0x4E, 0x3E, 0x48, 0x00 },
  { 0x10, 0x5A, 0x56, 0x33, 0x56, 0x5A, 0x10, 0x00 },
  { 0x10, 0x5A, 0x36, 0x53, 0x36, 0x5A, 0x10, 0x00 },
  { 0x10, 0x3A, 0x56, 0x53, 0x56, 0x3A, 0x10, 0x00 },
  { 0x08, 0x5E, 0x3E, 0x1B, 0x3E, 0x5E, 0x08, 0x00 },
  { 0x08, 0x2E, 0x6E, 0x3B, 0x6E, 0x2E, 0x08, 0x00 },
  { 0x08, 0x1E, 0x3E, 0x3B, 0x3E, 0x7E, 0x08, 0x00 },
  { 0x08, 0x7E, 0x7E, 0x7B, 0x7E, 0x5E, 0x08, 0x00 },
  { 0x08, 0x5E, 0x7E, 0x5B, 0x7E, 0x5E, 0x08, 0x00 },
  { 0x08, 0x2E, 0x6E, 0x5B, 0x6E, 0x2E, 0x08, 0x00 },
  { 0x00, 0x2A, 0x26, 0x23, 0x26, 0x2A, 0x7F, 0x00 },
  { 0x00, 0x1A, 0x37, 0x36, 0x3A, 0x30, 0x7F, 0x00 },
  { 0x00, 0x1A, 0x37, 0x36, 0x7A, 0x30, 0x7F, 0x00 },
  { 0x1A, 0x37, 0x36, 0x7A, 0x50, 0x3F, 0x40, 0x00 },
  { 0x00, 0x1A, 0x77, 0x56, 0x5A, 0x50, 0x5F, 0x00 }, // '칀'
  { 0x00, 0x1A, 0x77, 0x56, 0x5A, 0x30, 0x5F, 0x00 },
  { 0x1A, 0x77, 0x56, 0x5A, 0x30, 0x5F, 0x20, 0x00 },
  { 0x00, 0x1A, 0x77, 0x76, 0x7A, 0x70, 0x5F, 0x00 },
  { 0x00, 0x1A, 0x37, 0x76, 0x7A, 0x70, 0x5F, 0x00 },
  { 0x00, 0x1A, 0x37, 0x76, 0x5A, 0x30, 0x7F, 0x00 },
  { 0x00, 0x1A, 0x37, 0x76, 0x5A, 0x70, 0x7F, 0x00 },
  { 0x1A, 0x37, 0x76, 0x5A, 0x70, 0x5F, 0x60, 0x00 },
  { 0x1A, 0x37, 0x76, 0x5A, 0x50, 0x3F, 0x40, 0x00 },
  { 0x1A, 0x37, 0x76, 0x5A, 0x70, 0x7F, 0x40, 0x00 },
  { 0x1A, 0x37, 0x76, 0x5A, 0x70, 0x7F, 0x40, 0x00 },
  { 0x1A, 0x37, 0x76, 0x5A, 0x30, 0x5F, 0x20, 0x00 },
  { 0x00, 0x1A, 0x77, 0x56, 0x5A, 0x50, 0x7F, 0x00 },
  { 0x00, 0x0E, 0x7B, 0x6A, 0x6E, 0x68, 0x7F, 0x00 },
  { 0x0E, 0x7B, 0x6A, 0x7E, 0x48, 0x2F, 0x40, 0x00 },
  { 0x00, 0x1A, 0x57, 0x56, 0x3A, 0x50, 0x5F, 0x00 },
  { 0x00, 0x1A, 0x57, 0x36, 0x5A, 0x30, 0x5F, 0x00 }, // '칐'
  { 0x00, 0x1A, 0x37, 0x56, 0x5A, 0x50, 0x3F, 0x00 },
  { 0x00, 0x1A, 0x37, 0x76, 0x3A, 0x70, 0x3F, 0x00 },
  { 0x00, 0x1A, 0x37, 0x76, 0x3A, 0x70, 0x3F, 0x00 },
  { 0x00, 0x1A, 0x37, 0x36, 0x3A, 0x30, 0x7F, 0x00 },
  { 0x00, 0x1A, 0x77, 0x76, 0x7A, 0x70, 0x5F, 0x00 },
  { 0x00, 0x1A, 0x57, 0x76, 0x5A, 0x70, 0x5F, 0x00 },
  { 0x00, 0x1A, 0x37, 0x76, 0x5A, 0x70, 0x3F, 0x00 },
  { 0x00, 0x24, 0x15, 0x0D, 0x15, 0x24, 0x7F, 0x00 },
  { 0x00, 0x0A, 0x27, 0x26, 0x2A, 0x20, 0x6F, 0x00 },
  { 0x00, 0x0A, 0x27, 0x26, 0x6A, 0x20, 0x6F, 0x00 },
  { 0x0A, 0x27, 0x26, 0x6A, 0x40, 0x2F, 0x40, 0x00 },
  { 0x00, 0x0A, 0x67, 0x46, 0x4A, 0x40, 0x5F, 0x00 },
  { 0x00, 0x0A, 0x67, 0x46, 0x5A, 0x30, 0x5F, 0x00 },
  { 0x0A, 0x67, 0x46, 0x5A, 0x30, 0x5F, 0x30, 0x00 },
  { 0x00, 0x0A, 0x77, 0x56, 0x5A, 0x50, 0x5F, 0x00 },
  { 0x00, 0x0A, 0x17, 0x56, 0x7A, 0x50, 0x4F, 0x00 }, // '칠'
  { 0x00, 0x0A, 0x57, 0x76, 0x5A, 0x10, 0x7F, 0x00 },
  { 0x00, 0x0A, 0x57, 0x76, 0x7A, 0x50, 0x7F, 0x00 },
  { 0x00, 0x0A, 0x57, 0x76, 0x5A, 0x60, 0x7F, 0x00 },
  { 0x0A, 0x57, 0x76, 0x5A, 0x40, 0x2F, 0x40, 0x00 },
  { 0x0A, 0x57, 0x76, 0x5A, 0x70, 0x7F, 0x50, 0x00 },
  { 0x0A, 0x57, 0x76, 0x7A, 0x50, 0x7F, 0x50, 0x00 },
  { 0x0A, 0x57, 0x76, 0x5A, 0x30, 0x5F, 0x30, 0x00 },
  { 0x00, 0x0A, 0x77, 0x56, 0x5A, 0x50, 0x7F, 0x00 },
  { 0x00, 0x0A, 0x77, 0x66, 0x6A, 0x60, 0x7F, 0x00 },
  { 0x0A, 0x77, 0x66, 0x7A, 0x40, 0x2F, 0x40, 0x00 },
  { 0x00, 0x0A, 0x47, 0x26, 0x1A, 0x20, 0x4F, 0x00 },
  { 0x00, 0x0A, 0x47, 0x36, 0x4A, 0x30, 0x4F, 0x00 },
  { 0x00, 0x0A, 0x27, 0x56, 0x5A, 0x50, 0x2F, 0x00 },
  { 0x00, 0x0A, 0x57, 0x36, 0x1A, 0x30, 0x5F, 0x00 },
  { 0x00, 0x0A, 0x27, 0x66, 0x3A, 0x60, 0x2F, 0x00 },
  { 0x00, 0x0A, 0x17, 0x36, 0x3A, 0x30, 0x7F, 0x00 }, // '칰'
  { 0x00, 0x0A, 0x77, 0x76, 0x7A, 0x70, 0x5F, 0x00 },
  { 0x00, 0x0A, 0x57, 0x76, 0x5A, 0x70, 0x5F, 0x00 },
  { 0x00, 0x0A, 0x27, 0x66, 0x5A, 0x60, 0x2F, 0x00 },
  { 0x25, 0x15, 0x0F, 0x00, 0x00, 0x7F, 0x08, 0x00 },
  { 0x09, 0x2B, 0x27, 0x23, 0x20, 0x6F, 0x02, 0x00 },
  { 0x09, 0x2B, 0x27, 0x63, 0x20, 0x6F, 0x02, 0x00 },
  { 0x09, 0x2B, 0x27, 0x63, 0x40, 0x2F, 0x42, 0x00 },
  { 0x09, 0x6B, 0x47, 0x43, 0x40, 0x5F, 0x04, 0x00 },
  { 0x09, 0x6B, 0x47, 0x53, 0x30, 0x5F, 0x02, 0x00 },
  { 0x09, 0x6B, 0x47, 0x53, 0x30, 0x5F, 0x32, 0x00 },
  { 0x09, 0x7B, 0x57, 0x53, 0x50, 0x5F, 0x02, 0x00 },
  { 0x09, 0x1B, 0x57, 0x73, 0x50, 0x4F, 0x02, 0x00 },
  { 0x09, 0x5B, 0x77, 0x53, 0x10, 0x7F, 0x02, 0x00 },
  { 0x09, 0x5B, 0x77, 0x73, 0x50, 0x7F, 0x02, 0x00 },
  { 0x09, 0x5B, 0x77, 0x53, 0x60, 0x7F, 0x02, 0x00 },
  { 0x09, 0x5B, 0x77, 0x53, 0x40, 0x37, 0x42, 0x00 }, // '캀'
  { 0x09, 0x5B, 0x77, 0x53, 0x70, 0x7F, 0x52, 0x00 },
  { 0x09, 0x5B, 0x77, 0x73, 0x50, 0x7F, 0x52, 0x00 },
  { 0x09, 0x5B, 0x77, 0x53, 0x30, 0x5F, 0x32, 0x00 },
  { 0x09, 0x7B, 0x57, 0x53, 0x50, 0x7F, 0x02, 0x00 },
  { 0x09, 0x7B, 0x67, 0x63, 0x60, 0x7F, 0x02, 0x00 },
  { 0x09, 0x7B, 0x67, 0x73, 0x40, 0x37, 0x42, 0x00 },
  { 0x09, 0x4B, 0x27, 0x13, 0x20, 0x4F, 0x02, 0x00 },
  { 0x09, 0x4B, 0x37, 0x43, 0x30, 0x4F, 0x02, 0x00 },
  { 0x09, 0x2B, 0x57, 0x53, 0x50, 0x2F, 0x02, 0x00 },
  { 0x09, 0x5B, 0x37, 0x13, 0x30, 0x5F, 0x02, 0x00 },
  { 0x09, 0x5B, 0x37, 0x1B, 0x30, 0x5F, 0x02, 0x00 },
  { 0x09, 0x1B, 0x37, 0x33, 0x30, 0x7F, 0x02, 0x00 },
  { 0x09, 0x7B, 0x77, 0x73, 0x70, 0x5F, 0x02, 0x00 },
  { 0x09, 0x5B, 0x77, 0x53, 0x70, 0x5F, 0x02, 0x00 },
  { 0x09, 0x1B, 0x37, 0x5B, 0x30, 0x1F, 0x02, 0x00 },
  { 0x25, 0x15, 0x0F, 0x00, 0x7F, 0x08, 0x7F, 0x00 }, // '캐'
  { 0x09, 0x2B, 0x27, 0x20, 0x2F, 0x22, 0x6F, 0x00 },
  { 0x09, 0x2B, 0x27, 0x60, 0x2F, 0x22, 0x6F, 0x00 },
  { 0x09, 0x2B, 0x27, 0x60, 0x4F, 0x22, 0x4F, 0x00 },
  { 0x09, 0x6B, 0x47, 0x40, 0x5F, 0x44, 0x5F, 0x00 },
  { 0x09, 0x6B, 0x47, 0x40, 0x57, 0x32, 0x57, 0x00 },
  { 0x09, 0x6B, 0x47, 0x50, 0x37, 0x5A, 0x37, 0x00 },
  { 0x09, 0x7B, 0x57, 0x50, 0x5F, 0x52, 0x5F, 0x00 },
  { 0x09, 0x1B, 0x57, 0x70, 0x7F, 0x52, 0x4F, 0x00 },
  { 0x09, 0x5B, 0x77, 0x50, 0x1F, 0x12, 0x7F, 0x00 },
  { 0x09, 0x5B, 0x77, 0x50, 0x7F, 0x52, 0x7F, 0x00 },
  { 0x09, 0x5B, 0x77, 0x50, 0x7F, 0x62, 0x7F, 0x00 },
  { 0x09, 0x5B, 0x77, 0x50, 0x4F, 0x32, 0x4F, 0x00 },
  { 0x09, 0x5B, 0x77, 0x50, 0x7F, 0x72, 0x5F, 0x00 },
  { 0x09, 0x5B, 0x77, 0x70, 0x5F, 0x72, 0x5F, 0x00 },
  { 0x09, 0x5B, 0x77, 0x50, 0x2F, 0x52, 0x2F, 0x00 },
  { 0x09, 0x7B, 0x57, 0x50, 0x5F, 0x52, 0x7F, 0x00 }, // '캠'
  { 0x09, 0x7B, 0x67, 0x60, 0x6F, 0x62, 0x7F, 0x00 },
  { 0x09, 0x7B, 0x67, 0x70, 0x4F, 0x32, 0x4F, 0x00 },
  { 0x09, 0x4B, 0x27, 0x10, 0x2F, 0x42, 0x0F, 0x00 },
  { 0x09, 0x4B, 0x37, 0x40, 0x37, 0x42, 0x0F, 0x00 },
  { 0x09, 0x2B, 0x57, 0x50, 0x5F, 0x52, 0x2F, 0x00 },
  { 0x09, 0x5B, 0x57, 0x30, 0x3F, 0x52, 0x5F, 0x00 },
  { 0x09, 0x5B, 0x57, 0x38, 0x37, 0x52, 0x5F, 0x00 },
  { 0x09, 0x1B, 0x37, 0x30, 0x3F, 0x32, 0x7F, 0x00 },
  { 0x09, 0x7B, 0x77, 0x70, 0x7F, 0x72, 0x5F, 0x00 },
  { 0x09, 0x5B, 0x77, 0x50, 0x5F, 0x72, 0x5F, 0x00 },
  { 0x09, 0x1B, 0x37, 0x58, 0x57, 0x32, 0x1F, 0x00 },
  { 0x25, 0x15, 0x0F, 0x00, 0x00, 0x7F, 0x12, 0x00 },
  { 0x09, 0x2B, 0x27, 0x23, 0x20, 0x7F, 0x0A, 0x00 },
  { 0x09, 0x2B, 0x27, 0x63, 0x20, 0x7F, 0x0A, 0x00 },
  { 0x09, 0x2B, 0x27, 0x63, 0x40, 0x3F, 0x4A, 0x00 },
  { 0x09, 0x6B, 0x47, 0x43, 0x40, 0x5F, 0x0A, 0x00 }, // '캰'
  { 0x09, 0x6B, 0x47, 0x53, 0x30, 0x5F, 0x0A, 0x00 },
  { 0x09, 0x6B, 0x47, 0x53, 0x30, 0x5F, 0x35, 0x00 },
  { 0x09, 0x7B, 0x57, 0x53, 0x50, 0x5F, 0x0A, 0x00 },
  { 0x09, 0x1B, 0x57, 0x73, 0x50, 0x4F, 0x0A, 0x00 },
  { 0x09, 0x5B, 0x77, 0x53, 0x10, 0x7F, 0x0A, 0x00 },
  { 0x09, 0x5B, 0x77, 0x73, 0x50, 0x7F, 0x0A, 0x00 },
  { 0x09, 0x5B, 0x77, 0x53, 0x60, 0x7F, 0x0A, 0x00 },
  { 0x09, 0x5B, 0x77, 0x53, 0x40, 0x3F, 0x4A, 0x00 },
  { 0x09, 0x5B, 0x77, 0x53, 0x70, 0x7F, 0x55, 0x00 },
  { 0x09, 0x5B, 0x77, 0x73, 0x50, 0x7F, 0x55, 0x00 },
  { 0x09, 0x5B, 0x77, 0x53, 0x30, 0x5F, 0x35, 0x00 },
  { 0x09, 0x7B, 0x57, 0x53, 0x50, 0x7F, 0x0A, 0x00 },
  { 0x09, 0x7B, 0x67, 0x63, 0x60, 0x7F, 0x0A, 0x00 },
  { 0x09, 0x7B, 0x67, 0x73, 0x40, 0x3F, 0x4A, 0x00 },
  { 0x09, 0x4B, 0x27, 0x13, 0x20, 0x5F, 0x0A, 0x00 },
  { 0x09, 0x4B, 0x37, 0x43, 0x30, 0x4F, 0x0A, 0x00 }, // '컀'
  { 0x09, 0x2B, 0x57, 0x53, 0x50, 0x2F, 0x0A, 0x00 },
  { 0x09, 0x5B, 0x37, 0x13, 0x30, 0x5F, 0x0A, 0x00 },
  { 0x09, 0x5B, 0x37, 0x1B, 0x30, 0x5F, 0x0A, 0x00 },
  { 0x09, 0x1B, 0x37, 0x33, 0x30, 0x7F, 0x0A, 0x00 },
  { 0x09, 0x7B, 0x77, 0x73, 0x70, 0x5F, 0x0A, 0x00 },
  { 0x09, 0x5B, 0x77, 0x53, 0x70, 0x5F, 0x0A, 0x00 },
  { 0x09, 0x1B, 0x37, 0x5B, 0x30, 0x1F, 0x0A, 0x00 },
  { 0x25, 0x15, 0x0F, 0x00, 0x7F, 0x12, 0x7F, 0x00 },
  { 0x09, 0x2B, 0x27, 0x20, 0x3F, 0x2A, 0x7F, 0x00 },
  { 0x09, 0x2B, 0x27, 0x60, 0x3F, 0x2A, 0x7F, 0x00 },
  { 0x09, 0x2B, 0x27, 0x60, 0x5F, 0x2A, 0x5F, 0x00 },
  { 0x09, 0x6B, 0x47, 0x40, 0x5F, 0x4A, 0x5F, 0x00 },
  { 0x09, 0x6B, 0x47, 0x40, 0x5F, 0x35, 0x5F, 0x00 },
  { 0x09, 0x6B, 0x47, 0x50, 0x3F, 0x55, 0x3F, 0x00 },
  { 0x09, 0x7B, 0x57, 0x50, 0x5F, 0x55, 0x5F, 0x00 },
  { 0x09, 0x1B, 0x57, 0x70, 0x7F, 0x55, 0x4F, 0x00 }, // '컐'
  { 0x09, 0x5B, 0x77, 0x50, 0x1F, 0x15, 0x7F, 0x00 },
  { 0x09, 0x5B, 0x77, 0x50, 0x7F, 0x55, 0x7F, 0x00 },
  { 0x09, 0x5B, 0x77, 0x50, 0x7F, 0x65, 0x7F, 0x00 },
  { 0x09, 0x5B, 0x77, 0x50, 0x4F, 0x35, 0x4F, 0x00 },
  { 0x09, 0x5B, 0x77, 0x50, 0x7F, 0x75, 0x5F, 0x00 },
  { 0x09, 0x5B, 0x77, 0x70, 0x5F, 0x75, 0x5F, 0x00 },
  { 0x09, 0x5B, 0x77, 0x50, 0x2F, 0x55, 0x2F, 0x00 },
  { 0x09, 0x7B, 0x57, 0x50, 0x5F, 0x55, 0x7F, 0x00 },
  { 0x09, 0x7B, 0x67, 0x60, 0x6F, 0x65, 0x7F, 0x00 },
  { 0x09, 0x7B, 0x67, 0x70, 0x4F, 0x35, 0x4F, 0x00 },
  { 0x09, 0x4B, 0x27, 0x10, 0x3F, 0x4A, 0x1F, 0x00 },
  { 0x09, 0x4B, 0x37, 0x40, 0x3F, 0x4A, 0x1F, 0x00 },
  { 0x09, 0x2B, 0x57, 0x50, 0x5F, 0x55, 0x2F, 0x00 },
  { 0x09, 0x5B, 0x57, 0x30, 0x3F, 0x55, 0x5F, 0x00 },
  { 0x09, 0x5B, 0x57, 0x38, 0x37, 0x55, 0x5F, 0x00 },
  { 0x09, 0x1B, 0x37, 0x30, 0x3F, 0x35, 0x7F, 0x00 }, // '컠'
  { 0x09, 0x7B, 0x77, 0x70, 0x7F, 0x75, 0x5F, 0x00 },
  { 0x09, 0x5B, 0x77, 0x50, 0x5F, 0x75, 0x5F, 0x00 },
  { 0x09, 0x1B, 0x37, 0x58, 0x57, 0x35, 0x1F, 0x00 },
  { 0x00, 0x25, 0x15, 0x0F, 0x04, 0x04, 0x7F, 0x00 },
  { 0x00, 0x09, 0x2B, 0x27, 0x23, 0x22, 0x6F, 0x00 },
  { 0x00, 0x09, 0x2B, 0x27, 0x63, 0x22, 0x6F, 0x00 },
  { 0x09, 0x2B, 0x27, 0x63, 0x42, 0x2F, 0x40, 0x00 },
  { 0x00, 0x09, 0x6B, 0x47, 0x43, 0x42, 0x5F, 0x00 },
  { 0x00, 0x09, 0x6B, 0x47, 0x53, 0x32, 0x5F, 0x00 },
  { 0x09, 0x6B, 0x47, 0x53, 0x32, 0x5F, 0x30, 0x00 },
  { 0x00, 0x09, 0x7B, 0x57, 0x53, 0x52, 0x5F, 0x00 },
  { 0x00, 0x09, 0x1B, 0x57, 0x73, 0x52, 0x4F, 0x00 },
  { 0x00, 0x09, 0x5B, 0x77, 0x53, 0x12, 0x7F, 0x00 },
  { 0x00, 0x09, 0x5B, 0x77, 0x73, 0x52, 0x7F, 0x00 },
  { 0x00, 0x09, 0x5B, 0x77, 0x53, 0x62, 0x7F, 0x00 },
  { 0x09, 0x5B, 0x77, 0x53, 0x42, 0x37, 0x40, 0x00 }, // '컰'
  { 0x09, 0x5B, 0x77, 0x53, 0x72, 0x7F, 0x50, 0x00 },
  { 0x09, 0x5B, 0x77, 0x73, 0x52, 0x7F, 0x50, 0x00 },
  { 0x09, 0x5B, 0x77, 0x53, 0x32, 0x5F, 0x30, 0x00 },
  { 0x00, 0x09, 0x7B, 0x57, 0x53, 0x52, 0x7F, 0x00 },
  { 0x00, 0x09, 0x7B, 0x67, 0x63, 0x62, 0x7F, 0x00 },
  { 0x09, 0x7B, 0x67, 0x73, 0x42, 0x37, 0x40, 0x00 },
  { 0x00, 0x09, 0x4B, 0x27, 0x13, 0x22, 0x4F, 0x00 },
  { 0x00, 0x09, 0x4B, 0x37, 0x43, 0x32, 0x4F, 0x00 },
  { 0x00, 0x09, 0x2B, 0x57, 0x53, 0x52, 0x2F, 0x00 },
  { 0x00, 0x09, 0x5B, 0x37, 0x13, 0x32, 0x5F, 0x00 },
  { 0x00, 0x09, 0x5B, 0x37, 0x1B, 0x32, 0x5F, 0x00 },
  { 0x00, 0x09, 0x1B, 0x37, 0x33, 0x32, 0x7F, 0x00 },
  { 0x00, 0x09, 0x7B, 0x77, 0x73, 0x72, 0x5F, 0x00 },
  { 0x00, 0x09, 0x5B, 0x77, 0x53, 0x72, 0x5F, 0x00 },
  { 0x00, 0x09, 0x1B, 0x37, 0x5B, 0x32, 0x1F, 0x00 },
  { 0x25, 0x15, 0x0F, 0x04, 0x7F, 0x00, 0x7F, 0x00 }, // '케'
  { 0x09, 0x2B, 0x27, 0x22, 0x2F, 0x20, 0x6F, 0x00 },
  { 0x09, 0x2B, 0x27, 0x62, 0x2F, 0x20, 0x6F, 0x00 },
  { 0x09, 0x2B, 0x27, 0x62, 0x4F, 0x20, 0x4F, 0x00 },
  { 0x09, 0x6B, 0x47, 0x42, 0x5F, 0x40, 0x5F, 0x00 },
  { 0x09, 0x6B, 0x47, 0x42, 0x57, 0x30, 0x57, 0x00 },
  { 0x09, 0x6B, 0x47, 0x52, 0x37, 0x58, 0x37, 0x00 },
  { 0x09, 0x7B, 0x57, 0x52, 0x5F, 0x50, 0x5F, 0x00 },
  { 0x09, 0x1B, 0x57, 0x72, 0x7F, 0x50, 0x4F, 0x00 },
  { 0x09, 0x5B, 0x77, 0x52, 0x1F, 0x10, 0x7F, 0x00 },
  { 0x09, 0x5B, 0x77, 0x52, 0x7F, 0x50, 0x7F, 0x00 },
  { 0x09, 0x5B, 0x77, 0x52, 0x7F, 0x60, 0x7F, 0x00 },
  { 0x09, 0x5B, 0x77, 0x52, 0x4F, 0x30, 0x4F, 0x00 },
  { 0x09, 0x5B, 0x77, 0x52, 0x7F, 0x70, 0x5F, 0x00 },
  { 0x09, 0x5B, 0x77, 0x72, 0x5F, 0x70, 0x5F, 0x00 },
  { 0x09, 0x5B, 0x77, 0x52, 0x2F, 0x50, 0x2F, 0x00 },
  { 0x09, 0x7B, 0x57, 0x52, 0x5F, 0x50, 0x7F, 0x00 }, // '켐'
  { 0x09, 0x7B, 0x67, 0x62, 0x6F, 0x60, 0x7F, 0x00 },
  { 0x09, 0x7B, 0x67, 0x72, 0x4F, 0x30, 0x4F, 0x00 },
  { 0x09, 0x4B, 0x27, 0x12, 0x2F, 0x40, 0x0F, 0x00 },
  { 0x09, 0x4B, 0x37, 0x42, 0x37, 0x40, 0x0F, 0x00 },
  { 0x09, 0x2B, 0x57, 0x52, 0x5F, 0x50, 0x2F, 0x00 },
  { 0x09, 0x5B, 0x57, 0x32, 0x3F, 0x50, 0x5F, 0x00 },
  { 0x09, 0x2B, 0x67, 0x32, 0x2F, 0x60, 0x2F, 0x00 },
  { 0x09, 0x1B, 0x37, 0x32, 0x3F, 0x30, 0x7F, 0x00 },
  { 0x09, 0x7B, 0x77, 0x72, 0x7F, 0x70, 0x5F, 0x00 },
  { 0x09, 0x5B, 0x77, 0x52, 0x5F, 0x70, 0x5F, 0x00 },
  { 0x09, 0x2B, 0x67, 0x52, 0x6F, 0x60, 0x2F, 0x00 },
  { 0x00, 0x25, 0x15, 0x0F, 0x0A, 0x0A, 0x7F, 0x00 },
  { 0x00, 0x09, 0x2B, 0x27, 0x23, 0x2A, 0x7F, 0x00 },
  { 0x00, 0x09, 0x2B, 0x27, 0x63, 0x2A, 0x7F, 0x00 },
  { 0x09, 0x2B, 0x27, 0x63, 0x4A, 0x3F, 0x40, 0x00 },
  { 0x00, 0x09, 0x6B, 0x47, 0x43, 0x4A, 0x5F, 0x00 }, // '켠'
  { 0x00, 0x09, 0x6B, 0x47, 0x53, 0x35, 0x5F, 0x00 },
  { 0x09, 0x6B, 0x47, 0x53, 0x35, 0x5F, 0x30, 0x00 },
  { 0x00, 0x09, 0x7B, 0x57, 0x53, 0x55, 0x5F, 0x00 },
  { 0x00, 0x09, 0x1B, 0x57, 0x73, 0x55, 0x4F, 0x00 },
  { 0x00, 0x09, 0x5B, 0x77, 0x53, 0x15, 0x7F, 0x00 },
  { 0x00, 0x09, 0x5B, 0x77, 0x73, 0x55, 0x7F, 0x00 },
  { 0x00, 0x09, 0x5B, 0x77, 0x53, 0x65, 0x7F, 0x00 },
  { 0x09, 0x5B, 0x77, 0x53, 0x4A, 0x3F, 0x40, 0x00 },
  { 0x09, 0x5B, 0x77, 0x53, 0x75, 0x7F, 0x50, 0x00 },
  { 0x09, 0x5B, 0x77, 0x73, 0x55, 0x7F, 0x50, 0x00 },
  { 0x09, 0x5B, 0x77, 0x53, 0x35, 0x5F, 0x30, 0x00 },
  { 0x00, 0x09, 0x7B, 0x57, 0x53, 0x55, 0x5F, 0x00 },
  { 0x00, 0x09, 0x7B, 0x67, 0x63, 0x6A, 0x7F, 0x00 },
  { 0x09, 0x7B, 0x67, 0x73, 0x4A, 0x3F, 0x40, 0x00 },
  { 0x00, 0x09, 0x4B, 0x27, 0x13, 0x25, 0x4F, 0x00 },
  { 0x00, 0x09, 0x4B, 0x37, 0x43, 0x35, 0x4F, 0x00 }, // '켰'
  { 0x00, 0x09, 0x2B, 0x57, 0x53, 0x55, 0x2F, 0x00 },
  { 0x00, 0x09, 0x5B, 0x37, 0x13, 0x35, 0x5F, 0x00 },
  { 0x00, 0x09, 0x5B, 0x37, 0x1B, 0x35, 0x5F, 0x00 },
  { 0x00, 0x09, 0x1B, 0x37, 0x33, 0x35, 0x7F, 0x00 },
  { 0x00, 0x09, 0x7B, 0x77, 0x73, 0x75, 0x5F, 0x00 },
  { 0x00, 0x09, 0x5B, 0x77, 0x53, 0x75, 0x5F, 0x00 },
  { 0x00, 0x09, 0x1B, 0x37, 0x5B, 0x35, 0x1F, 0x00 },
  { 0x25, 0x15, 0x0F, 0x12, 0x7F, 0x00, 0x7F, 0x00 },
  { 0x09, 0x2B, 0x27, 0x2A, 0x3F, 0x20, 0x7F, 0x00 },
  { 0x09, 0x2B, 0x27, 0x6A, 0x3F, 0x20, 0x7F, 0x00 },
  { 0x09, 0x2B, 0x27, 0x6A, 0x5F, 0x20, 0x5F, 0x00 },
  { 0x09, 0x6B, 0x47, 0x4A, 0x5F, 0x40, 0x5F, 0x00 },
  { 0x09, 0x6B, 0x47, 0x45, 0x5F, 0x30, 0x5F, 0x00 },
  { 0x09, 0x6B, 0x47, 0x45, 0x2F, 0x50, 0x2F, 0x00 },
  { 0x09, 0x7B, 0x57, 0x55, 0x5F, 0x50, 0x5F, 0x00 },
  { 0x09, 0x1B, 0x57, 0x75, 0x7F, 0x50, 0x4F, 0x00 }, // '콀'
  { 0x09, 0x5B, 0x77, 0x55, 0x1F, 0x10, 0x7F, 0x00 },
  { 0x09, 0x5B, 0x77, 0x55, 0x7F, 0x50, 0x7F, 0x00 },
  { 0x09, 0x5B, 0x77, 0x55, 0x7F, 0x60, 0x7F, 0x00 },
  { 0x09, 0x5B, 0x77, 0x55, 0x4F, 0x30, 0x4F, 0x00 },
  { 0x09, 0x5B, 0x77, 0x55, 0x7F, 0x70, 0x5F, 0x00 },
  { 0x09, 0x5B, 0x77, 0x75, 0x5F, 0x70, 0x5F, 0x00 },
  { 0x09, 0x5B, 0x77, 0x55, 0x2F, 0x50, 0x2F, 0x00 },
  { 0x09, 0x7B, 0x57, 0x55, 0x5F, 0x50, 0x7F, 0x00 },
  { 0x09, 0x7B, 0x67, 0x65, 0x6F, 0x60, 0x7F, 0x00 },
  { 0x09, 0x7B, 0x67, 0x75, 0x4F, 0x30, 0x4F, 0x00 },
  { 0x09, 0x4B, 0x27, 0x15, 0x2F, 0x40, 0x0F, 0x00 },
  { 0x09, 0x4B, 0x37, 0x45, 0x3F, 0x40, 0x0F, 0x00 },
  { 0x09, 0x2B, 0x57, 0x55, 0x5F, 0x50, 0x2F, 0x00 },
  { 0x09, 0x5B, 0x57, 0x35, 0x3F, 0x50, 0x5F, 0x00 },
  { 0x09, 0x2B, 0x67, 0x35, 0x2F, 0x60, 0x2F, 0x00 },
  { 0x09, 0x1B, 0x37, 0x35, 0x3F, 0x30, 0x7F, 0x00 }, // '콐'
  { 0x09, 0x7B, 0x77, 0x75, 0x7F, 0x70, 0x5F, 0x00 },
  { 0x09, 0x5B, 0x77, 0x55, 0x5F, 0x70, 0x5F, 0x00 },
  { 0x09, 0x2B, 0x67, 0x55, 0x6F, 0x60, 0x2F, 0x00 },
  { 0x20, 0x25, 0x25, 0x3D, 0x25, 0x2F, 0x20, 0x00 },
  { 0x08, 0x29, 0x2B, 0x2F, 0x2B, 0x6F, 0x08, 0x00 },
  { 0x08, 0x29, 0x2B, 0x6F, 0x2B, 0x6F, 0x08, 0x00 },
  { 0x08, 0x29, 0x2B, 0x6F, 0x4B, 0x2F, 0x48, 0x00 },
  { 0x08, 0x69, 0x4B, 0x4F, 0x4B, 0x4F, 0x08, 0x00 },
  { 0x08, 0x69, 0x4B, 0x5F, 0x3B, 0x5F, 0x08, 0x00 },
  { 0x08, 0x69, 0x4B, 0x4F, 0x2B, 0x5F, 0x28, 0x00 },
  { 0x08, 0x79, 0x5B, 0x5F, 0x5B, 0x5F, 0x08, 0x00 },
  { 0x08, 0x69, 0x6B, 0x5F, 0x5B, 0x5F, 0x08, 0x00 },
  { 0x08, 0x69, 0x5B, 0x5F, 0x1B, 0x7F, 0x08, 0x00 },
  { 0x08, 0x69, 0x5B, 0x7F, 0x5B, 0x7F, 0x08, 0x00 },
  { 0x08, 0x69, 0x5B, 0x7F, 0x6B, 0x7F, 0x08, 0x00 },
  { 0x08, 0x69, 0x5B, 0x5F, 0x4B, 0x3F, 0x48, 0x00 }, // '콠'
  { 0x08, 0x69, 0x5B, 0x7F, 0x7B, 0x5F, 0x08, 0x00 },
  { 0x08, 0x69, 0x5B, 0x7F, 0x5B, 0x7F, 0x58, 0x00 },
  { 0x08, 0x69, 0x5B, 0x5F, 0x2B, 0x5F, 0x28, 0x00 },
  { 0x08, 0x79, 0x5B, 0x5F, 0x5B, 0x7F, 0x08, 0x00 },
  { 0x08, 0x79, 0x6B, 0x6F, 0x6B, 0x7F, 0x08, 0x00 },
  { 0x08, 0x79, 0x6B, 0x7F, 0x4B, 0x3F, 0x48, 0x00 },
  { 0x08, 0x49, 0x2B, 0x1F, 0x2B, 0x4F, 0x08, 0x00 },
  { 0x08, 0x49, 0x3B, 0x4F, 0x3B, 0x4F, 0x08, 0x00 },
  { 0x08, 0x29, 0x5B, 0x5F, 0x5B, 0x2F, 0x08, 0x00 },
  { 0x08, 0x59, 0x3B, 0x1F, 0x3B, 0x5F, 0x08, 0x00 },
  { 0x08, 0x29, 0x6B, 0x3F, 0x6B, 0x2F, 0x08, 0x00 },
  { 0x08, 0x19, 0x3B, 0x3F, 0x3B, 0x7F, 0x08, 0x00 },
  { 0x08, 0x79, 0x7B, 0x7F, 0x7B, 0x5F, 0x08, 0x00 },
  { 0x08, 0x59, 0x7B, 0x5F, 0x7B, 0x5F, 0x08, 0x00 },
  { 0x08, 0x29, 0x6B, 0x5F, 0x6B, 0x2F, 0x08, 0x00 },
  { 0x25, 0x3D, 0x25, 0x2F, 0x20, 0x7F, 0x08, 0x00 }, // '콰'
  { 0x09, 0x2F, 0x2B, 0x2F, 0x28, 0x6F, 0x02, 0x00 },
  { 0x09, 0x2F, 0x2B, 0x6F, 0x28, 0x6F, 0x02, 0x00 },
  { 0x09, 0x2F, 0x2B, 0x6F, 0x48, 0x2F, 0x42, 0x00 },
  { 0x09, 0x6F, 0x4B, 0x4F, 0x48, 0x5F, 0x04, 0x00 },
  { 0x09, 0x6F, 0x4B, 0x5F, 0x38, 0x5F, 0x02, 0x00 },
  { 0x09, 0x6F, 0x4B, 0x4F, 0x28, 0x5F, 0x22, 0x00 },
  { 0x09, 0x7F, 0x5B, 0x5F, 0x58, 0x5F, 0x02, 0x00 },
  { 0x09, 0x6F, 0x6B, 0x5F, 0x58, 0x5F, 0x02, 0x00 },
  { 0x09, 0x6F, 0x5B, 0x5F, 0x18, 0x7F, 0x02, 0x00 },
  { 0x09, 0x6F, 0x5B, 0x7F, 0x58, 0x7F, 0x02, 0x00 },
  { 0x09, 0x6F, 0x5B, 0x7F, 0x68, 0x7F, 0x02, 0x00 },
  { 0x09, 0x6F, 0x5B, 0x5F, 0x48, 0x3F, 0x42, 0x00 },
  { 0x09, 0x6F, 0x5B, 0x7F, 0x78, 0x5F, 0x02, 0x00 },
  { 0x09, 0x6F, 0x5B, 0x7F, 0x58, 0x7F, 0x52, 0x00 },
  { 0x09, 0x6F, 0x5B, 0x5F, 0x28, 0x5F, 0x22, 0x00 },
  { 0x09, 0x7F, 0x5B, 0x5F, 0x58, 0x7F, 0x02, 0x00 }, // '쾀'
  { 0x09, 0x7F, 0x6B, 0x6F, 0x68, 0x7F, 0x02, 0x00 },
  { 0x09, 0x7F, 0x6B, 0x7F, 0x48, 0x3F, 0x42, 0x00 },
  { 0x09, 0x4F, 0x2B, 0x1F, 0x28, 0x4F, 0x02, 0x00 },
  { 0x09, 0x4F, 0x3B, 0x4F, 0x38, 0x4F, 0x02, 0x00 },
  { 0x09, 0x2F, 0x5B, 0x5F, 0x58, 0x2F, 0x02, 0x00 },
  { 0x09, 0x5F, 0x3B, 0x1F, 0x38, 0x5F, 0x02, 0x00 },
  { 0x09, 0x2F, 0x6B, 0x3F, 0x68, 0x2F, 0x02, 0x00 },
  { 0x09, 0x1F, 0x3B, 0x3F, 0x38, 0x7F, 0x02, 0x00 },
  { 0x09, 0x7F, 0x5B, 0x5F, 0x58, 0x4F, 0x02, 0x00 },
  { 0x09, 0x5F, 0x7B, 0x5F, 0x78, 0x5F, 0x02, 0x00 },
  { 0x09, 0x2F, 0x6B, 0x5F, 0x68, 0x2F, 0x02, 0x00 },
  { 0x25, 0x35, 0x2F, 0x20, 0x7F, 0x08, 0x7F, 0x00 },
  { 0x09, 0x2B, 0x2F, 0x28, 0x2F, 0x22, 0x6F, 0x00 },
  { 0x09, 0x2B, 0x2F, 0x68, 0x2F, 0x22, 0x6F, 0x00 },
  { 0x09, 0x2B, 0x2F, 0x68, 0x4F, 0x22, 0x4F, 0x00 },
  { 0x09, 0x6B, 0x4F, 0x48, 0x5F, 0x44, 0x5F, 0x00 }, // '쾐'
  { 0x09, 0x6B, 0x4F, 0x48, 0x5F, 0x32, 0x5F, 0x00 },
  { 0x09, 0x6B, 0x4F, 0x48, 0x2F, 0x52, 0x2F, 0x00 },
  { 0x09, 0x7B, 0x5F, 0x58, 0x5F, 0x52, 0x5F, 0x00 },
  { 0x09, 0x6B, 0x6F, 0x58, 0x5F, 0x5A, 0x5F, 0x00 },
  { 0x09, 0x6B, 0x5F, 0x58, 0x1F, 0x12, 0x7F, 0x00 },
  { 0x09, 0x6B, 0x5F, 0x58, 0x7F, 0x52, 0x7F, 0x00 },
  { 0x09, 0x6B, 0x5F, 0x58, 0x7F, 0x62, 0x7F, 0x00 },
  { 0x09, 0x6B, 0x5F, 0x58, 0x4F, 0x32, 0x4F, 0x00 },
  { 0x09, 0x6B, 0x5F, 0x58, 0x7F, 0x72, 0x5F, 0x00 },
  { 0x09, 0x6B, 0x5F, 0x78, 0x5F, 0x72, 0x5F, 0x00 },
  { 0x09, 0x6B, 0x5F, 0x58, 0x2F, 0x52, 0x2F, 0x00 },
  { 0x09, 0x7B, 0x5F, 0x58, 0x5F, 0x52, 0x7F, 0x00 },
  { 0x09, 0x7B, 0x6F, 0x68, 0x6F, 0x62, 0x7F, 0x00 },
  { 0x09, 0x7B, 0x6F, 0x78, 0x4F, 0x32, 0x4F, 0x00 },
  { 0x09, 0x4B, 0x2F, 0x18, 0x2F, 0x42, 0x0F, 0x00 },
  { 0x09, 0x4B, 0x3F, 0x48, 0x3F, 0x42, 0x0F, 0x00 }, // '쾠'
  { 0x09, 0x2B, 0x5F, 0x58, 0x5F, 0x52, 0x2F, 0x00 },
  { 0x09, 0x5B, 0x5F, 0x38, 0x3F, 0x52, 0x5F, 0x00 },
  { 0x09, 0x2B, 0x6F, 0x38, 0x2F, 0x62, 0x2F, 0x00 },
  { 0x09, 0x1B, 0x3F, 0x38, 0x3F, 0x32, 0x7F, 0x00 },
  { 0x09, 0x7B, 0x5F, 0x58, 0x5F, 0x5A, 0x4F, 0x00 },
  { 0x09, 0x5B, 0x7F, 0x58, 0x5F, 0x72, 0x5F, 0x00 },
  { 0x09, 0x2B, 0x6F, 0x58, 0x6F, 0x62, 0x2F, 0x00 },
  { 0x00, 0x25, 0x3D, 0x25, 0x2F, 0x20, 0x7F, 0x00 },
  { 0x00, 0x09, 0x2F, 0x2B, 0x2F, 0x28, 0x6F, 0x00 },
  { 0x00, 0x09, 0x2F, 0x2B, 0x6F, 0x28, 0x6F, 0x00 },
  { 0x09, 0x2F, 0x2B, 0x6F, 0x48, 0x2F, 0x40, 0x00 },
  { 0x00, 0x09, 0x6F, 0x4B, 0x4F, 0x48, 0x5F, 0x00 },
  { 0x00, 0x09, 0x6F, 0x4B, 0x5F, 0x38, 0x5F, 0x00 },
  { 0x09, 0x6F, 0x4B, 0x4F, 0x28, 0x5F, 0x20, 0x00 },
  { 0x00, 0x09, 0x7F, 0x5B, 0x5F, 0x58, 0x5F, 0x00 },
  { 0x00, 0x09, 0x6F, 0x6B, 0x5F, 0x58, 0x5F, 0x00 }, // '쾰'
  { 0x00, 0x09, 0x6F, 0x5B, 0x5F, 0x18, 0x7F, 0x00 },
  { 0x00, 0x09, 0x6F, 0x5B, 0x7F, 0x58, 0x7F, 0x00 },
  { 0x00, 0x09, 0x6F, 0x5B, 0x7F, 0x68, 0x7F, 0x00 },
  { 0x09, 0x6F, 0x5B, 0x5F, 0x48, 0x3F, 0x40, 0x00 },
  { 0x00, 0x09, 0x6F, 0x5B, 0x7F, 0x78, 0x5F, 0x00 },
  { 0x09, 0x6F, 0x5B, 0x7F, 0x58, 0x7F, 0x50, 0x00 },
  { 0x09, 0x6F, 0x5B, 0x5F, 0x28, 0x5F, 0x20, 0x00 },
  { 0x00, 0x09, 0x7F, 0x5B, 0x5F, 0x58, 0x7F, 0x00 },
  { 0x00, 0x09, 0x7F, 0x6B, 0x6F, 0x68, 0x7F, 0x00 },
  { 0x09, 0x7F, 0x6B, 0x7F, 0x48, 0x3F, 0x40, 0x00 },
  { 0x00, 0x09, 0x4F, 0x2B, 0x1F, 0x28, 0x4F, 0x00 },
  { 0x00, 0x09, 0x4F, 0x3B, 0x4F, 0x38, 0x4F, 0x00 },
  { 0x00, 0x09, 0x2F, 0x5B, 0x5F, 0x58, 0x2F, 0x00 },
  { 0x00, 0x09, 0x5F, 0x3B, 0x1F, 0x38, 0x5F, 0x00 },
  { 0x00, 0x09, 0x2F, 0x6B, 0x3F, 0x68, 0x2F, 0x00 },
  { 0x00, 0x09, 0x1F, 0x3B, 0x3F, 0x38, 0x7F, 0x00 }, // '쿀'
  { 0x00, 0x09, 0x7F, 0x5B, 0x5F, 0x58, 0x4F, 0x00 },
  { 0x00, 0x09, 0x5F, 0x7B, 0x5F, 0x78, 0x5F, 0x00 },
  { 0x00, 0x09, 0x2F, 0x6B, 0x5F, 0x68, 0x2F, 0x00 },
  { 0x20, 0x25, 0x35, 0x25, 0x35, 0x2F, 0x20, 0x00 },
  { 0x08, 0x2D, 0x2B, 0x2F, 0x2B, 0x6F, 0x08, 0x00 },
  { 0x08, 0x2D, 0x2B, 0x6F, 0x2B, 0x6F, 0x08, 0x00 },
  { 0x08, 0x2D, 0x2B, 0x6F, 0x4B, 0x2F, 0x48, 0x00 },
  { 0x08, 0x6D, 0x4B, 0x4F, 0x4B, 0x4F, 0x08, 0x00 },
  { 0x08, 0x6D, 0x4B, 0x5F, 0x3B, 0x5F, 0x08, 0x00 },
  { 0x08, 0x6D, 0x4B, 0x4F, 0x2B, 0x5F, 0x28, 0x00 },
  { 0x08, 0x7D, 0x5B, 0x5F, 0x5B, 0x5F, 0x08, 0x00 },
  { 0x08, 0x6D, 0x6B, 0x5F, 0x5B, 0x5F, 0x08, 0x00 },
  { 0x08, 0x6D, 0x5B, 0x5F, 0x1B, 0x7F, 0x08, 0x00 },
  { 0x08, 0x6D, 0x5B, 0x7F, 0x5B, 0x7F, 0x08, 0x00 },
  { 0x08, 0x6D, 0x5B, 0x7F, 0x6B, 0x7F, 0x08, 0x00 },
  { 0x08, 0x6D, 0x5B, 0x5F, 0x4B, 0x3F, 0x48, 0x00 }, // '쿐'
  { 0x08, 0x6D, 0x5B, 0x7F, 0x7B, 0x5F, 0x08, 0x00 },
  { 0x08, 0x6D, 0x5B, 0x7F, 0x5B, 0x7F, 0x58, 0x00 },
  { 0x08, 0x6D, 0x5B, 0x5F, 0x2B, 0x5F, 0x28, 0x00 },
  { 0x08, 0x7D, 0x5B, 0x5F, 0x5B, 0x7F, 0x08, 0x00 },
  { 0x08, 0x7D, 0x6B, 0x6F, 0x6B, 0x7F, 0x08, 0x00 },
  { 0x08, 0x7D, 0x6B, 0x7F, 0x4B, 0x3F, 0x48, 0x00 },
  { 0x08, 0x4D, 0x2B, 0x1F, 0x2B, 0x4F, 0x08, 0x00 },
  { 0x08, 0x4D, 0x3B, 0x4F, 0x3B, 0x4F, 0x08, 0x00 },
  { 0x08, 0x2D, 0x5B, 0x5F, 0x5B, 0x2F, 0x08, 0x00 },
  { 0x08, 0x5D, 0x3B, 0x1F, 0x3B, 0x5F, 0x08, 0x00 },
  { 0x08, 0x2D, 0x6B, 0x3F, 0x6B, 0x2F, 0x08, 0x00 },
  { 0x08, 0x1D, 0x3B, 0x3F, 0x3B, 0x7F, 0x08, 0x00 },
  { 0x08, 0x7D, 0x7B, 0x7F, 0x7B, 0x5F, 0x08, 0x00 },
  { 0x08, 0x5D, 0x7B, 0x5F, 0x7B, 0x5F, 0x08, 0x00 },
  { 0x08, 0x2D, 0x6B, 0x5F, 0x6B, 0x2F, 0x08, 0x00 },
  { 0x10, 0x15, 0x15, 0x75, 0x15, 0x1F, 0x10, 0x00 }, // '쿠'
  { 0x08, 0x29, 0x2B, 0x3B, 0x2B, 0x6F, 0x08, 0x00 },
  { 0x08, 0x29, 0x2B, 0x7B, 0x2B, 0x6F, 0x08, 0x00 },
  { 0x08, 0x29, 0x2B, 0x7B, 0x4B, 0x2F, 0x48, 0x00 },
  { 0x08, 0x69, 0x4B, 0x5B, 0x4B, 0x4F, 0x08, 0x00 },
  { 0x04, 0x75, 0x47, 0x5F, 0x37, 0x57, 0x04, 0x00 },
  { 0x04, 0x75, 0x47, 0x5F, 0x37, 0x57, 0x34, 0x00 },
  { 0x04, 0x75, 0x57, 0x5F, 0x57, 0x57, 0x04, 0x00 },
  { 0x04, 0x15, 0x57, 0x7F, 0x57, 0x47, 0x04, 0x00 },
  { 0x04, 0x55, 0x77, 0x5F, 0x17, 0x77, 0x04, 0x00 },
  { 0x04, 0x55, 0x77, 0x7F, 0x57, 0x77, 0x04, 0x00 },
  { 0x04, 0x55, 0x77, 0x5F, 0x67, 0x77, 0x04, 0x00 },
  { 0x04, 0x55, 0x77, 0x5F, 0x47, 0x37, 0x44, 0x00 },
  { 0x04, 0x55, 0x77, 0x5F, 0x77, 0x77, 0x54, 0x00 },
  { 0x04, 0x55, 0x77, 0x7F, 0x57, 0x77, 0x54, 0x00 },
  { 0x04, 0x55, 0x77, 0x5F, 0x37, 0x57, 0x34, 0x00 },
  { 0x08, 0x69, 0x6B, 0x7B, 0x6B, 0x6F, 0x08, 0x00 }, // '쿰'
  { 0x08, 0x79, 0x6B, 0x7B, 0x6B, 0x7F, 0x08, 0x00 },
  { 0x08, 0x79, 0x6B, 0x7B, 0x4B, 0x3F, 0x48, 0x00 },
  { 0x08, 0x49, 0x4B, 0x3B, 0x4B, 0x4F, 0x08, 0x00 },
  { 0x08, 0x49, 0x2B, 0x5B, 0x2B, 0x4F, 0x08, 0x00 },
  { 0x04, 0x25, 0x57, 0x5F, 0x57, 0x27, 0x04, 0x00 },
  { 0x04, 0x55, 0x37, 0x1F, 0x37, 0x57, 0x04, 0x00 },
  { 0x04, 0x25, 0x67, 0x3F, 0x67, 0x27, 0x04, 0x00 },
  { 0x04, 0x15, 0x37, 0x3F, 0x37, 0x77, 0x04, 0x00 },
  { 0x04, 0x75, 0x77, 0x7F, 0x77, 0x57, 0x04, 0x00 },
  { 0x04, 0x55, 0x77, 0x5F, 0x77, 0x57, 0x04, 0x00 },
  { 0x04, 0x25, 0x67, 0x5F, 0x67, 0x27, 0x04, 0x00 },
  { 0x00, 0x15, 0x15, 0x75, 0x1F, 0x20, 0x7F, 0x00 },
  { 0x00, 0x09, 0x2B, 0x3B, 0x2F, 0x30, 0x7F, 0x00 },
  { 0x00, 0x09, 0x2B, 0x3B, 0x6F, 0x30, 0x7F, 0x00 },
  { 0x09, 0x2B, 0x3B, 0x6F, 0x50, 0x3F, 0x40, 0x00 },
  { 0x00, 0x09, 0x6B, 0x5B, 0x4F, 0x50, 0x5F, 0x00 }, // '퀀'
  { 0x00, 0x05, 0x77, 0x4F, 0x57, 0x38, 0x5F, 0x00 },
  { 0x05, 0x77, 0x4F, 0x47, 0x28, 0x5F, 0x20, 0x00 },
  { 0x00, 0x05, 0x77, 0x5F, 0x57, 0x58, 0x5F, 0x00 },
  { 0x00, 0x05, 0x17, 0x5F, 0x77, 0x58, 0x4F, 0x00 },
  { 0x00, 0x05, 0x57, 0x7F, 0x57, 0x18, 0x7F, 0x00 },
  { 0x00, 0x05, 0x57, 0x7F, 0x77, 0x58, 0x7F, 0x00 },
  { 0x00, 0x05, 0x57, 0x7F, 0x57, 0x68, 0x7F, 0x00 },
  { 0x05, 0x57, 0x7F, 0x57, 0x48, 0x3F, 0x40, 0x00 },
  { 0x05, 0x57, 0x7F, 0x57, 0x78, 0x7F, 0x50, 0x00 },
  { 0x05, 0x57, 0x7F, 0x77, 0x58, 0x7F, 0x50, 0x00 },
  { 0x05, 0x57, 0x7F, 0x57, 0x28, 0x5F, 0x20, 0x00 },
  { 0x00, 0x05, 0x77, 0x5F, 0x57, 0x58, 0x7F, 0x00 },
  { 0x00, 0x05, 0x77, 0x6F, 0x67, 0x68, 0x7F, 0x00 },
  { 0x05, 0x77, 0x6F, 0x77, 0x48, 0x3F, 0x40, 0x00 },
  { 0x00, 0x09, 0x4B, 0x5B, 0x2F, 0x50, 0x5F, 0x00 },
  { 0x00, 0x09, 0x5B, 0x2B, 0x4F, 0x30, 0x5F, 0x00 }, // '퀐'
  { 0x00, 0x05, 0x27, 0x5F, 0x57, 0x58, 0x2F, 0x00 },
  { 0x00, 0x05, 0x57, 0x3F, 0x17, 0x38, 0x5F, 0x00 },
  { 0x00, 0x05, 0x27, 0x6F, 0x37, 0x68, 0x2F, 0x00 },
  { 0x00, 0x05, 0x17, 0x3F, 0x37, 0x38, 0x7F, 0x00 },
  { 0x00, 0x05, 0x77, 0x7F, 0x77, 0x78, 0x5F, 0x00 },
  { 0x00, 0x05, 0x57, 0x7F, 0x57, 0x78, 0x5F, 0x00 },
  { 0x00, 0x05, 0x27, 0x6F, 0x57, 0x68, 0x2F, 0x00 },
  { 0x15, 0x75, 0x1F, 0x20, 0x7F, 0x00, 0x7F, 0x00 },
  { 0x09, 0x3B, 0x2F, 0x30, 0x3F, 0x20, 0x7F, 0x00 },
  { 0x09, 0x3B, 0x2F, 0x70, 0x3F, 0x20, 0x7F, 0x00 },
  { 0x09, 0x3B, 0x2F, 0x70, 0x5F, 0x20, 0x5F, 0x00 },
  { 0x05, 0x6F, 0x47, 0x48, 0x5F, 0x40, 0x5F, 0x00 },
  { 0x05, 0x6F, 0x47, 0x48, 0x5F, 0x30, 0x5F, 0x00 },
  { 0x05, 0x6F, 0x47, 0x48, 0x2F, 0x50, 0x2F, 0x00 },
  { 0x05, 0x7F, 0x57, 0x58, 0x5F, 0x50, 0x5F, 0x00 },
  { 0x05, 0x1F, 0x57, 0x78, 0x7F, 0x50, 0x4F, 0x00 }, // '퀠'
  { 0x05, 0x5F, 0x77, 0x58, 0x1F, 0x10, 0x7F, 0x00 },
  { 0x05, 0x5F, 0x77, 0x58, 0x7F, 0x50, 0x7F, 0x00 },
  { 0x05, 0x5F, 0x77, 0x58, 0x7F, 0x60, 0x7F, 0x00 },
  { 0x05, 0x5F, 0x77, 0x58, 0x4F, 0x30, 0x4F, 0x00 },
  { 0x05, 0x5F, 0x77, 0x58, 0x7F, 0x70, 0x5F, 0x00 },
  { 0x05, 0x5F, 0x77, 0x78, 0x5F, 0x70, 0x5F, 0x00 },
  { 0x05, 0x5F, 0x77, 0x58, 0x2F, 0x50, 0x2F, 0x00 },
  { 0x05, 0x7F, 0x57, 0x58, 0x5F, 0x50, 0x7F, 0x00 },
  { 0x05, 0x7F, 0x67, 0x68, 0x6F, 0x60, 0x7F, 0x00 },
  { 0x05, 0x7F, 0x67, 0x78, 0x4F, 0x30, 0x4F, 0x00 },
  { 0x09, 0x5B, 0x4F, 0x30, 0x5F, 0x40, 0x1F, 0x00 },
  { 0x09, 0x5B, 0x2F, 0x50, 0x3F, 0x40, 0x1F, 0x00 },
  { 0x05, 0x2F, 0x57, 0x58, 0x5F, 0x50, 0x2F, 0x00 },
  { 0x05, 0x5F, 0x57, 0x38, 0x3F, 0x50, 0x5F, 0x00 },
  { 0x05, 0x2F, 0x67, 0x38, 0x2F, 0x60, 0x2F, 0x00 },
  { 0x05, 0x1F, 0x37, 0x38, 0x3F, 0x30, 0x7F, 0x00 }, // '퀰'
  { 0x05, 0x7F, 0x77, 0x78, 0x7F, 0x70, 0x5F, 0x00 },
  { 0x05, 0x5F, 0x77, 0x58, 0x5F, 0x70, 0x5F, 0x00 },
  { 0x05, 0x2F, 0x67, 0x58, 0x6F, 0x60, 0x2F, 0x00 },
  { 0x00, 0x15, 0x15, 0x75, 0x1F, 0x10, 0x7F, 0x00 },
  { 0x00, 0x09, 0x2B, 0x3B, 0x2F, 0x28, 0x6F, 0x00 },
  { 0x00, 0x09, 0x2B, 0x3B, 0x6F, 0x28, 0x6F, 0x00 },
  { 0x09, 0x2B, 0x3B, 0x6F, 0x48, 0x2F, 0x40, 0x00 },
  { 0x00, 0x09, 0x6B, 0x5B, 0x4F, 0x48, 0x5F, 0x00 },
  { 0x00, 0x05, 0x77, 0x4F, 0x57, 0x34, 0x57, 0x00 },
  { 0x05, 0x77, 0x4F, 0x57, 0x34, 0x5F, 0x30, 0x00 },
  { 0x00, 0x05, 0x77, 0x5F, 0x57, 0x54, 0x57, 0x00 },
  { 0x00, 0x05, 0x17, 0x5F, 0x77, 0x54, 0x4F, 0x00 },
  { 0x00, 0x05, 0x57, 0x7F, 0x57, 0x14, 0x77, 0x00 },
  { 0x00, 0x05, 0x57, 0x7F, 0x77, 0x54, 0x77, 0x00 },
  { 0x00, 0x05, 0x57, 0x7F, 0x57, 0x64, 0x77, 0x00 },
  { 0x05, 0x57, 0x7F, 0x57, 0x44, 0x37, 0x40, 0x00 }, // '큀'
  { 0x05, 0x57, 0x7F, 0x57, 0x74, 0x77, 0x50, 0x00 },
  { 0x05, 0x57, 0x7F, 0x77, 0x54, 0x77, 0x50, 0x00 },
  { 0x05, 0x57, 0x7F, 0x57, 0x34, 0x5F, 0x30, 0x00 },
  { 0x00, 0x05, 0x77, 0x5F, 0x57, 0x54, 0x77, 0x00 },
  { 0x00, 0x05, 0x77, 0x6F, 0x67, 0x64, 0x77, 0x00 },
  { 0x05, 0x77, 0x6F, 0x77, 0x44, 0x37, 0x40, 0x00 },
  { 0x00, 0x09, 0x4B, 0x5B, 0x2F, 0x48, 0x5F, 0x00 },
  { 0x00, 0x09, 0x5B, 0x2B, 0x4F, 0x28, 0x5F, 0x00 },
  { 0x00, 0x05, 0x27, 0x5F, 0x57, 0x54, 0x2F, 0x00 },
  { 0x00, 0x05, 0x57, 0x3F, 0x17, 0x34, 0x57, 0x00 },
  { 0x00, 0x05, 0x27, 0x6F, 0x37, 0x64, 0x2F, 0x00 },
  { 0x00, 0x05, 0x17, 0x3F, 0x37, 0x34, 0x77, 0x00 },
  { 0x00, 0x05, 0x77, 0x7F, 0x77, 0x74, 0x57, 0x00 },
  { 0x00, 0x05, 0x57, 0x7F, 0x57, 0x74, 0x57, 0x00 },
  { 0x00, 0x05, 0x27, 0x6F, 0x57, 0x64, 0x2F, 0x00 },
  { 0x10, 0x15, 0x75, 0x15, 0x75, 0x1F, 0x10, 0x00 }, // '큐'
  { 0x08, 0x29, 0x3B, 0x2B, 0x3B, 0x6F, 0x08, 0x00 },
  { 0x08, 0x29, 0x3B, 0x6B, 0x3B, 0x6F, 0x08, 0x00 },
  { 0x08, 0x29, 0x3B, 0x6B, 0x5B, 0x2F, 0x48, 0x00 },
  { 0x08, 0x69, 0x5B, 0x4B, 0x5B, 0x4F, 0x08, 0x00 },
  { 0x04, 0x75, 0x4F, 0x57, 0x3F, 0x57, 0x04, 0x00 },
  { 0x04, 0x75, 0x4F, 0x57, 0x3F, 0x57, 0x34, 0x00 },
  { 0x08, 0x69, 0x7B, 0x6B, 0x7B, 0x6F, 0x08, 0x00 },
  { 0x04, 0x15, 0x5F, 0x77, 0x5F, 0x47, 0x04, 0x00 },
  { 0x04, 0x55, 0x7F, 0x57, 0x1F, 0x77, 0x04, 0x00 },
  { 0x04, 0x55, 0x7F, 0x77, 0x5F, 0x77, 0x04, 0x00 },
  { 0x04, 0x55, 0x7F, 0x57, 0x6F, 0x77, 0x04, 0x00 },
  { 0x04, 0x55, 0x7F, 0x57, 0x4F, 0x37, 0x44, 0x00 },
  { 0x04, 0x55, 0x7F, 0x57, 0x7F, 0x77, 0x54, 0x00 },
  { 0x04, 0x55, 0x7F, 0x77, 0x5F, 0x77, 0x54, 0x00 },
  { 0x04, 0x55, 0x7F, 0x57, 0x3F, 0x57, 0x34, 0x00 },
  { 0x08, 0x69, 0x7B, 0x6B, 0x7B, 0x6F, 0x08, 0x00 }, // '큠'
  { 0x08, 0x69, 0x5B, 0x4B, 0x5B, 0x6F, 0x08, 0x00 },
  { 0x08, 0x69, 0x5B, 0x6B, 0x5B, 0x2F, 0x48, 0x00 },
  { 0x08, 0x49, 0x5B, 0x2B, 0x5B, 0x4F, 0x08, 0x00 },
  { 0x08, 0x49, 0x3B, 0x4B, 0x3B, 0x4F, 0x08, 0x00 },
  { 0x04, 0x25, 0x5F, 0x57, 0x5F, 0x27, 0x04, 0x00 },
  { 0x04, 0x55, 0x3F, 0x17, 0x3F, 0x57, 0x04, 0x00 },
  { 0x04, 0x25, 0x6F, 0x37, 0x6F, 0x27, 0x04, 0x00 },
  { 0x04, 0x15, 0x3F, 0x37, 0x3F, 0x77, 0x04, 0x00 },
  { 0x04, 0x75, 0x7F, 0x77, 0x7F, 0x57, 0x04, 0x00 },
  { 0x04, 0x55, 0x7F, 0x57, 0x7F, 0x57, 0x04, 0x00 },
  { 0x04, 0x25, 0x6F, 0x57, 0x6F, 0x27, 0x04, 0x00 },
  { 0x20, 0x25, 0x25, 0x25, 0x25, 0x2F, 0x20, 0x00 },
  { 0x08, 0x29, 0x2B, 0x2B, 0x2B, 0x6F, 0x08, 0x00 },
  { 0x08, 0x29, 0x2B, 0x6B, 0x2B, 0x6F, 0x08, 0x00 },
  { 0x08, 0x29, 0x2B, 0x6B, 0x4B, 0x2F, 0x48, 0x00 },
  { 0x08, 0x69, 0x4B, 0x4B, 0x4B, 0x4F, 0x08, 0x00 }, // '큰'
  { 0x08, 0x69, 0x4B, 0x5B, 0x3B, 0x5F, 0x08, 0x00 },
  { 0x08, 0x69, 0x4B, 0x4B, 0x2B, 0x5F, 0x28, 0x00 },
  { 0x08, 0x79, 0x5B, 0x5B, 0x5B, 0x5F, 0x08, 0x00 },
  { 0x08, 0x69, 0x6B, 0x5B, 0x5B, 0x5F, 0x08, 0x00 },
  { 0x08, 0x69, 0x5B, 0x5B, 0x1B, 0x7F, 0x08, 0x00 },
  { 0x08, 0x69, 0x5B, 0x7B, 0x5B, 0x7F, 0x08, 0x00 },
  { 0x08, 0x69, 0x5B, 0x7B, 0x6B, 0x7F, 0x08, 0x00 },
  { 0x08, 0x69, 0x5B, 0x5B, 0x4B, 0x3F, 0x48, 0x00 },
  { 0x08, 0x69, 0x5B, 0x7B, 0x7B, 0x5F, 0x08, 0x00 },
  { 0x08, 0x69, 0x5B, 0x7B, 0x5B, 0x7F, 0x58, 0x00 },
  { 0x08, 0x69, 0x5B, 0x5B, 0x2B, 0x5F, 0x28, 0x00 },
  { 0x08, 0x79, 0x5B, 0x5B, 0x5B, 0x7F, 0x08, 0x00 },
  { 0x08, 0x79, 0x6B, 0x6B, 0x6B, 0x7F, 0x08, 0x00 },
  { 0x08, 0x79, 0x6B, 0x7B, 0x4B, 0x3F, 0x48, 0x00 },
  { 0x08, 0x49, 0x2B, 0x1B, 0x2B, 0x4F, 0x08, 0x00 },
  { 0x08, 0x49, 0x3B, 0x4B, 0x3B, 0x4F, 0x08, 0x00 }, // '킀'
  { 0x08, 0x29, 0x5B, 0x5B, 0x5B, 0x2F, 0x08, 0x00 },
  { 0x08, 0x59, 0x3B, 0x1B, 0x3B, 0x5F, 0x08, 0x00 },
  { 0x08, 0x29, 0x6B, 0x3B, 0x6B, 0x2F, 0x08, 0x00 },
  { 0x08, 0x19, 0x3B, 0x3B, 0x3B, 0x7F, 0x08, 0x00 },
  { 0x08, 0x79, 0x7B, 0x7B, 0x7B, 0x5F, 0x08, 0x00 },
  { 0x08, 0x59, 0x7B, 0x5B, 0x7B, 0x5F, 0x08, 0x00 },
  { 0x08, 0x29, 0x6B, 0x5B, 0x6B, 0x2F, 0x08, 0x00 },
  { 0x00, 0x25, 0x25, 0x25, 0x2F, 0x20, 0x7F, 0x00 },
  { 0x00, 0x09, 0x2B, 0x2B, 0x2F, 0x28, 0x6F, 0x00 },
  { 0x00, 0x09, 0x2B, 0x2B, 0x6F, 0x28, 0x6F, 0x00 },
  { 0x09, 0x2B, 0x2B, 0x6F, 0x48, 0x2F, 0x40, 0x00 },
  { 0x00, 0x09, 0x6B, 0x4B, 0x4F, 0x48, 0x5F, 0x00 },
  { 0x00, 0x09, 0x6B, 0x4B, 0x5F, 0x38, 0x5F, 0x00 },
  { 0x09, 0x6B, 0x4B, 0x4F, 0x28, 0x5F, 0x20, 0x00 },
  { 0x00, 0x09, 0x7B, 0x5B, 0x5F, 0x58, 0x5F, 0x00 },
  { 0x00, 0x09, 0x1B, 0x5B, 0x7F, 0x58, 0x4F, 0x00 }, // '킐'
  { 0x00, 0x09, 0x5B, 0x7B, 0x5F, 0x18, 0x7F, 0x00 },
  { 0x00, 0x09, 0x5B, 0x7B, 0x7F, 0x58, 0x7F, 0x00 },
  { 0x00, 0x09, 0x5B, 0x7B, 0x5F, 0x68, 0x7F, 0x00 },
  { 0x09, 0x5B, 0x7B, 0x5F, 0x48, 0x3F, 0x40, 0x00 },
  { 0x09, 0x5B, 0x7B, 0x5F, 0x78, 0x7F, 0x50, 0x00 },
  { 0x09, 0x5B, 0x7B, 0x7F, 0x58, 0x7F, 0x50, 0x00 },
  { 0x09, 0x5B, 0x7B, 0x5F, 0x28, 0x5F, 0x20, 0x00 },
  { 0x00, 0x09, 0x7B, 0x5B, 0x5F, 0x58, 0x7F, 0x00 },
  { 0x00, 0x09, 0x7B, 0x6B, 0x6F, 0x68, 0x7F, 0x00 },
  { 0x09, 0x7B, 0x6B, 0x7F, 0x48, 0x3F, 0x40, 0x00 },
  { 0x00, 0x09, 0x4B, 0x2B, 0x1F, 0x28, 0x4F, 0x00 },
  { 0x00, 0x09, 0x4B, 0x3B, 0x4F, 0x38, 0x4F, 0x00 },
  { 0x00, 0x09, 0x2B, 0x5B, 0x5F, 0x58, 0x2F, 0x00 },
  { 0x00, 0x09, 0x5B, 0x3B, 0x1F, 0x38, 0x5F, 0x00 },
  { 0x00, 0x09, 0x2B, 0x6B, 0x3F, 0x68, 0x2F, 0x00 },
  { 0x00, 0x09, 0x1B, 0x3B, 0x3F, 0x38, 0x7F, 0x00 }, // '킠'
  { 0x00, 0x09, 0x7B, 0x5B, 0x5F, 0x58, 0x4F, 0x00 },
  { 0x00, 0x09, 0x5B, 0x7B, 0x5F, 0x78, 0x5F, 0x00 },
  { 0x00, 0x09, 0x2B, 0x6B, 0x5F, 0x68, 0x2F, 0x00 },
  { 0x00, 0x25, 0x15, 0x0F, 0x00, 0x00, 0x7F, 0x00 },
  { 0x00, 0x09, 0x2B, 0x27, 0x23, 0x20, 0x6F, 0x00 },
  { 0x00, 0x09, 0x2B, 0x27, 0x63, 0x20, 0x6F, 0x00 },
  { 0x09, 0x2B, 0x27, 0x63, 0x40, 0x2F, 0x40, 0x00 },
  { 0x00, 0x09, 0x6B, 0x47, 0x43, 0x40, 0x5F, 0x00 },
  { 0x00, 0x09, 0x6B, 0x47, 0x53, 0x30, 0x5F, 0x00 },
  { 0x09, 0x6B, 0x47, 0x53, 0x30, 0x5F, 0x30, 0x00 },
  { 0x00, 0x09, 0x7B, 0x57, 0x53, 0x50, 0x5F, 0x00 },
  { 0x00, 0x09, 0x1B, 0x57, 0x73, 0x50, 0x4F, 0x00 },
  { 0x00, 0x09, 0x5B, 0x77, 0x53, 0x10, 0x7F, 0x00 },
  { 0x00, 0x09, 0x5B, 0x77, 0x73, 0x50, 0x7F, 0x00 },
  { 0x00, 0x09, 0x5B, 0x77, 0x53, 0x60, 0x7F, 0x00 },
  { 0x09, 0x5B, 0x77, 0x53, 0x40, 0x37, 0x40, 0x00 }, // '킰'
  { 0x09, 0x5B, 0x77, 0x53, 0x70, 0x7F, 0x50, 0x00 },
  { 0x09, 0x5B, 0x77, 0x73, 0x50, 0x7F, 0x50, 0x00 },
  { 0x09, 0x5B, 0x77, 0x53, 0x30, 0x5F, 0x30, 0x00 },
  { 0x00, 0x09, 0x7B, 0x57, 0x53, 0x50, 0x7F, 0x00 },
  { 0x00, 0x09, 0x7B, 0x67, 0x63, 0x60, 0x7F, 0x00 },
  { 0x09, 0x7B, 0x67, 0x73, 0x40, 0x37, 0x40, 0x00 },
  { 0x00, 0x09, 0x4B, 0x27, 0x13, 0x20, 0x4F, 0x00 },
  { 0x00, 0x09, 0x4B, 0x37, 0x43, 0x30, 0x4F, 0x00 },
  { 0x00, 0x09, 0x2B, 0x57, 0x53, 0x50, 0x2F, 0x00 },
  { 0x00, 0x09, 0x5B, 0x37, 0x13, 0x30, 0x5F, 0x00 },
  { 0x00, 0x09, 0x5B, 0x37, 0x1B, 0x30, 0x5F, 0x00 },
  { 0x00, 0x09, 0x1B, 0x37, 0x33, 0x30, 0x7F, 0x00 },
  { 0x00, 0x09, 0x7B, 0x77, 0x73, 0x70, 0x5F, 0x00 },
  { 0x00, 0x09, 0x5B, 0x77, 0x53, 0x70, 0x5F, 0x00 },
  { 0x00, 0x09, 0x1B, 0x37, 0x5B, 0x30, 0x1F, 0x00 },
  { 0x3F, 0x25, 0x25, 0x25, 0x00, 0x7F, 0x08, 0x00 }, // '타'
  { 0x0F, 0x2B, 0x2B, 0x29, 0x20, 0x6F, 0x02, 0x00 },
  { 0x0F, 0x2B, 0x2B, 0x69, 0x20, 0x6F, 0x02, 0x00 },
  { 0x0F, 0x2B, 0x2B, 0x69, 0x40, 0x2F, 0x42, 0x00 },
  { 0x0F, 0x6B, 0x4B, 0x49, 0x40, 0x5F, 0x04, 0x00 },
  { 0x0F, 0x6B, 0x4B, 0x59, 0x30, 0x5F, 0x02, 0x00 },
  { 0x0F, 0x6B, 0x4B, 0x59, 0x30, 0x5F, 0x32, 0x00 },
  { 0x0F, 0x7B, 0x5B, 0x59, 0x50, 0x5F, 0x02, 0x00 },
  { 0x0F, 0x6B, 0x6B, 0x59, 0x58, 0x5F, 0x02, 0x00 },
  { 0x0F, 0x6B, 0x5B, 0x59, 0x10, 0x7F, 0x02, 0x00 },
  { 0x0F, 0x6B, 0x5B, 0x79, 0x50, 0x7F, 0x02, 0x00 },
  { 0x0F, 0x6B, 0x5B, 0x79, 0x60, 0x7F, 0x02, 0x00 },
  { 0x0F, 0x6B, 0x5B, 0x59, 0x40, 0x37, 0x42, 0x00 },
  { 0x0F, 0x6B, 0x5B, 0x79, 0x70, 0x5F, 0x02, 0x00 },
  { 0x0F, 0x6B, 0x5B, 0x79, 0x50, 0x7F, 0x52, 0x00 },
  { 0x0F, 0x6B, 0x5B, 0x59, 0x30, 0x5F, 0x32, 0x00 },
  { 0x0F, 0x7B, 0x5B, 0x59, 0x50, 0x7F, 0x02, 0x00 }, // '탐'
  { 0x0F, 0x7B, 0x6B, 0x69, 0x60, 0x7F, 0x02, 0x00 },
  { 0x0F, 0x7B, 0x6B, 0x79, 0x40, 0x37, 0x42, 0x00 },
  { 0x0F, 0x4B, 0x2B, 0x19, 0x20, 0x4F, 0x02, 0x00 },
  { 0x0F, 0x4B, 0x3B, 0x49, 0x30, 0x4F, 0x02, 0x00 },
  { 0x0F, 0x2B, 0x5B, 0x59, 0x50, 0x2F, 0x02, 0x00 },
  { 0x0F, 0x5B, 0x3B, 0x19, 0x30, 0x5F, 0x02, 0x00 },
  { 0x0F, 0x2B, 0x6B, 0x39, 0x60, 0x2F, 0x02, 0x00 },
  { 0x0F, 0x1B, 0x3B, 0x39, 0x30, 0x7F, 0x02, 0x00 },
  { 0x0F, 0x7B, 0x5B, 0x59, 0x58, 0x4F, 0x02, 0x00 },
  { 0x0F, 0x5B, 0x7B, 0x59, 0x70, 0x5F, 0x02, 0x00 },
  { 0x0F, 0x2B, 0x6B, 0x59, 0x60, 0x2F, 0x02, 0x00 },
  { 0x3F, 0x25, 0x25, 0x00, 0x7F, 0x08, 0x7F, 0x00 },
  { 0x0F, 0x2B, 0x29, 0x20, 0x2F, 0x22, 0x6F, 0x00 },
  { 0x0F, 0x2B, 0x29, 0x60, 0x2F, 0x22, 0x6F, 0x00 },
  { 0x0F, 0x2B, 0x29, 0x60, 0x4F, 0x22, 0x4F, 0x00 },
  { 0x0F, 0x6B, 0x49, 0x40, 0x5F, 0x44, 0x5F, 0x00 }, // '탠'
  { 0x0F, 0x6B, 0x49, 0x40, 0x5F, 0x32, 0x5F, 0x00 },
  { 0x0F, 0x6B, 0x49, 0x40, 0x2F, 0x52, 0x2F, 0x00 },
  { 0x0F, 0x7B, 0x59, 0x50, 0x5F, 0x52, 0x5F, 0x00 },
  { 0x0F, 0x6B, 0x69, 0x58, 0x5F, 0x5A, 0x5F, 0x00 },
  { 0x0F, 0x6B, 0x59, 0x58, 0x1F, 0x12, 0x7F, 0x00 },
  { 0x0F, 0x6B, 0x59, 0x58, 0x7F, 0x52, 0x7F, 0x00 },
  { 0x0F, 0x6B, 0x59, 0x58, 0x7F, 0x62, 0x7F, 0x00 },
  { 0x0F, 0x6B, 0x59, 0x58, 0x4F, 0x32, 0x4F, 0x00 },
  { 0x0F, 0x6B, 0x59, 0x58, 0x7F, 0x72, 0x5F, 0x00 },
  { 0x0F, 0x6B, 0x59, 0x78, 0x5F, 0x72, 0x5F, 0x00 },
  { 0x0F, 0x6B, 0x59, 0x58, 0x2F, 0x52, 0x2F, 0x00 },
  { 0x0F, 0x7B, 0x59, 0x50, 0x5F, 0x52, 0x7F, 0x00 },
  { 0x0F, 0x7B, 0x69, 0x60, 0x6F, 0x62, 0x7F, 0x00 },
  { 0x0F, 0x7B, 0x69, 0x70, 0x4F, 0x32, 0x4F, 0x00 },
  { 0x0F, 0x4B, 0x29, 0x10, 0x2F, 0x42, 0x0F, 0x00 },
  { 0x0F, 0x4B, 0x39, 0x40, 0x37, 0x42, 0x0F, 0x00 }, // '탰'
  { 0x0F, 0x2B, 0x59, 0x50, 0x5F, 0x52, 0x2F, 0x00 },
  { 0x0F, 0x5B, 0x59, 0x30, 0x3F, 0x52, 0x5F, 0x00 },
  { 0x0F, 0x2B, 0x69, 0x30, 0x2F, 0x62, 0x2F, 0x00 },
  { 0x0F, 0x1B, 0x39, 0x30, 0x3F, 0x32, 0x7F, 0x00 },
  { 0x0F, 0x7B, 0x59, 0x58, 0x5F, 0x5A, 0x4F, 0x00 },
  { 0x0F, 0x5B, 0x79, 0x50, 0x5F, 0x72, 0x5F, 0x00 },
  { 0x0F, 0x2B, 0x69, 0x50, 0x6F, 0x62, 0x2F, 0x00 },
  { 0x3F, 0x25, 0x25, 0x25, 0x00, 0x7F, 0x12, 0x00 },
  { 0x0F, 0x2B, 0x2B, 0x29, 0x20, 0x7F, 0x0A, 0x00 },
  { 0x0F, 0x2B, 0x2B, 0x69, 0x20, 0x7F, 0x0A, 0x00 },
  { 0x0F, 0x2B, 0x2B, 0x69, 0x40, 0x3F, 0x4A, 0x00 },
  { 0x0F, 0x6B, 0x4B, 0x49, 0x40, 0x5F, 0x0A, 0x00 },
  { 0x0F, 0x6B, 0x4B, 0x59, 0x30, 0x5F, 0x0A, 0x00 },
  { 0x0F, 0x6B, 0x4B, 0x59, 0x30, 0x5F, 0x35, 0x00 },
  { 0x0F, 0x7B, 0x5B, 0x59, 0x50, 0x5F, 0x0A, 0x00 },
  { 0x0F, 0x6B, 0x6B, 0x59, 0x58, 0x5F, 0x0A, 0x00 }, // '턀'
  { 0x0F, 0x6B, 0x5B, 0x59, 0x10, 0x7F, 0x0A, 0x00 },
  { 0x0F, 0x6B, 0x5B, 0x79, 0x50, 0x7F, 0x0A, 0x00 },
  { 0x0F, 0x6B, 0x5B, 0x79, 0x60, 0x7F, 0x0A, 0x00 },
  { 0x0F, 0x6B, 0x5B, 0x59, 0x40, 0x3F, 0x4A, 0x00 },
  { 0x0F, 0x6B, 0x5B, 0x79, 0x70, 0x5F, 0x0A, 0x00 },
  { 0x0F, 0x6B, 0x5B, 0x79, 0x50, 0x7F, 0x55, 0x00 },
  { 0x0F, 0x6B, 0x5B, 0x59, 0x30, 0x5F, 0x35, 0x00 },
  { 0x0F, 0x7B, 0x5B, 0x59, 0x50, 0x7F, 0x0A, 0x00 },
  { 0x0F, 0x7B, 0x6B, 0x69, 0x60, 0x7F, 0x0A, 0x00 },
  { 0x0F, 0x7B, 0x6B, 0x79, 0x40, 0x3F, 0x4A, 0x00 },
  { 0x0F, 0x4B, 0x2B, 0x19, 0x20, 0x5F, 0x0A, 0x00 },
  { 0x0F, 0x4B, 0x3B, 0x49, 0x30, 0x4F, 0x0A, 0x00 },
  { 0x0F, 0x2B, 0x5B, 0x59, 0x50, 0x2F, 0x0A, 0x00 },
  { 0x0F, 0x5B, 0x3B, 0x19, 0x30, 0x5F, 0x0A, 0x00 },
  { 0x0F, 0x2B, 0x6B, 0x39, 0x60, 0x2F, 0x0A, 0x00 },
  { 0x0F, 0x1B, 0x3B, 0x39, 0x30, 0x7F, 0x0A, 0x00 }, // '턐'
  { 0x0F, 0x7B, 0x5B, 0x59, 0x58, 0x4F, 0x0A, 0x00 },
  { 0x0F, 0x5B, 0x7B, 0x59, 0x70, 0x5F, 0x0A, 0x00 },
  { 0x0F, 0x2B, 0x6B, 0x59, 0x60, 0x2F, 0x0A, 0x00 },
  { 0x3F, 0x25, 0x25, 0x00, 0x7F, 0x12, 0x7F, 0x00 },
  { 0x0F, 0x2B, 0x29, 0x20, 0x3F, 0x2A, 0x7F, 0x00 },
  { 0x0F, 0x2B, 0x29, 0x60, 0x3F, 0x2A, 0x7F, 0x00 },
  { 0x0F, 0x2B, 0x29, 0x60, 0x5F, 0x2A, 0x5F, 0x00 },
  { 0x0F, 0x6B, 0x49, 0x40, 0x5F, 0x4A, 0x5F, 0x00 },
  { 0x0F, 0x6B, 0x49, 0x40, 0x5F, 0x35, 0x5F, 0x00 },
  { 0x0F, 0x6B, 0x49, 0x40, 0x2F, 0x55, 0x2F, 0x00 },
  { 0x0F, 0x7B, 0x59, 0x50, 0x5F, 0x55, 0x5F, 0x00 },
  { 0x0F, 0x6B, 0x69, 0x58, 0x5F, 0x55, 0x5F, 0x00 },
  { 0x0F, 0x6B, 0x59, 0x58, 0x1F, 0x15, 0x7F, 0x00 },
  { 0x0F, 0x6B, 0x59, 0x58, 0x7F, 0x55, 0x7F, 0x00 },
  { 0x0F, 0x6B, 0x59, 0x58, 0x7F, 0x65, 0x7F, 0x00 },
  { 0x0F, 0x6B, 0x59, 0x58, 0x4F, 0x35, 0x4F, 0x00 }, // '턠'
  { 0x0F, 0x6B, 0x59, 0x58, 0x7F, 0x75, 0x5F, 0x00 },
  { 0x0F, 0x6B, 0x59, 0x78, 0x5F, 0x75, 0x5F, 0x00 },
  { 0x0F, 0x6B, 0x59, 0x58, 0x2F, 0x55, 0x2F, 0x00 },
  { 0x0F, 0x7B, 0x59, 0x50, 0x5F, 0x55, 0x7F, 0x00 },
  { 0x0F, 0x7B, 0x69, 0x60, 0x6F, 0x6A, 0x7F, 0x00 },
  { 0x0F, 0x7B, 0x69, 0x70, 0x4F, 0x35, 0x4F, 0x00 },
  { 0x0F, 0x4B, 0x29, 0x10, 0x2F, 0x4A, 0x0F, 0x00 },
  { 0x0F, 0x4B, 0x39, 0x40, 0x3F, 0x4A, 0x0F, 0x00 },
  { 0x0F, 0x2B, 0x59, 0x50, 0x5F, 0x55, 0x2F, 0x00 },
  { 0x0F, 0x5B, 0x59, 0x30, 0x3F, 0x55, 0x5F, 0x00 },
  { 0x0F, 0x2B, 0x69, 0x30, 0x2F, 0x65, 0x2F, 0x00 },
  { 0x0F, 0x1B, 0x39, 0x30, 0x3F, 0x35, 0x7F, 0x00 },
  { 0x0F, 0x7B, 0x59, 0x58, 0x5F, 0x55, 0x4F, 0x00 },
  { 0x0F, 0x5B, 0x79, 0x50, 0x5F, 0x75, 0x5F, 0x00 },
  { 0x0F, 0x2B, 0x69, 0x50, 0x6F, 0x65, 0x2F, 0x00 },
  { 0x00, 0x3F, 0x25, 0x25, 0x21, 0x04, 0x7F, 0x00 }, // '터'
  { 0x00, 0x0F, 0x2B, 0x2B, 0x29, 0x22, 0x6F, 0x00 },
  { 0x00, 0x0F, 0x2B, 0x2B, 0x69, 0x22, 0x6F, 0x00 },
  { 0x0F, 0x2B, 0x2B, 0x69, 0x42, 0x2F, 0x40, 0x00 },
  { 0x00, 0x0F, 0x6B, 0x4B, 0x49, 0x42, 0x5F, 0x00 },
  { 0x00, 0x0F, 0x6B, 0x4B, 0x59, 0x32, 0x5F, 0x00 },
  { 0x0F, 0x6B, 0x4B, 0x49, 0x32, 0x5F, 0x30, 0x00 },
  { 0x00, 0x0F, 0x7B, 0x5B, 0x59, 0x52, 0x5F, 0x00 },
  { 0x00, 0x0F, 0x6B, 0x6B, 0x59, 0x5A, 0x5F, 0x00 },
  { 0x00, 0x0F, 0x6B, 0x5B, 0x59, 0x12, 0x7F, 0x00 },
  { 0x00, 0x0F, 0x6B, 0x5B, 0x79, 0x52, 0x7F, 0x00 },
  { 0x00, 0x0F, 0x6B, 0x5B, 0x79, 0x62, 0x7F, 0x00 },
  { 0x0F, 0x6B, 0x5B, 0x59, 0x42, 0x37, 0x40, 0x00 },
  { 0x00, 0x0F, 0x6B, 0x5B, 0x79, 0x72, 0x5F, 0x00 },
  { 0x0F, 0x6B, 0x5B, 0x79, 0x52, 0x7F, 0x50, 0x00 },
  { 0x0F, 0x6B, 0x5B, 0x59, 0x32, 0x5F, 0x30, 0x00 },
  { 0x00, 0x0F, 0x7B, 0x5B, 0x59, 0x52, 0x7F, 0x00 }, // '텀'
  { 0x00, 0x0F, 0x7B, 0x6B, 0x69, 0x62, 0x7F, 0x00 },
  { 0x0F, 0x7B, 0x6B, 0x79, 0x42, 0x37, 0x40, 0x00 },
  { 0x00, 0x0F, 0x4B, 0x2B, 0x19, 0x22, 0x4F, 0x00 },
  { 0x00, 0x0F, 0x4B, 0x3B, 0x49, 0x32, 0x4F, 0x00 },
  { 0x00, 0x0F, 0x2B, 0x5B, 0x59, 0x52, 0x2F, 0x00 },
  { 0x00, 0x0F, 0x5B, 0x3B, 0x19, 0x32, 0x5F, 0x00 },
  { 0x00, 0x0F, 0x2B, 0x6B, 0x39, 0x62, 0x2F, 0x00 },
  { 0x00, 0x0F, 0x1B, 0x3B, 0x39, 0x32, 0x7F, 0x00 },
  { 0x00, 0x0F, 0x7B, 0x5B, 0x59, 0x5A, 0x4F, 0x00 },
  { 0x00, 0x0F, 0x5B, 0x7B, 0x59, 0x72, 0x5F, 0x00 },
  { 0x00, 0x0F, 0x2B, 0x6B, 0x59, 0x62, 0x2F, 0x00 },
  { 0x3F, 0x25, 0x25, 0x08, 0x7F, 0x00, 0x7F, 0x00 },
  { 0x0F, 0x2B, 0x29, 0x22, 0x2F, 0x20, 0x6F, 0x00 },
  { 0x0F, 0x2B, 0x29, 0x62, 0x2F, 0x20, 0x6F, 0x00 },
  { 0x0F, 0x2B, 0x29, 0x62, 0x4F, 0x20, 0x4F, 0x00 },
  { 0x0F, 0x6B, 0x49, 0x42, 0x5F, 0x40, 0x5F, 0x00 }, // '텐'
  { 0x0F, 0x6B, 0x49, 0x42, 0x5F, 0x30, 0x5F, 0x00 },
  { 0x0F, 0x6B, 0x49, 0x42, 0x2F, 0x50, 0x2F, 0x00 },
  { 0x0F, 0x7B, 0x59, 0x52, 0x5F, 0x50, 0x5F, 0x00 },
  { 0x0F, 0x6B, 0x69, 0x5A, 0x5F, 0x58, 0x5F, 0x00 },
  { 0x0F, 0x6B, 0x59, 0x5A, 0x1F, 0x10, 0x7F, 0x00 },
  { 0x0F, 0x6B, 0x59, 0x5A, 0x7F, 0x50, 0x7F, 0x00 },
  { 0x0F, 0x6B, 0x59, 0x5A, 0x7F, 0x60, 0x7F, 0x00 },
  { 0x0F, 0x6B, 0x59, 0x5A, 0x4F, 0x30, 0x4F, 0x00 },
  { 0x0F, 0x6B, 0x59, 0x5A, 0x7F, 0x70, 0x5F, 0x00 },
  { 0x0F, 0x6B, 0x59, 0x7A, 0x5F, 0x70, 0x5F, 0x00 },
  { 0x0F, 0x6B, 0x59, 0x5A, 0x2F, 0x50, 0x2F, 0x00 },
  { 0x0F, 0x7B, 0x59, 0x52, 0x5F, 0x50, 0x7F, 0x00 },
  { 0x0F, 0x7B, 0x69, 0x62, 0x6F, 0x60, 0x7F, 0x00 },
  { 0x0F, 0x7B, 0x69, 0x72, 0x4F, 0x30, 0x4F, 0x00 },
  { 0x0F, 0x4B, 0x29, 0x12, 0x2F, 0x40, 0x0F, 0x00 },
  { 0x0F, 0x4B, 0x39, 0x42, 0x37, 0x40, 0x0F, 0x00 }, // '텠'
  { 0x0F, 0x2B, 0x59, 0x52, 0x5F, 0x50, 0x2F, 0x00 },
  { 0x0F, 0x5B, 0x59, 0x32, 0x3F, 0x50, 0x5F, 0x00 },
  { 0x0F, 0x2B, 0x69, 0x32, 0x2F, 0x60, 0x2F, 0x00 },
  { 0x0F, 0x1B, 0x39, 0x32, 0x3F, 0x30, 0x7F, 0x00 },
  { 0x0F, 0x7B, 0x59, 0x5A, 0x5F, 0x58, 0x4F, 0x00 },
  { 0x0F, 0x5B, 0x79, 0x52, 0x5F, 0x70, 0x5F, 0x00 },
  { 0x0F, 0x2B, 0x69, 0x52, 0x6F, 0x60, 0x2F, 0x00 },
  { 0x00, 0x3F, 0x25, 0x25, 0x25, 0x0A, 0x7F, 0x00 },
  { 0x00, 0x0F, 0x2B, 0x2B, 0x29, 0x26, 0x6F, 0x00 },
  { 0x00, 0x0F, 0x2B, 0x2B, 0x69, 0x26, 0x6F, 0x00 },
  { 0x0F, 0x2B, 0x2B, 0x69, 0x46, 0x2F, 0x40, 0x00 },
  { 0x00, 0x0F, 0x6B, 0x4B, 0x49, 0x46, 0x5F, 0x00 },
  { 0x00, 0x0F, 0x6B, 0x4B, 0x59, 0x36, 0x5F, 0x00 },
  { 0x0F, 0x6B, 0x4B, 0x49, 0x36, 0x5F, 0x30, 0x00 },
  { 0x00, 0x0F, 0x7B, 0x5B, 0x59, 0x56, 0x5F, 0x00 },
  { 0x00, 0x0F, 0x6B, 0x6B, 0x59, 0x56, 0x5F, 0x00 }, // '텰'
  { 0x00, 0x0F, 0x6B, 0x5B, 0x59, 0x16, 0x7F, 0x00 },
  { 0x00, 0x0F, 0x6B, 0x5B, 0x79, 0x56, 0x7F, 0x00 },
  { 0x00, 0x0F, 0x6B, 0x5B, 0x79, 0x66, 0x7F, 0x00 },
  { 0x0F, 0x6B, 0x5B, 0x59, 0x46, 0x2F, 0x40, 0x00 },
  { 0x00, 0x0F, 0x6B, 0x5B, 0x79, 0x76, 0x5F, 0x00 },
  { 0x0F, 0x6B, 0x5B, 0x79, 0x56, 0x7F, 0x50, 0x00 },
  { 0x0F, 0x6B, 0x5B, 0x59, 0x36, 0x5F, 0x30, 0x00 },
  { 0x00, 0x0F, 0x7B, 0x5B, 0x59, 0x56, 0x7F, 0x00 },
  { 0x00, 0x0F, 0x7B, 0x6B, 0x69, 0x66, 0x7F, 0x00 },
  { 0x0F, 0x7B, 0x6B, 0x79, 0x46, 0x2F, 0x40, 0x00 },
  { 0x00, 0x0F, 0x4B, 0x2B, 0x19, 0x26, 0x4F, 0x00 },
  { 0x00, 0x0F, 0x4B, 0x3B, 0x49, 0x36, 0x4F, 0x00 },
  { 0x00, 0x0F, 0x2B, 0x5B, 0x59, 0x56, 0x2F, 0x00 },
  { 0x00, 0x0F, 0x5B, 0x3B, 0x19, 0x36, 0x5F, 0x00 },
  { 0x00, 0x0F, 0x2B, 0x6B, 0x39, 0x66, 0x2F, 0x00 },
  { 0x00, 0x0F, 0x1B, 0x3B, 0x39, 0x36, 0x7F, 0x00 }, // '톀'
  { 0x00, 0x0F, 0x7B, 0x5B, 0x59, 0x56, 0x4F, 0x00 },
  { 0x00, 0x0F, 0x5B, 0x7B, 0x59, 0x76, 0x5F, 0x00 },
  { 0x00, 0x0F, 0x2B, 0x6B, 0x59, 0x66, 0x2F, 0x00 },
  { 0x3F, 0x25, 0x25, 0x0A, 0x7F, 0x00, 0x7F, 0x00 },
  { 0x0F, 0x2B, 0x29, 0x26, 0x2F, 0x20, 0x6F, 0x00 },
  { 0x0F, 0x2B, 0x29, 0x66, 0x2F, 0x20, 0x6F, 0x00 },
  { 0x0F, 0x2B, 0x29, 0x66, 0x4F, 0x20, 0x4F, 0x00 },
  { 0x0F, 0x6B, 0x49, 0x46, 0x5F, 0x40, 0x5F, 0x00 },
  { 0x0F, 0x6B, 0x49, 0x46, 0x5F, 0x30, 0x5F, 0x00 },
  { 0x0F, 0x6B, 0x49, 0x46, 0x2F, 0x50, 0x2F, 0x00 },
  { 0x0F, 0x7B, 0x59, 0x56, 0x5F, 0x50, 0x5F, 0x00 },
  { 0x0F, 0x6B, 0x69, 0x56, 0x5F, 0x58, 0x5F, 0x00 },
  { 0x0F, 0x6B, 0x59, 0x56, 0x1F, 0x10, 0x7F, 0x00 },
  { 0x0F, 0x6B, 0x59, 0x56, 0x7F, 0x50, 0x7F, 0x00 },
  { 0x0F, 0x6B, 0x59, 0x56, 0x7F, 0x60, 0x7F, 0x00 },
  { 0x0F, 0x6B, 0x59, 0x56, 0x4F, 0x30, 0x4F, 0x00 }, // '톐'
  { 0x0F, 0x6B, 0x59, 0x56, 0x7F, 0x70, 0x5F, 0x00 },
  { 0x0F, 0x6B, 0x59, 0x76, 0x5F, 0x70, 0x5F, 0x00 },
  { 0x0F, 0x6B, 0x59, 0x56, 0x2F, 0x50, 0x2F, 0x00 },
  { 0x0F, 0x7B, 0x59, 0x56, 0x5F, 0x50, 0x7F, 0x00 },
  { 0x0F, 0x7B, 0x69, 0x66, 0x6F, 0x60, 0x7F, 0x00 },
  { 0x0F, 0x7B, 0x69, 0x76, 0x4F, 0x30, 0x4F, 0x00 },
  { 0x0F, 0x4B, 0x29, 0x16, 0x2F, 0x40, 0x0F, 0x00 },
  { 0x0F, 0x4B, 0x29, 0x46, 0x2F, 0x40, 0x0F, 0x00 },
  { 0x0F, 0x2B, 0x59, 0x56, 0x5F, 0x50, 0x2F, 0x00 },
  { 0x0F, 0x5B, 0x59, 0x36, 0x3F, 0x50, 0x5F, 0x00 },
  { 0x0F, 0x2B, 0x69, 0x36, 0x2F, 0x60, 0x2F, 0x00 },
  { 0x0F, 0x1B, 0x39, 0x36, 0x3F, 0x30, 0x7F, 0x00 },
  { 0x0F, 0x7B, 0x59, 0x56, 0x5F, 0x58, 0x4F, 0x00 },
  { 0x0F, 0x5B, 0x79, 0x56, 0x5F, 0x70, 0x5F, 0x00 },
  { 0x0F, 0x2B, 0x69, 0x56, 0x6F, 0x60, 0x2F, 0x00 },
  { 0x20, 0x2F, 0x2B, 0x3B, 0x2B, 0x29, 0x20, 0x00 }, // '토'
  { 0x10, 0x37, 0x37, 0x3F, 0x37, 0x75, 0x10, 0x00 },
  { 0x10, 0x37, 0x37, 0x7F, 0x37, 0x75, 0x10, 0x00 },
  { 0x10, 0x37, 0x37, 0x7F, 0x57, 0x35, 0x50, 0x00 },
  { 0x10, 0x77, 0x57, 0x5F, 0x57, 0x55, 0x10, 0x00 },
  { 0x08, 0x6B, 0x4B, 0x5F, 0x3B, 0x59, 0x08, 0x00 },
  { 0x08, 0x6B, 0x4B, 0x4F, 0x2B, 0x59, 0x28, 0x00 },
  { 0x08, 0x7B, 0x5B, 0x5F, 0x5B, 0x59, 0x08, 0x00 },
  { 0x08, 0x6B, 0x6B, 0x5F, 0x5B, 0x59, 0x08, 0x00 },
  { 0x08, 0x6B, 0x5B, 0x5F, 0x1B, 0x79, 0x08, 0x00 },
  { 0x08, 0x6B, 0x5B, 0x7F, 0x5B, 0x79, 0x08, 0x00 },
  { 0x08, 0x6B, 0x5B, 0x7F, 0x6B, 0x79, 0x08, 0x00 },
  { 0x08, 0x6B, 0x5B, 0x5F, 0x4B, 0x39, 0x48, 0x00 },
  { 0x08, 0x6B, 0x5B, 0x7F, 0x7B, 0x59, 0x08, 0x00 },
  { 0x08, 0x6B, 0x5B, 0x7F, 0x5B, 0x79, 0x58, 0x00 },
  { 0x08, 0x6B, 0x5B, 0x5F, 0x2B, 0x59, 0x28, 0x00 },
  { 0x10, 0x77, 0x57, 0x5F, 0x57, 0x75, 0x10, 0x00 }, // '톰'
  { 0x08, 0x7B, 0x6B, 0x6F, 0x6B, 0x79, 0x08, 0x00 },
  { 0x08, 0x7B, 0x6B, 0x7F, 0x4B, 0x39, 0x48, 0x00 },
  { 0x10, 0x57, 0x57, 0x3F, 0x57, 0x55, 0x10, 0x00 },
  { 0x10, 0x57, 0x37, 0x5F, 0x37, 0x55, 0x10, 0x00 },
  { 0x10, 0x37, 0x57, 0x5F, 0x57, 0x35, 0x10, 0x00 },
  { 0x08, 0x5B, 0x3B, 0x1F, 0x3B, 0x59, 0x08, 0x00 },
  { 0x08, 0x2B, 0x6B, 0x3F, 0x6B, 0x29, 0x08, 0x00 },
  { 0x08, 0x1B, 0x3B, 0x3F, 0x3B, 0x79, 0x08, 0x00 },
  { 0x08, 0x7B, 0x7B, 0x7F, 0x7B, 0x59, 0x08, 0x00 },
  { 0x08, 0x5B, 0x7B, 0x5F, 0x7B, 0x59, 0x08, 0x00 },
  { 0x08, 0x2B, 0x6B, 0x5F, 0x6B, 0x29, 0x08, 0x00 },
  { 0x2F, 0x2B, 0x3B, 0x29, 0x20, 0x7F, 0x08, 0x00 },
  { 0x17, 0x37, 0x3F, 0x35, 0x30, 0x7F, 0x04, 0x00 },
  { 0x17, 0x37, 0x3F, 0x75, 0x30, 0x7F, 0x04, 0x00 },
  { 0x17, 0x37, 0x3F, 0x75, 0x50, 0x3F, 0x44, 0x00 },
  { 0x17, 0x77, 0x5F, 0x55, 0x50, 0x5F, 0x04, 0x00 }, // '퇀'
  { 0x0B, 0x6B, 0x4F, 0x59, 0x38, 0x5F, 0x02, 0x00 },
  { 0x0B, 0x6B, 0x4F, 0x49, 0x28, 0x5F, 0x22, 0x00 },
  { 0x0B, 0x7B, 0x5F, 0x59, 0x58, 0x5F, 0x02, 0x00 },
  { 0x0B, 0x6B, 0x6F, 0x59, 0x58, 0x5F, 0x02, 0x00 },
  { 0x0B, 0x6B, 0x5F, 0x59, 0x18, 0x7F, 0x02, 0x00 },
  { 0x0B, 0x6B, 0x5F, 0x79, 0x58, 0x7F, 0x02, 0x00 },
  { 0x0B, 0x6B, 0x5F, 0x79, 0x68, 0x7F, 0x02, 0x00 },
  { 0x0B, 0x6B, 0x5F, 0x59, 0x48, 0x3F, 0x42, 0x00 },
  { 0x0B, 0x6B, 0x5F, 0x79, 0x78, 0x5F, 0x02, 0x00 },
  { 0x0B, 0x6B, 0x5F, 0x79, 0x58, 0x7F, 0x52, 0x00 },
  { 0x0B, 0x6B, 0x5F, 0x59, 0x28, 0x5F, 0x22, 0x00 },
  { 0x17, 0x77, 0x5F, 0x55, 0x50, 0x7F, 0x04, 0x00 },
  { 0x0B, 0x7B, 0x6F, 0x69, 0x68, 0x7F, 0x02, 0x00 },
  { 0x0B, 0x7B, 0x6F, 0x79, 0x48, 0x3F, 0x42, 0x00 },
  { 0x17, 0x57, 0x5F, 0x35, 0x50, 0x5F, 0x04, 0x00 },
  { 0x17, 0x57, 0x3F, 0x55, 0x30, 0x5F, 0x04, 0x00 }, // '퇐'
  { 0x17, 0x37, 0x5F, 0x55, 0x50, 0x3F, 0x04, 0x00 },
  { 0x0B, 0x5B, 0x3F, 0x19, 0x38, 0x5F, 0x02, 0x00 },
  { 0x0B, 0x2B, 0x6F, 0x39, 0x68, 0x2F, 0x02, 0x00 },
  { 0x0B, 0x1B, 0x3F, 0x39, 0x38, 0x7F, 0x02, 0x00 },
  { 0x0B, 0x7B, 0x5F, 0x59, 0x58, 0x4F, 0x02, 0x00 },
  { 0x0B, 0x5B, 0x7F, 0x59, 0x78, 0x5F, 0x02, 0x00 },
  { 0x0B, 0x2B, 0x6F, 0x59, 0x68, 0x2F, 0x02, 0x00 },
  { 0x2F, 0x3B, 0x29, 0x20, 0x7F, 0x08, 0x7F, 0x00 },
  { 0x17, 0x3F, 0x35, 0x30, 0x3F, 0x24, 0x7F, 0x00 },
  { 0x17, 0x3F, 0x35, 0x70, 0x3F, 0x24, 0x7F, 0x00 },
  { 0x17, 0x3F, 0x35, 0x70, 0x5F, 0x24, 0x5F, 0x00 },
  { 0x17, 0x7F, 0x55, 0x50, 0x5F, 0x44, 0x5F, 0x00 },
  { 0x0B, 0x6F, 0x49, 0x48, 0x5F, 0x32, 0x5F, 0x00 },
  { 0x0B, 0x6F, 0x49, 0x48, 0x2F, 0x52, 0x2F, 0x00 },
  { 0x0B, 0x7F, 0x59, 0x58, 0x5F, 0x52, 0x5F, 0x00 },
  { 0x0B, 0x1F, 0x59, 0x78, 0x7F, 0x52, 0x4F, 0x00 }, // '퇠'
  { 0x0B, 0x5F, 0x79, 0x58, 0x1F, 0x12, 0x7F, 0x00 },
  { 0x0B, 0x5F, 0x79, 0x58, 0x7F, 0x52, 0x7F, 0x00 },
  { 0x0B, 0x5F, 0x79, 0x58, 0x7F, 0x62, 0x7F, 0x00 },
  { 0x0B, 0x5F, 0x79, 0x58, 0x4F, 0x32, 0x4F, 0x00 },
  { 0x0B, 0x5F, 0x79, 0x58, 0x7F, 0x72, 0x5F, 0x00 },
  { 0x0B, 0x5F, 0x79, 0x78, 0x5F, 0x72, 0x5F, 0x00 },
  { 0x0B, 0x5F, 0x79, 0x58, 0x2F, 0x52, 0x2F, 0x00 },
  { 0x17, 0x7F, 0x55, 0x50, 0x5F, 0x54, 0x7F, 0x00 },
  { 0x17, 0x7F, 0x55, 0x50, 0x5F, 0x44, 0x7F, 0x00 },
  { 0x17, 0x7F, 0x55, 0x70, 0x5F, 0x24, 0x5F, 0x00 },
  { 0x17, 0x5F, 0x55, 0x30, 0x5F, 0x44, 0x1F, 0x00 },
  { 0x17, 0x5F, 0x35, 0x50, 0x3F, 0x44, 0x1F, 0x00 },
  { 0x17, 0x3F, 0x55, 0x50, 0x5F, 0x54, 0x3F, 0x00 },
  { 0x0B, 0x5F, 0x59, 0x38, 0x3F, 0x52, 0x5F, 0x00 },
  { 0x0B, 0x2F, 0x69, 0x38, 0x2F, 0x62, 0x2F, 0x00 },
  { 0x0B, 0x1F, 0x39, 0x38, 0x3F, 0x32, 0x7F, 0x00 }, // '퇰'
  { 0x0B, 0x7F, 0x59, 0x58, 0x5F, 0x5A, 0x4F, 0x00 },
  { 0x0B, 0x5F, 0x79, 0x58, 0x5F, 0x72, 0x5F, 0x00 },
  { 0x0B, 0x2F, 0x69, 0x58, 0x6F, 0x62, 0x2F, 0x00 },
  { 0x00, 0x2F, 0x2B, 0x3B, 0x29, 0x20, 0x7F, 0x00 },
  { 0x00, 0x17, 0x37, 0x3F, 0x35, 0x30, 0x7F, 0x00 },
  { 0x00, 0x17, 0x37, 0x3F, 0x75, 0x30, 0x7F, 0x00 },
  { 0x17, 0x37, 0x3F, 0x75, 0x50, 0x3F, 0x40, 0x00 },
  { 0x00, 0x17, 0x77, 0x5F, 0x55, 0x50, 0x5F, 0x00 },
  { 0x00, 0x0B, 0x6B, 0x4F, 0x59, 0x38, 0x5F, 0x00 },
  { 0x0B, 0x6B, 0x4F, 0x49, 0x28, 0x5F, 0x20, 0x00 },
  { 0x00, 0x0B, 0x7B, 0x5F, 0x59, 0x58, 0x5F, 0x00 },
  { 0x00, 0x0B, 0x6B, 0x6F, 0x59, 0x58, 0x5F, 0x00 },
  { 0x00, 0x0B, 0x6B, 0x5F, 0x59, 0x18, 0x7F, 0x00 },
  { 0x00, 0x0B, 0x6B, 0x5F, 0x79, 0x58, 0x7F, 0x00 },
  { 0x00, 0x0B, 0x6B, 0x5F, 0x79, 0x68, 0x7F, 0x00 },
  { 0x0B, 0x6B, 0x5F, 0x59, 0x48, 0x3F, 0x40, 0x00 }, // '툀'
  { 0x00, 0x0B, 0x6B, 0x5F, 0x79, 0x78, 0x5F, 0x00 },
  { 0x0B, 0x6B, 0x5F, 0x79, 0x58, 0x7F, 0x50, 0x00 },
  { 0x0B, 0x6B, 0x5F, 0x59, 0x28, 0x5F, 0x20, 0x00 },
  { 0x00, 0x17, 0x77, 0x5F, 0x55, 0x50, 0x7F, 0x00 },
  { 0x00, 0x0B, 0x7B, 0x6F, 0x69, 0x68, 0x7F, 0x00 },
  { 0x0B, 0x7B, 0x6F, 0x79, 0x48, 0x3F, 0x40, 0x00 },
  { 0x00, 0x17, 0x57, 0x5F, 0x35, 0x50, 0x5F, 0x00 },
  { 0x00, 0x17, 0x57, 0x3F, 0x55, 0x30, 0x5F, 0x00 },
  { 0x00, 0x17, 0x37, 0x5F, 0x55, 0x50, 0x3F, 0x00 },
  { 0x00, 0x0B, 0x5B, 0x3F, 0x19, 0x38, 0x5F, 0x00 },
  { 0x00, 0x0B, 0x2B, 0x6F, 0x39, 0x68, 0x2F, 0x00 },
  { 0x00, 0x0B, 0x1B, 0x3F, 0x39, 0x38, 0x7F, 0x00 },
  { 0x00, 0x0B, 0x7B, 0x5F, 0x59, 0x58, 0x4F, 0x00 },
  { 0x00, 0x0B, 0x5B, 0x7F, 0x59, 0x78, 0x5F, 0x00 },
  { 0x00, 0x0B, 0x2B, 0x6F, 0x59, 0x68, 0x2F, 0x00 },
  { 0x20, 0x2F, 0x3B, 0x2B, 0x3B, 0x29, 0x20, 0x00 }, // '툐'
  { 0x10, 0x37, 0x3F, 0x37, 0x3F, 0x75, 0x10, 0x00 },
  { 0x10, 0x37, 0x3F, 0x77, 0x3F, 0x75, 0x10, 0x00 },
  { 0x10, 0x37, 0x3F, 0x77, 0x5F, 0x35, 0x50, 0x00 },
  { 0x10, 0x77, 0x5F, 0x57, 0x5F, 0x55, 0x10, 0x00 },
  { 0x08, 0x6B, 0x4F, 0x5B, 0x3F, 0x59, 0x08, 0x00 },
  { 0x08, 0x6B, 0x4F, 0x4B, 0x2F, 0x59, 0x28, 0x00 },
  { 0x08, 0x7B, 0x5F, 0x5B, 0x5F, 0x59, 0x08, 0x00 },
  { 0x08, 0x6B, 0x6F, 0x5B, 0x5F, 0x59, 0x08, 0x00 },
  { 0x08, 0x6B, 0x5F, 0x5B, 0x1F, 0x79, 0x08, 0x00 },
  { 0x08, 0x6B, 0x5F, 0x7B, 0x5F, 0x79, 0x08, 0x00 },
  { 0x08, 0x6B, 0x5F, 0x7B, 0x6F, 0x79, 0x08, 0x00 },
  { 0x08, 0x6B, 0x5F, 0x5B, 0x4F, 0x39, 0x48, 0x00 },
  { 0x08, 0x6B, 0x5F, 0x7B, 0x7F, 0x59, 0x08, 0x00 },
  { 0x08, 0x6B, 0x5F, 0x7B, 0x5F, 0x79, 0x58, 0x00 },
  { 0x08, 0x6B, 0x5F, 0x5B, 0x2F, 0x59, 0x28, 0x00 },
  { 0x10, 0x77, 0x5F, 0x57, 0x5F, 0x75, 0x10, 0x00 }, // '툠'
  { 0x08, 0x7B, 0x6F, 0x6B, 0x6F, 0x79, 0x08, 0x00 },
  { 0x08, 0x7B, 0x6F, 0x7B, 0x4F, 0x39, 0x48, 0x00 },
  { 0x10, 0x57, 0x5F, 0x37, 0x5F, 0x55, 0x10, 0x00 },
  { 0x10, 0x57, 0x3F, 0x57, 0x3F, 0x55, 0x10, 0x00 },
  { 0x10, 0x37, 0x5F, 0x57, 0x5F, 0x35, 0x10, 0x00 },
  { 0x08, 0x5B, 0x3F, 0x1B, 0x3F, 0x59, 0x08, 0x00 },
  { 0x08, 0x2B, 0x6F, 0x3B, 0x6F, 0x29, 0x08, 0x00 },
  { 0x08, 0x1B, 0x3F, 0x3B, 0x3F, 0x79, 0x08, 0x00 },
  { 0x08, 0x7B, 0x7F, 0x7B, 0x7F, 0x59, 0x08, 0x00 },
  { 0x08, 0x5B, 0x7F, 0x5B, 0x7F, 0x59, 0x08, 0x00 },
  { 0x08, 0x2B, 0x6F, 0x5B, 0x6F, 0x29, 0x08, 0x00 },
  { 0x20, 0x2F, 0x2B, 0x6B, 0x2B, 0x29, 0x20, 0x00 },
  { 0x08, 0x2F, 0x2B, 0x3B, 0x2B, 0x69, 0x08, 0x00 },
  { 0x08, 0x2F, 0x2B, 0x7B, 0x2B, 0x69, 0x08, 0x00 },
  { 0x08, 0x2F, 0x2B, 0x7B, 0x4B, 0x29, 0x48, 0x00 },
  { 0x08, 0x6F, 0x4B, 0x5B, 0x4B, 0x49, 0x08, 0x00 }, // '툰'
  { 0x04, 0x77, 0x47, 0x5F, 0x37, 0x55, 0x04, 0x00 },
  { 0x04, 0x77, 0x47, 0x5F, 0x37, 0x55, 0x34, 0x00 },
  { 0x04, 0x77, 0x57, 0x5F, 0x57, 0x55, 0x04, 0x00 },
  { 0x04, 0x17, 0x57, 0x7F, 0x57, 0x45, 0x04, 0x00 },
  { 0x04, 0x57, 0x77, 0x5F, 0x17, 0x75, 0x04, 0x00 },
  { 0x04, 0x57, 0x77, 0x7F, 0x57, 0x75, 0x04, 0x00 },
  { 0x04, 0x57, 0x77, 0x5F, 0x67, 0x75, 0x04, 0x00 },
  { 0x04, 0x57, 0x77, 0x5F, 0x47, 0x35, 0x44, 0x00 },
  { 0x04, 0x57, 0x77, 0x5F, 0x77, 0x75, 0x54, 0x00 },
  { 0x04, 0x57, 0x77, 0x7F, 0x57, 0x75, 0x54, 0x00 },
  { 0x04, 0x57, 0x77, 0x5F, 0x37, 0x55, 0x34, 0x00 },
  { 0x08, 0x6F, 0x6B, 0x7B, 0x6B, 0x69, 0x08, 0x00 },
  { 0x08, 0x7F, 0x6B, 0x7B, 0x6B, 0x79, 0x08, 0x00 },
  { 0x08, 0x7F, 0x6B, 0x7B, 0x4B, 0x39, 0x48, 0x00 },
  { 0x08, 0x4F, 0x4B, 0x3B, 0x4B, 0x49, 0x08, 0x00 },
  { 0x08, 0x4F, 0x2B, 0x5B, 0x2B, 0x49, 0x08, 0x00 }, // '퉀'
  { 0x04, 0x27, 0x57, 0x5F, 0x57, 0x25, 0x04, 0x00 },
  { 0x04, 0x57, 0x37, 0x1F, 0x37, 0x55, 0x04, 0x00 },
  { 0x04, 0x27, 0x67, 0x3F, 0x67, 0x25, 0x04, 0x00 },
  { 0x04, 0x17, 0x37, 0x3F, 0x37, 0x75, 0x04, 0x00 },
  { 0x04, 0x77, 0x77, 0x7F, 0x77, 0x55, 0x04, 0x00 },
  { 0x04, 0x57, 0x77, 0x5F, 0x77, 0x55, 0x04, 0x00 },
  { 0x04, 0x27, 0x67, 0x5F, 0x67, 0x25, 0x04, 0x00 },
  { 0x00, 0x1F, 0x1B, 0x7B, 0x19, 0x20, 0x7F, 0x00 },
  { 0x00, 0x08, 0x2F, 0x3B, 0x29, 0x30, 0x7F, 0x00 },
  { 0x00, 0x08, 0x2F, 0x3B, 0x69, 0x30, 0x7F, 0x00 },
  { 0x08, 0x2F, 0x3B, 0x69, 0x50, 0x3F, 0x40, 0x00 },
  { 0x00, 0x08, 0x6F, 0x5B, 0x49, 0x50, 0x5F, 0x00 },
  { 0x00, 0x04, 0x77, 0x4F, 0x55, 0x38, 0x5F, 0x00 },
  { 0x04, 0x77, 0x4F, 0x45, 0x28, 0x5F, 0x20, 0x00 },
  { 0x00, 0x04, 0x77, 0x5F, 0x55, 0x58, 0x5F, 0x00 },
  { 0x00, 0x04, 0x17, 0x5F, 0x75, 0x58, 0x4F, 0x00 }, // '퉐'
  { 0x00, 0x04, 0x57, 0x7F, 0x55, 0x18, 0x7F, 0x00 },
  { 0x00, 0x04, 0x57, 0x7F, 0x75, 0x58, 0x7F, 0x00 },
  { 0x00, 0x04, 0x57, 0x7F, 0x55, 0x68, 0x7F, 0x00 },
  { 0x04, 0x57, 0x7F, 0x55, 0x48, 0x3F, 0x40, 0x00 },
  { 0x04, 0x57, 0x7F, 0x55, 0x78, 0x7F, 0x50, 0x00 },
  { 0x04, 0x57, 0x7F, 0x75, 0x58, 0x7F, 0x50, 0x00 },
  { 0x04, 0x57, 0x7F, 0x55, 0x28, 0x5F, 0x20, 0x00 },
  { 0x00, 0x04, 0x77, 0x5F, 0x55, 0x58, 0x7F, 0x00 },
  { 0x00, 0x04, 0x77, 0x6F, 0x65, 0x68, 0x7F, 0x00 },
  { 0x04, 0x77, 0x6F, 0x75, 0x48, 0x3F, 0x40, 0x00 },
  { 0x00, 0x08, 0x4F, 0x5B, 0x29, 0x50, 0x5F, 0x00 },
  { 0x00, 0x08, 0x5F, 0x2B, 0x49, 0x30, 0x5F, 0x00 },
  { 0x00, 0x04, 0x27, 0x5F, 0x55, 0x58, 0x2F, 0x00 },
  { 0x00, 0x04, 0x57, 0x3F, 0x15, 0x38, 0x5F, 0x00 },
  { 0x00, 0x04, 0x27, 0x6F, 0x35, 0x68, 0x2F, 0x00 },
  { 0x00, 0x04, 0x17, 0x3F, 0x35, 0x38, 0x7F, 0x00 }, // '퉠'
  { 0x00, 0x04, 0x77, 0x7F, 0x75, 0x78, 0x5F, 0x00 },
  { 0x00, 0x04, 0x57, 0x7F, 0x55, 0x78, 0x5F, 0x00 },
  { 0x00, 0x04, 0x27, 0x6F, 0x55, 0x68, 0x2F, 0x00 },
  { 0x17, 0x77, 0x15, 0x20, 0x7F, 0x00, 0x7F, 0x00 },
  { 0x0F, 0x3B, 0x29, 0x30, 0x3F, 0x20, 0x7F, 0x00 },
  { 0x0F, 0x3B, 0x29, 0x70, 0x3F, 0x20, 0x7F, 0x00 },
  { 0x0F, 0x3B, 0x29, 0x70, 0x5F, 0x20, 0x5F, 0x00 },
  { 0x07, 0x6F, 0x45, 0x48, 0x5F, 0x40, 0x5F, 0x00 },
  { 0x07, 0x6F, 0x45, 0x48, 0x5F, 0x30, 0x5F, 0x00 },
  { 0x07, 0x6F, 0x45, 0x48, 0x2F, 0x50, 0x2F, 0x00 },
  { 0x07, 0x7F, 0x55, 0x58, 0x5F, 0x50, 0x5F, 0x00 },
  { 0x07, 0x1F, 0x55, 0x78, 0x7F, 0x50, 0x4F, 0x00 },
  { 0x07, 0x5F, 0x75, 0x58, 0x1F, 0x10, 0x7F, 0x00 },
  { 0x07, 0x5F, 0x75, 0x58, 0x7F, 0x50, 0x7F, 0x00 },
  { 0x07, 0x5F, 0x75, 0x58, 0x7F, 0x60, 0x7F, 0x00 },
  { 0x07, 0x5F, 0x75, 0x58, 0x4F, 0x30, 0x4F, 0x00 }, // '퉰'
  { 0x07, 0x5F, 0x75, 0x58, 0x7F, 0x70, 0x5F, 0x00 },
  { 0x07, 0x5F, 0x75, 0x78, 0x5F, 0x70, 0x5F, 0x00 },
  { 0x07, 0x5F, 0x75, 0x58, 0x2F, 0x50, 0x2F, 0x00 },
  { 0x07, 0x7F, 0x55, 0x58, 0x5F, 0x50, 0x7F, 0x00 },
  { 0x07, 0x7F, 0x65, 0x68, 0x6F, 0x60, 0x7F, 0x00 },
  { 0x07, 0x7F, 0x65, 0x78, 0x4F, 0x30, 0x4F, 0x00 },
  { 0x0F, 0x5B, 0x49, 0x30, 0x5F, 0x40, 0x1F, 0x00 },
  { 0x0F, 0x5B, 0x29, 0x50, 0x3F, 0x40, 0x1F, 0x00 },
  { 0x07, 0x2F, 0x55, 0x58, 0x5F, 0x50, 0x2F, 0x00 },
  { 0x07, 0x5F, 0x55, 0x38, 0x3F, 0x50, 0x5F, 0x00 },
  { 0x07, 0x2F, 0x65, 0x38, 0x2F, 0x60, 0x2F, 0x00 },
  { 0x07, 0x1F, 0x35, 0x38, 0x3F, 0x30, 0x7F, 0x00 },
  { 0x07, 0x7F, 0x75, 0x78, 0x7F, 0x70, 0x5F, 0x00 },
  { 0x07, 0x5F, 0x75, 0x58, 0x5F, 0x70, 0x5F, 0x00 },
  { 0x07, 0x2F, 0x65, 0x58, 0x6F, 0x60, 0x2F, 0x00 },
  { 0x00, 0x2F, 0x2B, 0x6B, 0x29, 0x20, 0x7F, 0x00 }, // '튀'
  { 0x00, 0x08, 0x2F, 0x3B, 0x29, 0x28, 0x6F, 0x00 },
  { 0x00, 0x08, 0x2F, 0x3B, 0x69, 0x28, 0x6F, 0x00 },
  { 0x08, 0x2F, 0x3B, 0x69, 0x48, 0x2F, 0x40, 0x00 },
  { 0x00, 0x08, 0x6F, 0x5B, 0x49, 0x48, 0x5F, 0x00 },
  { 0x00, 0x04, 0x77, 0x4F, 0x55, 0x34, 0x57, 0x00 },
  { 0x04, 0x77, 0x4F, 0x55, 0x34, 0x5F, 0x30, 0x00 },
  { 0x00, 0x04, 0x77, 0x5F, 0x55, 0x54, 0x57, 0x00 },
  { 0x00, 0x04, 0x17, 0x5F, 0x75, 0x54, 0x4F, 0x00 },
  { 0x00, 0x04, 0x57, 0x7F, 0x55, 0x14, 0x77, 0x00 },
  { 0x00, 0x04, 0x57, 0x7F, 0x75, 0x54, 0x77, 0x00 },
  { 0x00, 0x04, 0x57, 0x7F, 0x55, 0x64, 0x77, 0x00 },
  { 0x04, 0x57, 0x7F, 0x55, 0x44, 0x37, 0x40, 0x00 },
  { 0x04, 0x57, 0x7F, 0x55, 0x74, 0x77, 0x50, 0x00 },
  { 0x04, 0x57, 0x7F, 0x75, 0x54, 0x77, 0x50, 0x00 },
  { 0x04, 0x57, 0x7F, 0x55, 0x34, 0x5F, 0x30, 0x00 },
  { 0x00, 0x04, 0x77, 0x5F, 0x55, 0x54, 0x77, 0x00 }, // '튐'
  { 0x00, 0x04, 0x77, 0x6F, 0x65, 0x64, 0x77, 0x00 },
  { 0x04, 0x77, 0x6F, 0x75, 0x44, 0x37, 0x40, 0x00 },
  { 0x00, 0x08, 0x4F, 0x5B, 0x29, 0x48, 0x5F, 0x00 },
  { 0x00, 0x08, 0x5F, 0x2B, 0x49, 0x28, 0x5F, 0x00 },
  { 0x00, 0x04, 0x27, 0x5F, 0x55, 0x54, 0x2F, 0x00 },
  { 0x00, 0x04, 0x57, 0x3F, 0x15, 0x34, 0x57, 0x00 },
  { 0x00, 0x04, 0x27, 0x6F, 0x35, 0x64, 0x2F, 0x00 },
  { 0x00, 0x04, 0x17, 0x3F, 0x35, 0x34, 0x77, 0x00 },
  { 0x00, 0x04, 0x77, 0x7F, 0x75, 0x74, 0x57, 0x00 },
  { 0x00, 0x04, 0x57, 0x7F, 0x55, 0x74, 0x57, 0x00 },
  { 0x00, 0x04, 0x27, 0x6F, 0x55, 0x64, 0x2F, 0x00 },
  { 0x20, 0x2F, 0x6B, 0x2B, 0x6B, 0x29, 0x20, 0x00 },
  { 0x08, 0x2F, 0x3B, 0x2B, 0x3B, 0x69, 0x08, 0x00 },
  { 0x08, 0x2F, 0x3B, 0x6B, 0x3B, 0x69, 0x08, 0x00 },
  { 0x08, 0x2F, 0x3B, 0x6B, 0x5B, 0x29, 0x48, 0x00 },
  { 0x08, 0x6F, 0x5B, 0x4B, 0x5B, 0x49, 0x08, 0x00 }, // '튠'
  { 0x04, 0x77, 0x4F, 0x57, 0x3F, 0x55, 0x04, 0x00 },
  { 0x04, 0x77, 0x4F, 0x57, 0x3F, 0x55, 0x34, 0x00 },
  { 0x04, 0x77, 0x5F, 0x57, 0x5F, 0x55, 0x04, 0x00 },
  { 0x04, 0x17, 0x5F, 0x77, 0x5F, 0x45, 0x04, 0x00 },
  { 0x04, 0x57, 0x7F, 0x57, 0x1F, 0x75, 0x04, 0x00 },
  { 0x04, 0x57, 0x7F, 0x77, 0x5F, 0x75, 0x04, 0x00 },
  { 0x04, 0x57, 0x7F, 0x57, 0x6F, 0x75, 0x04, 0x00 },
  { 0x04, 0x57, 0x7F, 0x57, 0x4F, 0x35, 0x44, 0x00 },
  { 0x04, 0x57, 0x7F, 0x57, 0x7F, 0x75, 0x54, 0x00 },
  { 0x04, 0x57, 0x7F, 0x77, 0x5F, 0x75, 0x54, 0x00 },
  { 0x04, 0x57, 0x7F, 0x57, 0x3F, 0x55, 0x34, 0x00 },
  { 0x08, 0x6F, 0x7B, 0x6B, 0x7B, 0x69, 0x08, 0x00 },
  { 0x04, 0x77, 0x6F, 0x67, 0x6F, 0x75, 0x04, 0x00 },
  { 0x04, 0x77, 0x6F, 0x77, 0x4F, 0x35, 0x44, 0x00 },
  { 0x08, 0x4F, 0x5B, 0x2B, 0x5B, 0x49, 0x08, 0x00 },
  { 0x08, 0x4F, 0x3B, 0x4B, 0x3B, 0x49, 0x08, 0x00 }, // '튰'
  { 0x04, 0x27, 0x5F, 0x57, 0x5F, 0x25, 0x04, 0x00 },
  { 0x04, 0x57, 0x3F, 0x17, 0x3F, 0x55, 0x04, 0x00 },
  { 0x04, 0x27, 0x6F, 0x37, 0x6F, 0x25, 0x04, 0x00 },
  { 0x04, 0x17, 0x3F, 0x37, 0x3F, 0x75, 0x04, 0x00 },
  { 0x04, 0x77, 0x7F, 0x77, 0x7F, 0x55, 0x04, 0x00 },
  { 0x04, 0x57, 0x7F, 0x57, 0x7F, 0x55, 0x04, 0x00 },
  { 0x04, 0x27, 0x6F, 0x57, 0x6F, 0x25, 0x04, 0x00 },
  { 0x20, 0x2F, 0x2B, 0x2B, 0x2B, 0x29, 0x20, 0x00 },
  { 0x08, 0x2F, 0x2B, 0x2B, 0x2B, 0x69, 0x08, 0x00 },
  { 0x08, 0x2F, 0x2B, 0x6B, 0x2B, 0x69, 0x08, 0x00 },
  { 0x08, 0x2F, 0x2B, 0x6B, 0x4B, 0x29, 0x48, 0x00 },
  { 0x08, 0x6F, 0x4B, 0x4B, 0x4B, 0x49, 0x08, 0x00 },
  { 0x08, 0x6F, 0x4B, 0x5B, 0x3B, 0x59, 0x08, 0x00 },
  { 0x08, 0x6F, 0x4B, 0x4B, 0x2B, 0x59, 0x28, 0x00 },
  { 0x08, 0x7F, 0x5B, 0x5B, 0x5B, 0x59, 0x08, 0x00 },
  { 0x08, 0x6F, 0x6B, 0x5B, 0x5B, 0x59, 0x08, 0x00 }, // '틀'
  { 0x08, 0x6F, 0x5B, 0x5B, 0x1B, 0x79, 0x08, 0x00 },
  { 0x08, 0x6F, 0x5B, 0x7B, 0x5B, 0x79, 0x08, 0x00 },
  { 0x08, 0x6F, 0x5B, 0x7B, 0x6B, 0x79, 0x08, 0x00 },
  { 0x08, 0x6F, 0x5B, 0x5B, 0x4B, 0x39, 0x48, 0x00 },
  { 0x08, 0x6F, 0x5B, 0x7B, 0x7B, 0x59, 0x08, 0x00 },
  { 0x08, 0x6F, 0x5B, 0x7B, 0x5B, 0x79, 0x58, 0x00 },
  { 0x08, 0x6F, 0x5B, 0x5B, 0x2B, 0x59, 0x28, 0x00 },
  { 0x08, 0x7F, 0x5B, 0x5B, 0x5B, 0x79, 0x08, 0x00 },
  { 0x08, 0x7F, 0x6B, 0x6B, 0x6B, 0x79, 0x08, 0x00 },
  { 0x08, 0x7F, 0x6B, 0x7B, 0x4B, 0x39, 0x48, 0x00 },
  { 0x08, 0x4F, 0x2B, 0x1B, 0x2B, 0x49, 0x08, 0x00 },
  { 0x08, 0x4F, 0x3B, 0x4B, 0x3B, 0x49, 0x08, 0x00 },
  { 0x08, 0x2F, 0x5B, 0x5B, 0x5B, 0x29, 0x08, 0x00 },
  { 0x08, 0x5F, 0x3B, 0x1B, 0x3B, 0x59, 0x08, 0x00 },
  { 0x08, 0x2F, 0x6B, 0x3B, 0x6B, 0x29, 0x08, 0x00 },
  { 0x08, 0x1F, 0x3B, 0x3B, 0x3B, 0x79, 0x08, 0x00 }, // '틐'
  { 0x08, 0x7F, 0x5B, 0x5B, 0x5B, 0x49, 0x08, 0x00 },
  { 0x08, 0x5F, 0x7B, 0x5B, 0x7B, 0x59, 0x08, 0x00 },
  { 0x08, 0x2F, 0x6B, 0x5B, 0x6B, 0x29, 0x08, 0x00 },
  { 0x00, 0x2F, 0x2B, 0x2B, 0x29, 0x20, 0x7F, 0x00 },
  { 0x00, 0x08, 0x2F, 0x2B, 0x29, 0x28, 0x6F, 0x00 },
  { 0x00, 0x08, 0x2F, 0x2B, 0x69, 0x28, 0x6F, 0x00 },
  { 0x08, 0x2F, 0x2B, 0x69, 0x48, 0x2F, 0x40, 0x00 },
  { 0x00, 0x08, 0x6F, 0x4B, 0x49, 0x48, 0x5F, 0x00 },
  { 0x00, 0x08, 0x6F, 0x4B, 0x59, 0x38, 0x5F, 0x00 },
  { 0x08, 0x6F, 0x4B, 0x49, 0x28, 0x5F, 0x20, 0x00 },
  { 0x00, 0x08, 0x7F, 0x5B, 0x59, 0x58, 0x5F, 0x00 },
  { 0x00, 0x08, 0x6F, 0x6B, 0x59, 0x58, 0x5F, 0x00 },
  { 0x00, 0x08, 0x6F, 0x5B, 0x59, 0x18, 0x7F, 0x00 },
  { 0x00, 0x08, 0x6F, 0x5B, 0x79, 0x58, 0x7F, 0x00 },
  { 0x00, 0x08, 0x6F, 0x5B, 0x79, 0x68, 0x7F, 0x00 },
  { 0x08, 0x6F, 0x5B, 0x59, 0x48, 0x3F, 0x40, 0x00 }, // '틠'
  { 0x00, 0x08, 0x6F, 0x5B, 0x79, 0x78, 0x5F, 0x00 },
  { 0x08, 0x6F, 0x5B, 0x79, 0x58, 0x7F, 0x50, 0x00 },
  { 0x08, 0x6F, 0x5B, 0x59, 0x28, 0x5F, 0x20, 0x00 },
  { 0x00, 0x08, 0x7F, 0x5B, 0x59, 0x58, 0x7F, 0x00 },
  { 0x00, 0x08, 0x7F, 0x6B, 0x69, 0x68, 0x7F, 0x00 },
  { 0x08, 0x7F, 0x6B, 0x79, 0x48, 0x3F, 0x40, 0x00 },
  { 0x00, 0x08, 0x4F, 0x2B, 0x19, 0x28, 0x4F, 0x00 },
  { 0x00, 0x08, 0x4F, 0x3B, 0x49, 0x38, 0x4F, 0x00 },
  { 0x00, 0x08, 0x2F, 0x5B, 0x59, 0x58, 0x2F, 0x00 },
  { 0x00, 0x08, 0x5F, 0x3B, 0x19, 0x38, 0x5F, 0x00 },
  { 0x00, 0x08, 0x2F, 0x6B, 0x39, 0x68, 0x2F, 0x00 },
  { 0x00, 0x08, 0x1F, 0x3B, 0x39, 0x38, 0x7F, 0x00 },
  { 0x00, 0x08, 0x7F, 0x5B, 0x59, 0x58, 0x4F, 0x00 },
  { 0x00, 0x08, 0x5F, 0x7B, 0x59, 0x78, 0x5F, 0x00 },
  { 0x00, 0x08, 0x2F, 0x6B, 0x59, 0x68, 0x2F, 0x00 },
  { 0x00, 0x3F, 0x25, 0x25, 0x25, 0x00, 0x7F, 0x00 }, // '티'
  { 0x00, 0x0F, 0x2B, 0x2B, 0x29, 0x20, 0x6F, 0x00 },
  { 0x00, 0x0F, 0x2B, 0x2B, 0x69, 0x20, 0x6F, 0x00 },
  { 0x0F, 0x2B, 0x2B, 0x69, 0x40, 0x2F, 0x40, 0x00 },
  { 0x00, 0x0F, 0x6B, 0x4B, 0x49, 0x40, 0x5F, 0x00 },
  { 0x00, 0x0F, 0x6B, 0x4B, 0x59, 0x30, 0x5F, 0x00 },
  { 0x0F, 0x6B, 0x4B, 0x59, 0x30, 0x5F, 0x30, 0x00 },
  { 0x00, 0x0F, 0x7B, 0x5B, 0x59, 0x50, 0x5F, 0x00 },
  { 0x00, 0x0F, 0x6B, 0x6B, 0x59, 0x58, 0x5F, 0x00 },
  { 0x00, 0x0F, 0x6B, 0x5B, 0x59, 0x10, 0x7F, 0x00 },
  { 0x00, 0x0F, 0x6B, 0x5B, 0x79, 0x50, 0x7F, 0x00 },
  { 0x00, 0x0F, 0x6B, 0x5B, 0x79, 0x60, 0x7F, 0x00 },
  { 0x0F, 0x6B, 0x5B, 0x59, 0x40, 0x37, 0x40, 0x00 },
  { 0x00, 0x0F, 0x6B, 0x5B, 0x79, 0x70, 0x5F, 0x00 },
  { 0x0F, 0x6B, 0x5B, 0x79, 0x50, 0x7F, 0x50, 0x00 },
  { 0x0F, 0x6B, 0x5B, 0x59, 0x30, 0x5F, 0x30, 0x00 },
  { 0x00, 0x0F, 0x7B, 0x5B, 0x59, 0x50, 0x7F, 0x00 }, // '팀'
  { 0x00, 0x0F, 0x7B, 0x6B, 0x69, 0x60, 0x7F, 0x00 },
  { 0x0F, 0x7B, 0x6B, 0x79, 0x40, 0x37, 0x40, 0x00 },
  { 0x00, 0x0F, 0x4B, 0x2B, 0x19, 0x20, 0x4F, 0x00 },
  { 0x00, 0x0F, 0x4B, 0x3B, 0x49, 0x30, 0x4F, 0x00 },
  { 0x00, 0x0F, 0x2B, 0x5B, 0x59, 0x50, 0x2F, 0x00 },
  { 0x00, 0x0F, 0x5B, 0x3B, 0x19, 0x30, 0x5F, 0x00 },
  { 0x00, 0x0F, 0x2B, 0x6B, 0x39, 0x60, 0x2F, 0x00 },
  { 0x00, 0x0F, 0x1B, 0x3B, 0x39, 0x30, 0x7F, 0x00 },
  { 0x00, 0x0F, 0x7B, 0x5B, 0x59, 0x58, 0x4F, 0x00 },
  { 0x00, 0x0F, 0x5B, 0x7B, 0x59, 0x70, 0x5F, 0x00 },
  { 0x00, 0x0F, 0x2B, 0x6B, 0x59, 0x60, 0x2F, 0x00 },
  { 0x21, 0x3F, 0x3F, 0x21, 0x00, 0x7F, 0x08, 0x00 },
  { 0x09, 0x2F, 0x2F, 0x29, 0x20, 0x6F, 0x02, 0x00 },
  { 0x09, 0x2F, 0x2F, 0x69, 0x20, 0x6F, 0x02, 0x00 },
  { 0x09, 0x2F, 0x2F, 0x69, 0x40, 0x2F, 0x42, 0x00 },
  { 0x09, 0x6F, 0x4F, 0x49, 0x40, 0x5F, 0x04, 0x00 }, // '판'
  { 0x05, 0x77, 0x47, 0x55, 0x30, 0x57, 0x02, 0x00 },
  { 0x05, 0x77, 0x47, 0x55, 0x30, 0x5F, 0x32, 0x00 },
  { 0x05, 0x77, 0x57, 0x55, 0x50, 0x57, 0x02, 0x00 },
  { 0x05, 0x6F, 0x6F, 0x5D, 0x58, 0x5F, 0x02, 0x00 },
  { 0x05, 0x6F, 0x5F, 0x5D, 0x08, 0x7F, 0x02, 0x00 },
  { 0x05, 0x6F, 0x5F, 0x7D, 0x48, 0x7F, 0x02, 0x00 },
  { 0x05, 0x6F, 0x5F, 0x7D, 0x50, 0x7F, 0x02, 0x00 },
  { 0x05, 0x6F, 0x5F, 0x5D, 0x40, 0x37, 0x42, 0x00 },
  { 0x05, 0x6F, 0x5F, 0x7D, 0x58, 0x4F, 0x02, 0x00 },
  { 0x05, 0x6F, 0x5F, 0x7D, 0x48, 0x7F, 0x4A, 0x00 },
  { 0x05, 0x6F, 0x5F, 0x5D, 0x30, 0x5F, 0x32, 0x00 },
  { 0x05, 0x77, 0x57, 0x55, 0x50, 0x77, 0x02, 0x00 },
  { 0x09, 0x7F, 0x6F, 0x69, 0x60, 0x7F, 0x02, 0x00 },
  { 0x09, 0x7F, 0x6F, 0x79, 0x40, 0x37, 0x42, 0x00 },
  { 0x09, 0x4F, 0x2F, 0x19, 0x20, 0x4F, 0x02, 0x00 },
  { 0x09, 0x4F, 0x3F, 0x49, 0x30, 0x4F, 0x02, 0x00 }, // '팠'
  { 0x05, 0x27, 0x57, 0x55, 0x50, 0x27, 0x02, 0x00 },
  { 0x05, 0x57, 0x37, 0x15, 0x30, 0x57, 0x02, 0x00 },
  { 0x05, 0x57, 0x37, 0x1D, 0x30, 0x57, 0x02, 0x00 },
  { 0x05, 0x17, 0x37, 0x35, 0x30, 0x77, 0x02, 0x00 },
  { 0x05, 0x7F, 0x5F, 0x5D, 0x58, 0x4F, 0x02, 0x00 },
  { 0x05, 0x57, 0x77, 0x55, 0x70, 0x57, 0x02, 0x00 },
  { 0x05, 0x17, 0x37, 0x5D, 0x30, 0x17, 0x02, 0x00 },
  { 0x21, 0x3F, 0x3F, 0x21, 0x7F, 0x08, 0x7F, 0x00 },
  { 0x09, 0x2F, 0x2F, 0x29, 0x2F, 0x22, 0x6F, 0x00 },
  { 0x09, 0x2F, 0x2F, 0x69, 0x2F, 0x22, 0x6F, 0x00 },
  { 0x09, 0x2F, 0x2F, 0x69, 0x4F, 0x22, 0x4F, 0x00 },
  { 0x09, 0x6F, 0x4F, 0x49, 0x5F, 0x44, 0x5F, 0x00 },
  { 0x09, 0x6F, 0x4F, 0x49, 0x57, 0x32, 0x57, 0x00 },
  { 0x09, 0x6F, 0x4F, 0x49, 0x37, 0x5A, 0x37, 0x00 },
  { 0x05, 0x77, 0x57, 0x55, 0x57, 0x52, 0x57, 0x00 },
  { 0x05, 0x6F, 0x6F, 0x5D, 0x5F, 0x5A, 0x5F, 0x00 }, // '팰'
  { 0x05, 0x6F, 0x5F, 0x5D, 0x0F, 0x0A, 0x7F, 0x00 },
  { 0x05, 0x6F, 0x5F, 0x5D, 0x7F, 0x4A, 0x7F, 0x00 },
  { 0x05, 0x6F, 0x5F, 0x5D, 0x7F, 0x52, 0x7F, 0x00 },
  { 0x05, 0x6F, 0x5F, 0x5D, 0x67, 0x1A, 0x67, 0x00 },
  { 0x05, 0x6F, 0x5F, 0x5D, 0x7F, 0x5A, 0x4F, 0x00 },
  { 0x05, 0x6F, 0x5F, 0x7D, 0x4F, 0x7A, 0x4F, 0x00 },
  { 0x05, 0x6F, 0x5F, 0x5D, 0x37, 0x5A, 0x37, 0x00 },
  { 0x05, 0x77, 0x57, 0x55, 0x57, 0x52, 0x77, 0x00 },
  { 0x09, 0x7F, 0x6F, 0x69, 0x6F, 0x62, 0x7F, 0x00 },
  { 0x09, 0x7F, 0x6F, 0x79, 0x4F, 0x32, 0x4F, 0x00 },
  { 0x09, 0x4F, 0x2F, 0x19, 0x2F, 0x42, 0x0F, 0x00 },
  { 0x09, 0x4F, 0x3F, 0x49, 0x3F, 0x42, 0x0F, 0x00 },
  { 0x05, 0x27, 0x57, 0x55, 0x57, 0x52, 0x27, 0x00 },
  { 0x05, 0x57, 0x57, 0x35, 0x37, 0x52, 0x57, 0x00 },
  { 0x05, 0x57, 0x57, 0x3D, 0x37, 0x52, 0x57, 0x00 },
  { 0x05, 0x17, 0x37, 0x35, 0x37, 0x32, 0x77, 0x00 }, // '퍀'
  { 0x05, 0x7F, 0x5F, 0x5D, 0x5F, 0x5A, 0x4F, 0x00 },
  { 0x05, 0x57, 0x77, 0x55, 0x57, 0x72, 0x57, 0x00 },
  { 0x05, 0x17, 0x37, 0x5D, 0x57, 0x32, 0x17, 0x00 },
  { 0x21, 0x3F, 0x3F, 0x21, 0x00, 0x7F, 0x12, 0x00 },
  { 0x09, 0x2F, 0x2F, 0x29, 0x20, 0x7F, 0x0A, 0x00 },
  { 0x09, 0x2F, 0x2F, 0x69, 0x20, 0x7F, 0x0A, 0x00 },
  { 0x09, 0x2F, 0x2F, 0x69, 0x40, 0x3F, 0x4A, 0x00 },
  { 0x09, 0x6F, 0x4F, 0x49, 0x40, 0x5F, 0x0A, 0x00 },
  { 0x05, 0x77, 0x47, 0x55, 0x30, 0x5F, 0x05, 0x00 },
  { 0x05, 0x77, 0x47, 0x55, 0x30, 0x5F, 0x35, 0x00 },
  { 0x05, 0x77, 0x57, 0x55, 0x50, 0x5F, 0x05, 0x00 },
  { 0x05, 0x6F, 0x6F, 0x5D, 0x58, 0x5F, 0x05, 0x00 },
  { 0x05, 0x6F, 0x5F, 0x5D, 0x08, 0x7F, 0x05, 0x00 },
  { 0x05, 0x6F, 0x5F, 0x7D, 0x48, 0x7F, 0x05, 0x00 },
  { 0x05, 0x6F, 0x5F, 0x7D, 0x50, 0x7F, 0x05, 0x00 },
  { 0x05, 0x6F, 0x5F, 0x5D, 0x40, 0x3F, 0x45, 0x00 }, // '퍐'
  { 0x05, 0x6F, 0x5F, 0x7D, 0x58, 0x4F, 0x05, 0x00 },
  { 0x05, 0x6F, 0x5F, 0x7D, 0x50, 0x7F, 0x55, 0x00 },
  { 0x05, 0x6F, 0x5F, 0x5D, 0x30, 0x5F, 0x35, 0x00 },
  { 0x05, 0x77, 0x57, 0x55, 0x50, 0x7F, 0x05, 0x00 },
  { 0x09, 0x7F, 0x6F, 0x69, 0x60, 0x7F, 0x0A, 0x00 },
  { 0x09, 0x7F, 0x6F, 0x79, 0x40, 0x3F, 0x4A, 0x00 },
  { 0x09, 0x4F, 0x2F, 0x19, 0x20, 0x5F, 0x0A, 0x00 },
  { 0x09, 0x4F, 0x3F, 0x49, 0x30, 0x4F, 0x0A, 0x00 },
  { 0x05, 0x27, 0x57, 0x55, 0x50, 0x2F, 0x05, 0x00 },
  { 0x05, 0x57, 0x37, 0x15, 0x30, 0x5F, 0x05, 0x00 },
  { 0x05, 0x57, 0x37, 0x1D, 0x30, 0x5F, 0x05, 0x00 },
  { 0x05, 0x17, 0x37, 0x35, 0x30, 0x7F, 0x05, 0x00 },
  { 0x05, 0x7F, 0x5F, 0x5D, 0x58, 0x4F, 0x05, 0x00 },
  { 0x05, 0x57, 0x77, 0x55, 0x70, 0x5F, 0x05, 0x00 },
  { 0x05, 0x17, 0x37, 0x5D, 0x30, 0x1F, 0x05, 0x00 },
  { 0x21, 0x3F, 0x3F, 0x21, 0x7F, 0x12, 0x7F, 0x00 }, // '퍠'
  { 0x09, 0x2F, 0x2F, 0x29, 0x3F, 0x2A, 0x7F, 0x00 },
  { 0x09, 0x2F, 0x2F, 0x69, 0x3F, 0x2A, 0x7F, 0x00 },
  { 0x09, 0x2F, 0x2F, 0x69, 0x5F, 0x2A, 0x5F, 0x00 },
  { 0x09, 0x6F, 0x4F, 0x49, 0x5F, 0x4A, 0x5F, 0x00 },
  { 0x09, 0x6F, 0x4F, 0x49, 0x5F, 0x35, 0x5F, 0x00 },
  { 0x09, 0x6F, 0x4F, 0x49, 0x2F, 0x55, 0x2F, 0x00 },
  { 0x05, 0x77, 0x57, 0x55, 0x5F, 0x55, 0x5F, 0x00 },
  { 0x05, 0x6F, 0x6F, 0x5D, 0x5F, 0x55, 0x5F, 0x00 },
  { 0x05, 0x6F, 0x5F, 0x5D, 0x1F, 0x15, 0x7F, 0x00 },
  { 0x05, 0x6F, 0x5F, 0x5D, 0x7F, 0x55, 0x7F, 0x00 },
  { 0x05, 0x6F, 0x5F, 0x5D, 0x7F, 0x65, 0x7F, 0x00 },
  { 0x05, 0x6F, 0x5F, 0x5D, 0x4F, 0x35, 0x4F, 0x00 },
  { 0x05, 0x6F, 0x5F, 0x5D, 0x7F, 0x75, 0x5F, 0x00 },
  { 0x05, 0x6F, 0x5F, 0x7D, 0x5F, 0x75, 0x5F, 0x00 },
  { 0x05, 0x6F, 0x5F, 0x5D, 0x2F, 0x55, 0x2F, 0x00 },
  { 0x05, 0x77, 0x57, 0x55, 0x5F, 0x55, 0x7F, 0x00 }, // '퍰'
  { 0x09, 0x7F, 0x6F, 0x69, 0x6F, 0x6A, 0x7F, 0x00 },
  { 0x09, 0x7F, 0x6F, 0x79, 0x4F, 0x35, 0x4F, 0x00 },
  { 0x09, 0x4F, 0x2F, 0x19, 0x2F, 0x4A, 0x0F, 0x00 },
  { 0x09, 0x4F, 0x3F, 0x49, 0x3F, 0x4A, 0x0F, 0x00 },
  { 0x05, 0x27, 0x57, 0x55, 0x5F, 0x55, 0x2F, 0x00 },
  { 0x05, 0x57, 0x57, 0x35, 0x3F, 0x55, 0x5F, 0x00 },
  { 0x05, 0x57, 0x57, 0x3D, 0x3F, 0x55, 0x5F, 0x00 },
  { 0x05, 0x17, 0x37, 0x35, 0x3F, 0x35, 0x7F, 0x00 },
  { 0x05, 0x7F, 0x5F, 0x5D, 0x5F, 0x55, 0x4F, 0x00 },
  { 0x05, 0x57, 0x77, 0x55, 0x5F, 0x75, 0x5F, 0x00 },
  { 0x05, 0x17, 0x37, 0x5D, 0x5F, 0x35, 0x1F, 0x00 },
  { 0x00, 0x21, 0x3F, 0x3F, 0x21, 0x04, 0x7F, 0x00 },
  { 0x00, 0x09, 0x2F, 0x2F, 0x29, 0x22, 0x6F, 0x00 },
  { 0x00, 0x09, 0x2F, 0x2F, 0x69, 0x22, 0x6F, 0x00 },
  { 0x09, 0x2F, 0x2F, 0x69, 0x42, 0x2F, 0x40, 0x00 },
  { 0x00, 0x09, 0x6F, 0x4F, 0x49, 0x42, 0x5F, 0x00 }, // '펀'
  { 0x00, 0x09, 0x6F, 0x4F, 0x59, 0x32, 0x5F, 0x00 },
  { 0x09, 0x6F, 0x4F, 0x49, 0x32, 0x5F, 0x30, 0x00 },
  { 0x00, 0x05, 0x77, 0x57, 0x55, 0x52, 0x57, 0x00 },
  { 0x00, 0x05, 0x6F, 0x6F, 0x5D, 0x5A, 0x5F, 0x00 },
  { 0x00, 0x05, 0x6F, 0x5F, 0x5D, 0x0A, 0x7F, 0x00 },
  { 0x00, 0x05, 0x6F, 0x5F, 0x7D, 0x4A, 0x7F, 0x00 },
  { 0x00, 0x05, 0x6F, 0x5F, 0x7D, 0x52, 0x7F, 0x00 },
  { 0x05, 0x6F, 0x5F, 0x5D, 0x42, 0x37, 0x40, 0x00 },
  { 0x00, 0x05, 0x6F, 0x5F, 0x7D, 0x5A, 0x4F, 0x00 },
  { 0x05, 0x6F, 0x5F, 0x7D, 0x4A, 0x7F, 0x48, 0x00 },
  { 0x05, 0x6F, 0x5F, 0x5D, 0x32, 0x5F, 0x30, 0x00 },
  { 0x00, 0x05, 0x77, 0x57, 0x55, 0x52, 0x77, 0x00 },
  { 0x00, 0x09, 0x7F, 0x6F, 0x69, 0x62, 0x7F, 0x00 },
  { 0x09, 0x7F, 0x6F, 0x79, 0x42, 0x37, 0x40, 0x00 },
  { 0x00, 0x09, 0x4F, 0x2F, 0x19, 0x22, 0x4F, 0x00 },
  { 0x00, 0x09, 0x4F, 0x3F, 0x49, 0x32, 0x4F, 0x00 }, // '펐'
  { 0x00, 0x05, 0x27, 0x57, 0x55, 0x52, 0x27, 0x00 },
  { 0x00, 0x05, 0x57, 0x37, 0x15, 0x32, 0x57, 0x00 },
  { 0x00, 0x05, 0x57, 0x37, 0x1D, 0x32, 0x57, 0x00 },
  { 0x00, 0x05, 0x17, 0x37, 0x35, 0x32, 0x77, 0x00 },
  { 0x00, 0x09, 0x7F, 0x5F, 0x59, 0x5A, 0x4F, 0x00 },
  { 0x00, 0x05, 0x57, 0x77, 0x55, 0x72, 0x57, 0x00 },
  { 0x00, 0x05, 0x17, 0x37, 0x5D, 0x32, 0x17, 0x00 },
  { 0x21, 0x3F, 0x3F, 0x25, 0x7F, 0x00, 0x7F, 0x00 },
  { 0x09, 0x2F, 0x2F, 0x29, 0x22, 0x2F, 0x6F, 0x00 },
  { 0x09, 0x2F, 0x2F, 0x69, 0x22, 0x2F, 0x6F, 0x00 },
  { 0x09, 0x2F, 0x2F, 0x69, 0x42, 0x2F, 0x4F, 0x00 },
  { 0x09, 0x6F, 0x4F, 0x49, 0x42, 0x5F, 0x5F, 0x00 },
  { 0x09, 0x6F, 0x4F, 0x49, 0x52, 0x37, 0x57, 0x00 },
  { 0x09, 0x6F, 0x4F, 0x49, 0x32, 0x5F, 0x37, 0x00 },
  { 0x05, 0x77, 0x57, 0x55, 0x52, 0x57, 0x57, 0x00 },
  { 0x05, 0x6F, 0x6F, 0x5D, 0x5A, 0x5F, 0x5F, 0x00 }, // '펠'
  { 0x05, 0x6F, 0x5F, 0x5D, 0x0A, 0x0F, 0x7F, 0x00 },
  { 0x05, 0x6F, 0x5F, 0x5D, 0x7A, 0x4F, 0x7F, 0x00 },
  { 0x05, 0x6F, 0x5F, 0x5D, 0x7A, 0x57, 0x7F, 0x00 },
  { 0x05, 0x6F, 0x5F, 0x5D, 0x62, 0x1F, 0x67, 0x00 },
  { 0x05, 0x6F, 0x5F, 0x5D, 0x7A, 0x5F, 0x4F, 0x00 },
  { 0x05, 0x6F, 0x5F, 0x7D, 0x4A, 0x7F, 0x4F, 0x00 },
  { 0x05, 0x6F, 0x5F, 0x5D, 0x32, 0x5F, 0x37, 0x00 },
  { 0x05, 0x77, 0x57, 0x55, 0x52, 0x57, 0x77, 0x00 },
  { 0x09, 0x7F, 0x6F, 0x69, 0x62, 0x6F, 0x7F, 0x00 },
  { 0x09, 0x7F, 0x6F, 0x79, 0x42, 0x3F, 0x4F, 0x00 },
  { 0x09, 0x4F, 0x2F, 0x19, 0x22, 0x4F, 0x0F, 0x00 },
  { 0x09, 0x4F, 0x3F, 0x49, 0x32, 0x4F, 0x0F, 0x00 },
  { 0x05, 0x27, 0x57, 0x55, 0x52, 0x57, 0x27, 0x00 },
  { 0x05, 0x57, 0x57, 0x35, 0x32, 0x57, 0x57, 0x00 },
  { 0x05, 0x57, 0x57, 0x3D, 0x32, 0x57, 0x57, 0x00 },
  { 0x05, 0x17, 0x37, 0x35, 0x32, 0x37, 0x77, 0x00 }, // '펰'
  { 0x05, 0x7F, 0x5F, 0x5D, 0x5A, 0x5F, 0x4F, 0x00 },
  { 0x05, 0x57, 0x77, 0x55, 0x52, 0x77, 0x57, 0x00 },
  { 0x05, 0x17, 0x37, 0x5D, 0x52, 0x37, 0x17, 0x00 },
  { 0x00, 0x21, 0x3F, 0x3F, 0x21, 0x0A, 0x7F, 0x00 },
  { 0x00, 0x09, 0x2F, 0x2F, 0x29, 0x26, 0x6F, 0x00 },
  { 0x00, 0x09, 0x2F, 0x2F, 0x69, 0x26, 0x6F, 0x00 },
  { 0x09, 0x2F, 0x2F, 0x69, 0x46, 0x2F, 0x40, 0x00 },
  { 0x00, 0x09, 0x6F, 0x4F, 0x49, 0x46, 0x5F, 0x00 },
  { 0x00, 0x09, 0x6F, 0x4F, 0x59, 0x36, 0x5F, 0x00 },
  { 0x09, 0x6F, 0x4F, 0x49, 0x36, 0x5F, 0x30, 0x00 },
  { 0x00, 0x05, 0x77, 0x57, 0x55, 0x56, 0x5F, 0x00 },
  { 0x00, 0x05, 0x6F, 0x6F, 0x5D, 0x56, 0x5F, 0x00 },
  { 0x00, 0x05, 0x6F, 0x5F, 0x5D, 0x16, 0x7F, 0x00 },
  { 0x00, 0x05, 0x6F, 0x5F, 0x7D, 0x56, 0x7F, 0x00 },
  { 0x00, 0x05, 0x6F, 0x5F, 0x7D, 0x66, 0x7F, 0x00 },
  { 0x05, 0x6F, 0x5F, 0x5D, 0x46, 0x2F, 0x40, 0x00 }, // '폀'
  { 0x00, 0x05, 0x6F, 0x5F, 0x7D, 0x76, 0x5F, 0x00 },
  { 0x05, 0x6F, 0x5F, 0x7D, 0x56, 0x7F, 0x50, 0x00 },
  { 0x05, 0x6F, 0x5F, 0x5D, 0x36, 0x5F, 0x30, 0x00 },
  { 0x00, 0x05, 0x77, 0x57, 0x55, 0x56, 0x7F, 0x00 },
  { 0x00, 0x09, 0x7F, 0x6F, 0x69, 0x66, 0x7F, 0x00 },
  { 0x09, 0x7F, 0x6F, 0x79, 0x46, 0x2F, 0x40, 0x00 },
  { 0x00, 0x09, 0x4F, 0x2F, 0x19, 0x26, 0x4F, 0x00 },
  { 0x00, 0x09, 0x4F, 0x3F, 0x49, 0x36, 0x4F, 0x00 },
  { 0x00, 0x05, 0x27, 0x57, 0x55, 0x56, 0x2F, 0x00 },
  { 0x00, 0x05, 0x57, 0x37, 0x15, 0x36, 0x5F, 0x00 },
  { 0x00, 0x05, 0x57, 0x37, 0x1D, 0x36, 0x5F, 0x00 },
  { 0x00, 0x05, 0x17, 0x37, 0x35, 0x36, 0x7F, 0x00 },
  { 0x00, 0x09, 0x7F, 0x5F, 0x59, 0x56, 0x4F, 0x00 },
  { 0x00, 0x05, 0x57, 0x77, 0x55, 0x76, 0x5F, 0x00 },
  { 0x00, 0x05, 0x17, 0x37, 0x5D, 0x36, 0x1F, 0x00 },
  { 0x21, 0x3F, 0x3F, 0x2D, 0x7F, 0x00, 0x7F, 0x00 }, // '폐'
  { 0x09, 0x2F, 0x2F, 0x29, 0x26, 0x2F, 0x6F, 0x00 },
  { 0x09, 0x2F, 0x2F, 0x69, 0x26, 0x2F, 0x6F, 0x00 },
  { 0x09, 0x2F, 0x2F, 0x69, 0x46, 0x2F, 0x4F, 0x00 },
  { 0x09, 0x6F, 0x4F, 0x49, 0x46, 0x5F, 0x5F, 0x00 },
  { 0x09, 0x6F, 0x4F, 0x49, 0x56, 0x3F, 0x5F, 0x00 },
  { 0x09, 0x6F, 0x4F, 0x49, 0x26, 0x5F, 0x2F, 0x00 },
  { 0x05, 0x77, 0x57, 0x55, 0x56, 0x5F, 0x5F, 0x00 },
  { 0x05, 0x6F, 0x6F, 0x5D, 0x56, 0x5F, 0x5F, 0x00 },
  { 0x05, 0x6F, 0x5F, 0x5D, 0x16, 0x1F, 0x7F, 0x00 },
  { 0x05, 0x6F, 0x5F, 0x5D, 0x76, 0x5F, 0x7F, 0x00 },
  { 0x05, 0x6F, 0x5F, 0x5D, 0x76, 0x6F, 0x7F, 0x00 },
  { 0x05, 0x6F, 0x5F, 0x5D, 0x46, 0x3F, 0x4F, 0x00 },
  { 0x05, 0x6F, 0x5F, 0x5D, 0x76, 0x7F, 0x5F, 0x00 },
  { 0x05, 0x6F, 0x5F, 0x7D, 0x56, 0x7F, 0x5F, 0x00 },
  { 0x05, 0x6F, 0x5F, 0x5D, 0x26, 0x5F, 0x2F, 0x00 },
  { 0x05, 0x77, 0x57, 0x55, 0x56, 0x5F, 0x7F, 0x00 }, // '폠'
  { 0x09, 0x7F, 0x6F, 0x69, 0x66, 0x6F, 0x7F, 0x00 },
  { 0x09, 0x7F, 0x6F, 0x79, 0x46, 0x3F, 0x4F, 0x00 },
  { 0x09, 0x4F, 0x2F, 0x19, 0x26, 0x4F, 0x0F, 0x00 },
  { 0x09, 0x4F, 0x3F, 0x49, 0x36, 0x4F, 0x0F, 0x00 },
  { 0x05, 0x27, 0x57, 0x55, 0x56, 0x5F, 0x2F, 0x00 },
  { 0x05, 0x57, 0x57, 0x35, 0x36, 0x5F, 0x5F, 0x00 },
  { 0x05, 0x57, 0x57, 0x3D, 0x36, 0x5F, 0x5F, 0x00 },
  { 0x05, 0x17, 0x37, 0x35, 0x36, 0x3F, 0x7F, 0x00 },
  { 0x05, 0x7F, 0x5F, 0x5D, 0x56, 0x5F, 0x4F, 0x00 },
  { 0x05, 0x57, 0x77, 0x55, 0x56, 0x7F, 0x5F, 0x00 },
  { 0x05, 0x17, 0x37, 0x5D, 0x56, 0x3F, 0x1F, 0x00 },
  { 0x20, 0x29, 0x2F, 0x39, 0x2F, 0x29, 0x20, 0x00 },
  { 0x10, 0x35, 0x37, 0x3D, 0x37, 0x75, 0x10, 0x00 },
  { 0x10, 0x35, 0x37, 0x7D, 0x37, 0x75, 0x10, 0x00 },
  { 0x10, 0x35, 0x37, 0x7D, 0x57, 0x35, 0x50, 0x00 },
  { 0x10, 0x75, 0x57, 0x5D, 0x57, 0x55, 0x10, 0x00 }, // '폰'
  { 0x08, 0x69, 0x4B, 0x5D, 0x3B, 0x59, 0x08, 0x00 },
  { 0x08, 0x69, 0x4B, 0x4D, 0x2B, 0x59, 0x28, 0x00 },
  { 0x08, 0x79, 0x5B, 0x5D, 0x5B, 0x59, 0x08, 0x00 },
  { 0x08, 0x69, 0x6B, 0x5D, 0x5B, 0x59, 0x08, 0x00 },
  { 0x08, 0x69, 0x5B, 0x5D, 0x1B, 0x79, 0x08, 0x00 },
  { 0x08, 0x69, 0x5B, 0x7D, 0x5B, 0x79, 0x08, 0x00 },
  { 0x08, 0x69, 0x5B, 0x7D, 0x6B, 0x79, 0x08, 0x00 },
  { 0x08, 0x69, 0x5B, 0x5D, 0x4B, 0x39, 0x48, 0x00 },
  { 0x08, 0x69, 0x5B, 0x7D, 0x7B, 0x59, 0x08, 0x00 },
  { 0x08, 0x69, 0x5B, 0x7D, 0x5B, 0x79, 0x58, 0x00 },
  { 0x08, 0x69, 0x5B, 0x5D, 0x2B, 0x59, 0x28, 0x00 },
  { 0x10, 0x75, 0x57, 0x5D, 0x57, 0x75, 0x10, 0x00 },
  { 0x10, 0x75, 0x67, 0x6D, 0x67, 0x75, 0x10, 0x00 },
  { 0x10, 0x75, 0x57, 0x7D, 0x57, 0x35, 0x50, 0x00 },
  { 0x10, 0x55, 0x57, 0x3D, 0x57, 0x55, 0x10, 0x00 },
  { 0x10, 0x55, 0x37, 0x5D, 0x37, 0x55, 0x10, 0x00 }, // '퐀'
  { 0x10, 0x35, 0x57, 0x5D, 0x57, 0x35, 0x10, 0x00 },
  { 0x08, 0x59, 0x3B, 0x1D, 0x3B, 0x59, 0x08, 0x00 },
  { 0x08, 0x29, 0x6B, 0x3D, 0x6B, 0x29, 0x08, 0x00 },
  { 0x08, 0x19, 0x3B, 0x3D, 0x3B, 0x79, 0x08, 0x00 },
  { 0x10, 0x75, 0x77, 0x7D, 0x77, 0x55, 0x10, 0x00 },
  { 0x10, 0x55, 0x77, 0x5D, 0x77, 0x55, 0x10, 0x00 },
  { 0x08, 0x29, 0x6B, 0x5D, 0x6B, 0x29, 0x08, 0x00 },
  { 0x29, 0x2F, 0x3F, 0x29, 0x20, 0x7F, 0x08, 0x00 },
  { 0x15, 0x37, 0x3F, 0x35, 0x30, 0x7F, 0x04, 0x00 },
  { 0x15, 0x37, 0x3F, 0x75, 0x30, 0x7F, 0x04, 0x00 },
  { 0x15, 0x37, 0x3F, 0x75, 0x50, 0x3F, 0x44, 0x00 },
  { 0x15, 0x77, 0x5F, 0x55, 0x50, 0x5F, 0x04, 0x00 },
  { 0x09, 0x6B, 0x4F, 0x59, 0x38, 0x5F, 0x02, 0x00 },
  { 0x09, 0x6B, 0x4F, 0x49, 0x28, 0x5F, 0x22, 0x00 },
  { 0x09, 0x7B, 0x5F, 0x59, 0x58, 0x5F, 0x02, 0x00 },
  { 0x09, 0x6B, 0x6F, 0x59, 0x58, 0x5F, 0x02, 0x00 }, // '퐐'
  { 0x09, 0x6B, 0x5F, 0x59, 0x18, 0x7F, 0x02, 0x00 },
  { 0x09, 0x6B, 0x5F, 0x79, 0x58, 0x7F, 0x02, 0x00 },
  { 0x09, 0x6B, 0x5F, 0x79, 0x68, 0x7F, 0x02, 0x00 },
  { 0x09, 0x6B, 0x5F, 0x59, 0x48, 0x3F, 0x42, 0x00 },
  { 0x09, 0x6B, 0x5F, 0x79, 0x78, 0x5F, 0x02, 0x00 },
  { 0x09, 0x6B, 0x5F, 0x79, 0x58, 0x7F, 0x52, 0x00 },
  { 0x09, 0x6B, 0x5F, 0x59, 0x28, 0x5F, 0x22, 0x00 },
  { 0x15, 0x77, 0x5F, 0x55, 0x50, 0x7F, 0x04, 0x00 },
  { 0x09, 0x7B, 0x6F, 0x69, 0x68, 0x7F, 0x02, 0x00 },
  { 0x15, 0x77, 0x5F, 0x75, 0x50, 0x3F, 0x44, 0x00 },
  { 0x15, 0x57, 0x5F, 0x35, 0x50, 0x5F, 0x04, 0x00 },
  { 0x15, 0x57, 0x3F, 0x55, 0x30, 0x5F, 0x04, 0x00 },
  { 0x15, 0x37, 0x5F, 0x55, 0x50, 0x3F, 0x04, 0x00 },
  { 0x09, 0x5B, 0x3F, 0x19, 0x38, 0x5F, 0x02, 0x00 },
  { 0x09, 0x2B, 0x6F, 0x39, 0x68, 0x2F, 0x02, 0x00 },
  { 0x09, 0x1B, 0x3F, 0x39, 0x38, 0x7F, 0x02, 0x00 }, // '퐠'
  { 0x09, 0x7B, 0x5F, 0x59, 0x58, 0x4F, 0x02, 0x00 },
  { 0x09, 0x5B, 0x7F, 0x59, 0x78, 0x5F, 0x02, 0x00 },
  { 0x09, 0x2B, 0x6F, 0x59, 0x68, 0x2F, 0x02, 0x00 },
  { 0x29, 0x2F, 0x3F, 0x29, 0x7F, 0x08, 0x7F, 0x00 },
  { 0x15, 0x37, 0x3F, 0x35, 0x3F, 0x24, 0x7F, 0x00 },
  { 0x15, 0x37, 0x3F, 0x75, 0x3F, 0x24, 0x7F, 0x00 },
  { 0x15, 0x37, 0x3F, 0x75, 0x5F, 0x24, 0x5F, 0x00 },
  { 0x15, 0x77, 0x5F, 0x55, 0x5F, 0x44, 0x5F, 0x00 },
  { 0x09, 0x6B, 0x4F, 0x49, 0x5F, 0x32, 0x5F, 0x00 },
  { 0x09, 0x6B, 0x4F, 0x49, 0x2F, 0x52, 0x2F, 0x00 },
  { 0x09, 0x7B, 0x5F, 0x59, 0x5F, 0x52, 0x5F, 0x00 },
  { 0x09, 0x6B, 0x6F, 0x59, 0x5F, 0x5A, 0x5F, 0x00 },
  { 0x09, 0x6B, 0x5F, 0x59, 0x1F, 0x12, 0x7F, 0x00 },
  { 0x09, 0x6B, 0x5F, 0x59, 0x7F, 0x52, 0x7F, 0x00 },
  { 0x09, 0x6B, 0x5F, 0x59, 0x7F, 0x62, 0x7F, 0x00 },
  { 0x09, 0x6B, 0x5F, 0x59, 0x4F, 0x32, 0x4F, 0x00 }, // '퐰'
  { 0x09, 0x6B, 0x5F, 0x59, 0x7F, 0x72, 0x5F, 0x00 },
  { 0x09, 0x6B, 0x5F, 0x79, 0x5F, 0x72, 0x5F, 0x00 },
  { 0x09, 0x6B, 0x5F, 0x59, 0x2F, 0x52, 0x2F, 0x00 },
  { 0x15, 0x77, 0x5F, 0x55, 0x5F, 0x54, 0x7F, 0x00 },
  { 0x09, 0x7B, 0x6F, 0x69, 0x6F, 0x62, 0x7F, 0x00 },
  { 0x15, 0x77, 0x5F, 0x75, 0x5F, 0x24, 0x5F, 0x00 },
  { 0x15, 0x57, 0x5F, 0x35, 0x5F, 0x54, 0x1F, 0x00 },
  { 0x15, 0x57, 0x3F, 0x55, 0x3F, 0x54, 0x1F, 0x00 },
  { 0x15, 0x37, 0x5F, 0x55, 0x5F, 0x54, 0x3F, 0x00 },
  { 0x09, 0x5B, 0x5F, 0x39, 0x3F, 0x52, 0x5F, 0x00 },
  { 0x09, 0x2B, 0x6F, 0x39, 0x2F, 0x62, 0x2F, 0x00 },
  { 0x09, 0x1B, 0x3F, 0x39, 0x3F, 0x32, 0x7F, 0x00 },
  { 0x09, 0x7B, 0x5F, 0x59, 0x5F, 0x5A, 0x4F, 0x00 },
  { 0x09, 0x5B, 0x7F, 0x59, 0x5F, 0x72, 0x5F, 0x00 },
  { 0x09, 0x2B, 0x6F, 0x59, 0x6F, 0x62, 0x2F, 0x00 },
  { 0x00, 0x29, 0x2F, 0x3F, 0x29, 0x20, 0x7F, 0x00 }, // '푀'
  { 0x00, 0x15, 0x37, 0x3F, 0x35, 0x30, 0x7F, 0x00 },
  { 0x00, 0x15, 0x37, 0x3F, 0x75, 0x30, 0x7F, 0x00 },
  { 0x15, 0x37, 0x3F, 0x75, 0x50, 0x3F, 0x40, 0x00 },
  { 0x00, 0x15, 0x77, 0x5F, 0x55, 0x50, 0x5F, 0x00 },
  { 0x00, 0x09, 0x6B, 0x4F, 0x59, 0x38, 0x5F, 0x00 },
  { 0x09, 0x6B, 0x4F, 0x49, 0x28, 0x5F, 0x20, 0x00 },
  { 0x00, 0x09, 0x7B, 0x5F, 0x59, 0x58, 0x5F, 0x00 },
  { 0x00, 0x09, 0x6B, 0x6F, 0x59, 0x58, 0x5F, 0x00 },
  { 0x00, 0x09, 0x6B, 0x5F, 0x59, 0x18, 0x7F, 0x00 },
  { 0x00, 0x09, 0x6B, 0x5F, 0x79, 0x58, 0x7F, 0x00 },
  { 0x00, 0x09, 0x6B, 0x5F, 0x79, 0x68, 0x7F, 0x00 },
  { 0x09, 0x6B, 0x5F, 0x59, 0x48, 0x3F, 0x40, 0x00 },
  { 0x00, 0x09, 0x6B, 0x5F, 0x79, 0x78, 0x5F, 0x00 },
  { 0x09, 0x6B, 0x5F, 0x79, 0x58, 0x7F, 0x50, 0x00 },
  { 0x09, 0x6B, 0x5F, 0x59, 0x28, 0x5F, 0x20, 0x00 },
  { 0x00, 0x15, 0x77, 0x5F, 0x55, 0x50, 0x7F, 0x00 }, // '푐'
  { 0x00, 0x09, 0x7B, 0x6F, 0x69, 0x68, 0x7F, 0x00 },
  { 0x15, 0x77, 0x5F, 0x75, 0x50, 0x3F, 0x40, 0x00 },
  { 0x00, 0x15, 0x57, 0x5F, 0x35, 0x50, 0x5F, 0x00 },
  { 0x00, 0x15, 0x57, 0x3F, 0x55, 0x30, 0x5F, 0x00 },
  { 0x00, 0x15, 0x37, 0x5F, 0x55, 0x50, 0x3F, 0x00 },
  { 0x00, 0x09, 0x5B, 0x3F, 0x19, 0x38, 0x5F, 0x00 },
  { 0x00, 0x09, 0x2B, 0x6F, 0x39, 0x68, 0x2F, 0x00 },
  { 0x00, 0x09, 0x1B, 0x3F, 0x39, 0x38, 0x7F, 0x00 },
  { 0x00, 0x09, 0x7B, 0x5F, 0x59, 0x58, 0x4F, 0x00 },
  { 0x00, 0x09, 0x5B, 0x7F, 0x59, 0x78, 0x5F, 0x00 },
  { 0x00, 0x09, 0x2B, 0x6F, 0x59, 0x68, 0x2F, 0x00 },
  { 0x20, 0x29, 0x3F, 0x29, 0x3F, 0x29, 0x20, 0x00 },
  { 0x10, 0x35, 0x3F, 0x35, 0x3F, 0x75, 0x10, 0x00 },
  { 0x10, 0x35, 0x3F, 0x75, 0x3F, 0x75, 0x10, 0x00 },
  { 0x10, 0x35, 0x3F, 0x75, 0x5F, 0x35, 0x50, 0x00 },
  { 0x10, 0x75, 0x5F, 0x55, 0x5F, 0x55, 0x10, 0x00 }, // '푠'
  { 0x08, 0x69, 0x4F, 0x59, 0x3F, 0x59, 0x08, 0x00 },
  { 0x08, 0x69, 0x4F, 0x49, 0x2F, 0x59, 0x28, 0x00 },
  { 0x08, 0x79, 0x5F, 0x59, 0x5F, 0x59, 0x08, 0x00 },
  { 0x08, 0x69, 0x6F, 0x59, 0x5F, 0x59, 0x08, 0x00 },
  { 0x08, 0x69, 0x5F, 0x59, 0x1F, 0x79, 0x08, 0x00 },
  { 0x08, 0x69, 0x5F, 0x79, 0x5F, 0x79, 0x08, 0x00 },
  { 0x08, 0x69, 0x5F, 0x79, 0x6F, 0x79, 0x08, 0x00 },
  { 0x08, 0x69, 0x5F, 0x59, 0x4F, 0x39, 0x48, 0x00 },
  { 0x08, 0x69, 0x5F, 0x79, 0x7F, 0x59, 0x08, 0x00 },
  { 0x08, 0x69, 0x5F, 0x79, 0x5F, 0x79, 0x58, 0x00 },
  { 0x08, 0x69, 0x5F, 0x59, 0x2F, 0x59, 0x28, 0x00 },
  { 0x10, 0x75, 0x5F, 0x55, 0x5F, 0x75, 0x10, 0x00 },
  { 0x10, 0x75, 0x6F, 0x65, 0x6F, 0x75, 0x10, 0x00 },
  { 0x10, 0x75, 0x6F, 0x75, 0x4F, 0x35, 0x50, 0x00 },
  { 0x10, 0x55, 0x5F, 0x35, 0x5F, 0x55, 0x10, 0x00 },
  { 0x10, 0x55, 0x3F, 0x55, 0x3F, 0x55, 0x10, 0x00 }, // '푰'
  { 0x10, 0x35, 0x5F, 0x55, 0x5F, 0x35, 0x10, 0x00 },
  { 0x08, 0x59, 0x3F, 0x19, 0x3F, 0x59, 0x08, 0x00 },
  { 0x08, 0x29, 0x6F, 0x39, 0x6F, 0x29, 0x08, 0x00 },
  { 0x08, 0x19, 0x3F, 0x39, 0x3F, 0x79, 0x08, 0x00 },
  { 0x10, 0x75, 0x7F, 0x75, 0x7F, 0x55, 0x10, 0x00 },
  { 0x10, 0x55, 0x7F, 0x55, 0x7F, 0x55, 0x10, 0x00 },
  { 0x08, 0x29, 0x6F, 0x59, 0x6F, 0x29, 0x08, 0x00 },
  { 0x10, 0x15, 0x17, 0x75, 0x17, 0x15, 0x10, 0x00 },
  { 0x08, 0x2D, 0x2F, 0x3D, 0x2F, 0x6D, 0x08, 0x00 },
  { 0x08, 0x2D, 0x2F, 0x7D, 0x2F, 0x6D, 0x08, 0x00 },
  { 0x08, 0x2D, 0x2F, 0x7D, 0x4F, 0x2D, 0x48, 0x00 },
  { 0x08, 0x6D, 0x4F, 0x5D, 0x4F, 0x4D, 0x08, 0x00 },
  { 0x04, 0x75, 0x47, 0x5D, 0x37, 0x55, 0x04, 0x00 },
  { 0x04, 0x75, 0x47, 0x5D, 0x37, 0x55, 0x34, 0x00 },
  { 0x04, 0x75, 0x57, 0x5D, 0x57, 0x55, 0x04, 0x00 },
  { 0x04, 0x15, 0x57, 0x7D, 0x57, 0x45, 0x04, 0x00 }, // '풀'
  { 0x04, 0x55, 0x77, 0x5D, 0x17, 0x75, 0x04, 0x00 },
  { 0x04, 0x55, 0x77, 0x7D, 0x57, 0x75, 0x04, 0x00 },
  { 0x04, 0x55, 0x77, 0x5D, 0x67, 0x75, 0x04, 0x00 },
  { 0x04, 0x55, 0x77, 0x5D, 0x47, 0x35, 0x44, 0x00 },
  { 0x04, 0x55, 0x77, 0x5D, 0x77, 0x75, 0x54, 0x00 },
  { 0x04, 0x55, 0x77, 0x7D, 0x57, 0x75, 0x54, 0x00 },
  { 0x04, 0x55, 0x77, 0x5D, 0x37, 0x55, 0x34, 0x00 },
  { 0x04, 0x75, 0x57, 0x5D, 0x57, 0x75, 0x04, 0x00 },
  { 0x04, 0x75, 0x67, 0x6D, 0x67, 0x75, 0x04, 0x00 },
  { 0x04, 0x75, 0x67, 0x7D, 0x47, 0x35, 0x44, 0x00 },
  { 0x08, 0x4D, 0x4F, 0x3D, 0x4F, 0x4D, 0x08, 0x00 },
  { 0x08, 0x4D, 0x2F, 0x5D, 0x2F, 0x4D, 0x08, 0x00 },
  { 0x04, 0x25, 0x57, 0x5D, 0x57, 0x25, 0x04, 0x00 },
  { 0x04, 0x55, 0x37, 0x1D, 0x37, 0x55, 0x04, 0x00 },
  { 0x04, 0x25, 0x67, 0x3D, 0x67, 0x25, 0x04, 0x00 },
  { 0x04, 0x15, 0x37, 0x3D, 0x37, 0x75, 0x04, 0x00 }, // '풐'
  { 0x04, 0x75, 0x77, 0x7D, 0x77, 0x55, 0x04, 0x00 },
  { 0x04, 0x55, 0x77, 0x5D, 0x77, 0x55, 0x04, 0x00 },
  { 0x04, 0x25, 0x67, 0x5D, 0x67, 0x25, 0x04, 0x00 },
  { 0x00, 0x15, 0x17, 0x77, 0x15, 0x20, 0x7F, 0x00 },
  { 0x00, 0x0D, 0x2F, 0x3F, 0x2D, 0x30, 0x7F, 0x00 },
  { 0x00, 0x0D, 0x2F, 0x3F, 0x6D, 0x30, 0x7F, 0x00 },
  { 0x0D, 0x2F, 0x3F, 0x6D, 0x50, 0x3F, 0x40, 0x00 },
  { 0x00, 0x0D, 0x6F, 0x5F, 0x4D, 0x50, 0x5F, 0x00 },
  { 0x00, 0x05, 0x77, 0x4F, 0x55, 0x38, 0x5F, 0x00 },
  { 0x05, 0x77, 0x4F, 0x45, 0x28, 0x5F, 0x20, 0x00 },
  { 0x00, 0x05, 0x77, 0x5F, 0x55, 0x58, 0x5F, 0x00 },
  { 0x00, 0x05, 0x17, 0x5F, 0x75, 0x58, 0x4F, 0x00 },
  { 0x00, 0x05, 0x57, 0x7F, 0x55, 0x18, 0x7F, 0x00 },
  { 0x00, 0x05, 0x57, 0x7F, 0x75, 0x58, 0x7F, 0x00 },
  { 0x00, 0x05, 0x57, 0x7F, 0x55, 0x68, 0x7F, 0x00 },
  { 0x05, 0x57, 0x7F, 0x55, 0x48, 0x3F, 0x40, 0x00 }, // '풠'
  { 0x05, 0x57, 0x7F, 0x55, 0x78, 0x7F, 0x50, 0x00 },
  { 0x05, 0x57, 0x7F, 0x75, 0x58, 0x7F, 0x50, 0x00 },
  { 0x05, 0x57, 0x7F, 0x55, 0x28, 0x5F, 0x20, 0x00 },
  { 0x00, 0x05, 0x77, 0x5F, 0x55, 0x58, 0x7F, 0x00 },
  { 0x00, 0x05, 0x77, 0x6F, 0x65, 0x68, 0x7F, 0x00 },
  { 0x05, 0x77, 0x6F, 0x75, 0x48, 0x3F, 0x40, 0x00 },
  { 0x00, 0x05, 0x47, 0x2F, 0x15, 0x28, 0x4F, 0x00 },
  { 0x00, 0x05, 0x4F, 0x37, 0x45, 0x38, 0x4F, 0x00 },
  { 0x00, 0x05, 0x27, 0x5F, 0x55, 0x58, 0x2F, 0x00 },
  { 0x00, 0x05, 0x57, 0x3F, 0x15, 0x38, 0x5F, 0x00 },
  { 0x00, 0x05, 0x27, 0x6F, 0x35, 0x68, 0x2F, 0x00 },
  { 0x00, 0x05, 0x17, 0x3F, 0x35, 0x38, 0x7F, 0x00 },
  { 0x00, 0x05, 0x77, 0x7F, 0x75, 0x78, 0x5F, 0x00 },
  { 0x00, 0x05, 0x57, 0x7F, 0x55, 0x78, 0x5F, 0x00 },
  { 0x00, 0x05, 0x27, 0x6F, 0x55, 0x68, 0x2F, 0x00 },
  { 0x15, 0x77, 0x17, 0x25, 0x7F, 0x00, 0x7F, 0x00 }, // '풰'
  { 0x05, 0x2F, 0x27, 0x25, 0x28, 0x2F, 0x6F, 0x00 },
  { 0x05, 0x2F, 0x27, 0x65, 0x28, 0x2F, 0x6F, 0x00 },
  { 0x05, 0x2F, 0x27, 0x65, 0x48, 0x2F, 0x4F, 0x00 },
  { 0x0D, 0x6F, 0x5F, 0x4D, 0x50, 0x5F, 0x5F, 0x00 },
  { 0x05, 0x77, 0x4F, 0x45, 0x58, 0x3F, 0x5F, 0x00 },
  { 0x05, 0x77, 0x4F, 0x45, 0x28, 0x5F, 0x2F, 0x00 },
  { 0x05, 0x77, 0x5F, 0x55, 0x58, 0x5F, 0x5F, 0x00 },
  { 0x05, 0x17, 0x5F, 0x75, 0x78, 0x5F, 0x4F, 0x00 },
  { 0x05, 0x57, 0x7F, 0x55, 0x18, 0x1F, 0x7F, 0x00 },
  { 0x05, 0x57, 0x7F, 0x55, 0x78, 0x5F, 0x7F, 0x00 },
  { 0x05, 0x57, 0x7F, 0x55, 0x78, 0x6F, 0x7F, 0x00 },
  { 0x05, 0x57, 0x7F, 0x55, 0x48, 0x3F, 0x4F, 0x00 },
  { 0x05, 0x57, 0x7F, 0x55, 0x78, 0x7F, 0x5F, 0x00 },
  { 0x05, 0x57, 0x7F, 0x75, 0x58, 0x7F, 0x5F, 0x00 },
  { 0x05, 0x57, 0x7F, 0x55, 0x28, 0x5F, 0x2F, 0x00 },
  { 0x05, 0x77, 0x5F, 0x55, 0x58, 0x5F, 0x7F, 0x00 }, // '퓀'
  { 0x05, 0x77, 0x6F, 0x65, 0x68, 0x6F, 0x7F, 0x00 },
  { 0x05, 0x77, 0x6F, 0x75, 0x48, 0x3F, 0x4F, 0x00 },
  { 0x05, 0x47, 0x2F, 0x15, 0x28, 0x4F, 0x0F, 0x00 },
  { 0x05, 0x4F, 0x37, 0x45, 0x38, 0x4F, 0x0F, 0x00 },
  { 0x05, 0x27, 0x5F, 0x55, 0x58, 0x5F, 0x2F, 0x00 },
  { 0x05, 0x57, 0x5F, 0x35, 0x38, 0x5F, 0x5F, 0x00 },
  { 0x05, 0x27, 0x6F, 0x35, 0x28, 0x6F, 0x2F, 0x00 },
  { 0x05, 0x17, 0x3F, 0x35, 0x38, 0x3F, 0x7F, 0x00 },
  { 0x05, 0x77, 0x7F, 0x75, 0x78, 0x7F, 0x5F, 0x00 },
  { 0x05, 0x57, 0x7F, 0x55, 0x58, 0x7F, 0x5F, 0x00 },
  { 0x05, 0x27, 0x6F, 0x55, 0x68, 0x6F, 0x2F, 0x00 },
  { 0x00, 0x15, 0x17, 0x77, 0x15, 0x10, 0x7F, 0x00 },
  { 0x00, 0x0D, 0x2F, 0x3F, 0x2D, 0x28, 0x6F, 0x00 },
  { 0x00, 0x0D, 0x2F, 0x3F, 0x6D, 0x28, 0x6F, 0x00 },
  { 0x0D, 0x2F, 0x3F, 0x6D, 0x48, 0x2F, 0x40, 0x00 },
  { 0x00, 0x0D, 0x6F, 0x5F, 0x4D, 0x48, 0x5F, 0x00 }, // '퓐'
  { 0x00, 0x05, 0x77, 0x4F, 0x55, 0x34, 0x57, 0x00 },
  { 0x05, 0x77, 0x4F, 0x55, 0x34, 0x5F, 0x30, 0x00 },
  { 0x00, 0x05, 0x77, 0x5F, 0x55, 0x54, 0x57, 0x00 },
  { 0x00, 0x05, 0x17, 0x5F, 0x75, 0x54, 0x4F, 0x00 },
  { 0x00, 0x05, 0x57, 0x7F, 0x55, 0x14, 0x77, 0x00 },
  { 0x00, 0x05, 0x57, 0x7F, 0x75, 0x54, 0x77, 0x00 },
  { 0x00, 0x05, 0x57, 0x7F, 0x75, 0x64, 0x77, 0x00 },
  { 0x05, 0x57, 0x7F, 0x55, 0x44, 0x37, 0x40, 0x00 },
  { 0x05, 0x57, 0x7F, 0x55, 0x74, 0x77, 0x50, 0x00 },
  { 0x05, 0x57, 0x7F, 0x75, 0x54, 0x77, 0x50, 0x00 },
  { 0x05, 0x57, 0x7F, 0x55, 0x34, 0x5F, 0x30, 0x00 },
  { 0x00, 0x05, 0x77, 0x5F, 0x55, 0x50, 0x77, 0x00 },
  { 0x00, 0x05, 0x77, 0x6F, 0x65, 0x64, 0x77, 0x00 },
  { 0x05, 0x77, 0x6F, 0x75, 0x44, 0x37, 0x40, 0x00 },
  { 0x00, 0x0D, 0x4F, 0x5F, 0x2D, 0x48, 0x5F, 0x00 },
  { 0x00, 0x0D, 0x5F, 0x2F, 0x4D, 0x28, 0x5F, 0x00 }, // '퓠'
  { 0x00, 0x05, 0x27, 0x5F, 0x55, 0x54, 0x2F, 0x00 },
  { 0x00, 0x05, 0x57, 0x3F, 0x15, 0x34, 0x57, 0x00 },
  { 0x00, 0x05, 0x27, 0x6F, 0x35, 0x64, 0x2F, 0x00 },
  { 0x00, 0x05, 0x17, 0x3F, 0x35, 0x34, 0x77, 0x00 },
  { 0x00, 0x05, 0x77, 0x7F, 0x75, 0x74, 0x57, 0x00 },
  { 0x00, 0x05, 0x57, 0x7F, 0x55, 0x74, 0x57, 0x00 },
  { 0x00, 0x05, 0x27, 0x6F, 0x55, 0x64, 0x2F, 0x00 },
  { 0x10, 0x15, 0x77, 0x15, 0x77, 0x15, 0x10, 0x00 },
  { 0x08, 0x2D, 0x3F, 0x2D, 0x3F, 0x6D, 0x08, 0x00 },
  { 0x08, 0x2D, 0x3F, 0x6D, 0x3F, 0x6D, 0x08, 0x00 },
  { 0x08, 0x2D, 0x3F, 0x6D, 0x5F, 0x2D, 0x48, 0x00 },
  { 0x08, 0x6D, 0x5F, 0x4D, 0x5F, 0x4D, 0x08, 0x00 },
  { 0x04, 0x75, 0x4F, 0x55, 0x3F, 0x55, 0x04, 0x00 },
  { 0x04, 0x75, 0x4F, 0x55, 0x3F, 0x55, 0x34, 0x00 },
  { 0x04, 0x75, 0x5F, 0x55, 0x5F, 0x55, 0x04, 0x00 },
  { 0x04, 0x15, 0x5F, 0x75, 0x5F, 0x45, 0x04, 0x00 }, // '퓰'
  { 0x04, 0x55, 0x7F, 0x55, 0x1F, 0x75, 0x04, 0x00 },
  { 0x04, 0x55, 0x7F, 0x75, 0x5F, 0x75, 0x04, 0x00 },
  { 0x04, 0x55, 0x7F, 0x55, 0x6F, 0x75, 0x04, 0x00 },
  { 0x04, 0x55, 0x7F, 0x55, 0x4F, 0x35, 0x44, 0x00 },
  { 0x04, 0x55, 0x7F, 0x55, 0x7F, 0x75, 0x54, 0x00 },
  { 0x04, 0x55, 0x7F, 0x75, 0x5F, 0x75, 0x54, 0x00 },
  { 0x04, 0x55, 0x7F, 0x55, 0x3F, 0x55, 0x34, 0x00 },
  { 0x04, 0x75, 0x5F, 0x55, 0x5F, 0x75, 0x04, 0x00 },
  { 0x04, 0x75, 0x6F, 0x65, 0x6F, 0x75, 0x04, 0x00 },
  { 0x04, 0x75, 0x6F, 0x75, 0x4F, 0x35, 0x44, 0x00 },
  { 0x08, 0x4D, 0x5F, 0x2D, 0x5F, 0x4D, 0x08, 0x00 },
  { 0x08, 0x4D, 0x3F, 0x4D, 0x3F, 0x4D, 0x08, 0x00 },
  { 0x04, 0x25, 0x5F, 0x55, 0x5F, 0x25, 0x04, 0x00 },
  { 0x04, 0x55, 0x3F, 0x15, 0x3F, 0x55, 0x04, 0x00 },
  { 0x04, 0x25, 0x6F, 0x35, 0x6F, 0x25, 0x04, 0x00 },
  { 0x04, 0x15, 0x3F, 0x35, 0x3F, 0x75, 0x04, 0x00 }, // '픀'
  { 0x04, 0x75, 0x7F, 0x75, 0x7F, 0x55, 0x04, 0x00 },
  { 0x04, 0x55, 0x7F, 0x55, 0x7F, 0x55, 0x04, 0x00 },
  { 0x04, 0x25, 0x6F, 0x55, 0x6F, 0x25, 0x04, 0x00 },
  { 0x20, 0x29, 0x2F, 0x29, 0x2F, 0x29, 0x20, 0x00 },
  { 0x08, 0x2D, 0x2F, 0x2D, 0x2F, 0x6D, 0x08, 0x00 },
  { 0x08, 0x2D, 0x2F, 0x6D, 0x2F, 0x6D, 0x08, 0x00 },
  { 0x08, 0x2D, 0x2F, 0x6D, 0x4F, 0x2D, 0x48, 0x00 },
  { 0x10, 0x75, 0x57, 0x55, 0x57, 0x55, 0x10, 0x00 },
  { 0x08, 0x6D, 0x4F, 0x5D, 0x3F, 0x5D, 0x08, 0x00 },
  { 0x08, 0x6D, 0x4F, 0x4D, 0x2F, 0x5D, 0x28, 0x00 },
  { 0x08, 0x7D, 0x5F, 0x5D, 0x5F, 0x5D, 0x08, 0x00 },
  { 0x04, 0x6D, 0x6F, 0x5D, 0x5F, 0x5D, 0x04, 0x00 },
  { 0x04, 0x6D, 0x5F, 0x5D, 0x17, 0x75, 0x04, 0x00 },
  { 0x04, 0x6D, 0x5F, 0x7D, 0x57, 0x75, 0x04, 0x00 },
  { 0x04, 0x6D, 0x5F, 0x7D, 0x67, 0x75, 0x04, 0x00 },
  { 0x04, 0x6D, 0x5F, 0x5D, 0x47, 0x35, 0x44, 0x00 }, // '픐'
  { 0x04, 0x6D, 0x5F, 0x7D, 0x77, 0x55, 0x04, 0x00 },
  { 0x04, 0x6D, 0x5F, 0x7D, 0x57, 0x75, 0x54, 0x00 },
  { 0x04, 0x6D, 0x5F, 0x5D, 0x37, 0x5D, 0x34, 0x00 },
  { 0x08, 0x7D, 0x5F, 0x5D, 0x5F, 0x7D, 0x08, 0x00 },
  { 0x08, 0x7D, 0x6F, 0x6D, 0x6F, 0x7D, 0x08, 0x00 },
  { 0x08, 0x7D, 0x6F, 0x7D, 0x4F, 0x3D, 0x48, 0x00 },
  { 0x08, 0x4D, 0x2F, 0x1D, 0x2F, 0x4D, 0x08, 0x00 },
  { 0x08, 0x4D, 0x3F, 0x4D, 0x3F, 0x4D, 0x08, 0x00 },
  { 0x08, 0x2D, 0x5F, 0x5D, 0x5F, 0x2D, 0x08, 0x00 },
  { 0x08, 0x5D, 0x3F, 0x1D, 0x3F, 0x5D, 0x08, 0x00 },
  { 0x08, 0x2D, 0x6F, 0x3D, 0x6F, 0x2D, 0x08, 0x00 },
  { 0x08, 0x1D, 0x3F, 0x3D, 0x3F, 0x7D, 0x08, 0x00 },
  { 0x08, 0x7D, 0x5F, 0x5D, 0x5F, 0x4D, 0x08, 0x00 },
  { 0x08, 0x5D, 0x7F, 0x5D, 0x7F, 0x5D, 0x08, 0x00 },
  { 0x08, 0x2D, 0x6F, 0x5D, 0x6F, 0x2D, 0x08, 0x00 },
  { 0x00, 0x29, 0x2F, 0x2F, 0x29, 0x20, 0x7F, 0x00 }, // '픠'
  { 0x00, 0x0D, 0x2F, 0x2F, 0x2D, 0x28, 0x6F, 0x00 },
  { 0x00, 0x0D, 0x2F, 0x2F, 0x6D, 0x28, 0x6F, 0x00 },
  { 0x0D, 0x2F, 0x2F, 0x6D, 0x48, 0x2F, 0x40, 0x00 },
  { 0x00, 0x0D, 0x6F, 0x4F, 0x4D, 0x48, 0x5F, 0x00 },
  { 0x00, 0x0D, 0x6F, 0x4F, 0x5D, 0x38, 0x5F, 0x00 },
  { 0x0D, 0x6F, 0x4F, 0x4D, 0x28, 0x5F, 0x20, 0x00 },
  { 0x00, 0x0D, 0x7F, 0x5F, 0x5D, 0x58, 0x5F, 0x00 },
  { 0x00, 0x0D, 0x6F, 0x6F, 0x5D, 0x58, 0x5F, 0x00 },
  { 0x00, 0x0D, 0x6F, 0x5F, 0x5D, 0x18, 0x7F, 0x00 },
  { 0x00, 0x0D, 0x6F, 0x5F, 0x7D, 0x58, 0x7F, 0x00 },
  { 0x00, 0x0D, 0x6F, 0x5F, 0x7D, 0x68, 0x7F, 0x00 },
  { 0x0D, 0x6F, 0x5F, 0x5D, 0x48, 0x3F, 0x40, 0x00 },
  { 0x00, 0x0D, 0x6F, 0x5F, 0x7D, 0x78, 0x5F, 0x00 },
  { 0x0D, 0x6F, 0x5F, 0x7D, 0x58, 0x7F, 0x50, 0x00 },
  { 0x0D, 0x6F, 0x5F, 0x5D, 0x28, 0x5F, 0x20, 0x00 },
  { 0x00, 0x0D, 0x7F, 0x5F, 0x5D, 0x58, 0x7F, 0x00 }, // '픰'
  { 0x00, 0x0D, 0x7F, 0x6F, 0x6D, 0x68, 0x7F, 0x00 },
  { 0x0D, 0x7F, 0x6F, 0x7D, 0x48, 0x3F, 0x40, 0x00 },
  { 0x00, 0x0D, 0x4F, 0x2F, 0x1D, 0x28, 0x4F, 0x00 },
  { 0x00, 0x0D, 0x4F, 0x3F, 0x4D, 0x38, 0x4F, 0x00 },
  { 0x00, 0x0D, 0x2F, 0x5F, 0x5D, 0x58, 0x2F, 0x00 },
  { 0x00, 0x0D, 0x5F, 0x3F, 0x1D, 0x38, 0x5F, 0x00 },
  { 0x00, 0x0D, 0x2F, 0x6F, 0x3D, 0x68, 0x2F, 0x00 },
  { 0x00, 0x0D, 0x1F, 0x3F, 0x3D, 0x38, 0x7F, 0x00 },
  { 0x00, 0x0D, 0x7F, 0x5F, 0x5D, 0x58, 0x4F, 0x00 },
  { 0x00, 0x0D, 0x5F, 0x7F, 0x5D, 0x78, 0x5F, 0x00 },
  { 0x00, 0x0D, 0x2F, 0x6F, 0x5D, 0x68, 0x2F, 0x00 },
  { 0x00, 0x21, 0x3F, 0x3F, 0x21, 0x00, 0x7F, 0x00 },
  { 0x00, 0x09, 0x2F, 0x2F, 0x29, 0x20, 0x6F, 0x00 },
  { 0x00, 0x09, 0x2F, 0x2F, 0x69, 0x20, 0x6F, 0x00 },
  { 0x09, 0x2F, 0x2F, 0x69, 0x40, 0x2F, 0x40, 0x00 },
  { 0x00, 0x09, 0x6F, 0x4F, 0x49, 0x40, 0x5F, 0x00 }, // '핀'
  { 0x00, 0x05, 0x77, 0x47, 0x55, 0x30, 0x57, 0x00 },
  { 0x05, 0x77, 0x47, 0x55, 0x30, 0x5F, 0x30, 0x00 },
  { 0x00, 0x05, 0x77, 0x57, 0x55, 0x50, 0x57, 0x00 },
  { 0x00, 0x05, 0x6F, 0x6F, 0x5D, 0x58, 0x5F, 0x00 },
  { 0x00, 0x05, 0x6F, 0x5F, 0x5D, 0x08, 0x7F, 0x00 },
  { 0x00, 0x05, 0x6F, 0x5F, 0x7D, 0x48, 0x7F, 0x00 },
  { 0x00, 0x05, 0x6F, 0x5F, 0x7D, 0x50, 0x7F, 0x00 },
  { 0x05, 0x6F, 0x5F, 0x5D, 0x40, 0x37, 0x40, 0x00 },
  { 0x00, 0x05, 0x6F, 0x5F, 0x7D, 0x58, 0x4F, 0x00 },
  { 0x05, 0x6F, 0x5F, 0x7D, 0x48, 0x7F, 0x48, 0x00 },
  { 0x05, 0x6F, 0x5F, 0x5D, 0x30, 0x5F, 0x30, 0x00 },
  { 0x00, 0x05, 0x77, 0x57, 0x55, 0x50, 0x77, 0x00 },
  { 0x00, 0x09, 0x7F, 0x6F, 0x69, 0x60, 0x7F, 0x00 },
  { 0x09, 0x7F, 0x6F, 0x79, 0x40, 0x37, 0x40, 0x00 },
  { 0x00, 0x09, 0x4F, 0x2F, 0x19, 0x20, 0x4F, 0x00 },
  { 0x00, 0x09, 0x4F, 0x3F, 0x49, 0x30, 0x4F, 0x00 }, // '핐'
  { 0x00, 0x05, 0x27, 0x57, 0x55, 0x50, 0x27, 0x00 },
  { 0x00, 0x05, 0x57, 0x37, 0x15, 0x30, 0x57, 0x00 },
  { 0x00, 0x05, 0x57, 0x37, 0x1D, 0x30, 0x57, 0x00 },
  { 0x00, 0x05, 0x17, 0x37, 0x35, 0x30, 0x77, 0x00 },
  { 0x00, 0x05, 0x7F, 0x5F, 0x5D, 0x58, 0x4F, 0x00 },
  { 0x00, 0x05, 0x57, 0x77, 0x55, 0x70, 0x57, 0x00 },
  { 0x00, 0x05, 0x17, 0x37, 0x5D, 0x30, 0x17, 0x00 },
  { 0x12, 0x2B, 0x2A, 0x12, 0x00, 0x7F, 0x08, 0x00 },
  { 0x06, 0x2B, 0x2A, 0x26, 0x22, 0x6F, 0x04, 0x00 },
  { 0x06, 0x2B, 0x2A, 0x66, 0x22, 0x6F, 0x04, 0x00 },
  { 0x06, 0x2B, 0x2A, 0x66, 0x42, 0x2F, 0x44, 0x00 },
  { 0x06, 0x6B, 0x4A, 0x46, 0x42, 0x5F, 0x04, 0x00 },
  { 0x06, 0x6B, 0x4A, 0x56, 0x32, 0x5F, 0x04, 0x00 },
  { 0x06, 0x6B, 0x4A, 0x56, 0x32, 0x5F, 0x34, 0x00 },
  { 0x06, 0x7B, 0x5A, 0x56, 0x52, 0x5F, 0x04, 0x00 },
  { 0x06, 0x6B, 0x6A, 0x5E, 0x5A, 0x5F, 0x04, 0x00 }, // '할'
  { 0x06, 0x6B, 0x5A, 0x5E, 0x12, 0x7F, 0x04, 0x00 },
  { 0x06, 0x6B, 0x5A, 0x7E, 0x52, 0x7F, 0x04, 0x00 },
  { 0x06, 0x6B, 0x5A, 0x7E, 0x62, 0x7F, 0x04, 0x00 },
  { 0x06, 0x6B, 0x5A, 0x5E, 0x42, 0x2F, 0x44, 0x00 },
  { 0x06, 0x6B, 0x5A, 0x7E, 0x72, 0x5F, 0x04, 0x00 },
  { 0x06, 0x6B, 0x5A, 0x7E, 0x52, 0x7F, 0x54, 0x00 },
  { 0x06, 0x6B, 0x5A, 0x5E, 0x32, 0x5F, 0x34, 0x00 },
  { 0x06, 0x7B, 0x5A, 0x56, 0x52, 0x7F, 0x04, 0x00 },
  { 0x06, 0x7B, 0x6A, 0x66, 0x62, 0x7F, 0x04, 0x00 },
  { 0x06, 0x7B, 0x6A, 0x76, 0x42, 0x2F, 0x44, 0x00 },
  { 0x06, 0x4B, 0x2A, 0x16, 0x22, 0x4F, 0x04, 0x00 },
  { 0x06, 0x4B, 0x3A, 0x46, 0x32, 0x4F, 0x04, 0x00 },
  { 0x06, 0x2B, 0x5A, 0x56, 0x52, 0x2F, 0x04, 0x00 },
  { 0x06, 0x5B, 0x3A, 0x16, 0x32, 0x5F, 0x04, 0x00 },
  { 0x06, 0x2B, 0x6A, 0x36, 0x62, 0x2F, 0x04, 0x00 },
  { 0x06, 0x1B, 0x3A, 0x36, 0x32, 0x7F, 0x04, 0x00 }, // '핰'
  { 0x06, 0x7B, 0x5A, 0x5E, 0x5A, 0x4F, 0x04, 0x00 },
  { 0x06, 0x5B, 0x7A, 0x56, 0x72, 0x5F, 0x04, 0x00 },
  { 0x06, 0x2B, 0x6A, 0x56, 0x62, 0x2F, 0x04, 0x00 },
  { 0x12, 0x2B, 0x2A, 0x12, 0x7F, 0x08, 0x7F, 0x00 },
  { 0x06, 0x2B, 0x2A, 0x26, 0x2F, 0x24, 0x6F, 0x00 },
  { 0x06, 0x2B, 0x2A, 0x66, 0x2F, 0x24, 0x6F, 0x00 },
  { 0x06, 0x2B, 0x2A, 0x66, 0x4F, 0x24, 0x4F, 0x00 },
  { 0x06, 0x6B, 0x4A, 0x46, 0x5F, 0x44, 0x5F, 0x00 },
  { 0x06, 0x6B, 0x4A, 0x46, 0x5F, 0x34, 0x5F, 0x00 },
  { 0x06, 0x6B, 0x4A, 0x46, 0x2F, 0x54, 0x2F, 0x00 },
  { 0x06, 0x7B, 0x5A, 0x56, 0x5F, 0x54, 0x5F, 0x00 },
  { 0x06, 0x6B, 0x6A, 0x5E, 0x5F, 0x5A, 0x5F, 0x00 },
  { 0x06, 0x6B, 0x5A, 0x5E, 0x1F, 0x12, 0x7F, 0x00 },
  { 0x06, 0x6B, 0x5A, 0x5E, 0x7F, 0x52, 0x7F, 0x00 },
  { 0x06, 0x6B, 0x5A, 0x5E, 0x7F, 0x62, 0x7F, 0x00 },
  { 0x06, 0x6B, 0x5A, 0x5E, 0x4F, 0x32, 0x4F, 0x00 }, // '햀'
  { 0x06, 0x6B, 0x5A, 0x5E, 0x7F, 0x72, 0x5F, 0x00 },
  { 0x06, 0x6B, 0x5A, 0x7E, 0x5F, 0x72, 0x5F, 0x00 },
  { 0x06, 0x6B, 0x5A, 0x5E, 0x37, 0x5A, 0x37, 0x00 },
  { 0x06, 0x7B, 0x5A, 0x56, 0x5F, 0x54, 0x7F, 0x00 },
  { 0x06, 0x7B, 0x6A, 0x66, 0x6F, 0x64, 0x7F, 0x00 },
  { 0x06, 0x7B, 0x6A, 0x76, 0x4F, 0x34, 0x4F, 0x00 },
  { 0x06, 0x4B, 0x2A, 0x16, 0x2F, 0x44, 0x0F, 0x00 },
  { 0x06, 0x4B, 0x3A, 0x46, 0x3F, 0x44, 0x0F, 0x00 },
  { 0x06, 0x2B, 0x5A, 0x56, 0x5F, 0x54, 0x2F, 0x00 },
  { 0x06, 0x5B, 0x5A, 0x36, 0x3F, 0x54, 0x5F, 0x00 },
  { 0x06, 0x2B, 0x6A, 0x36, 0x2F, 0x64, 0x2F, 0x00 },
  { 0x06, 0x1B, 0x3A, 0x36, 0x3F, 0x34, 0x7F, 0x00 },
  { 0x06, 0x7B, 0x5A, 0x5E, 0x5F, 0x5A, 0x4F, 0x00 },
  { 0x06, 0x5B, 0x7A, 0x56, 0x5F, 0x74, 0x5F, 0x00 },
  { 0x06, 0x2B, 0x6A, 0x56, 0x6F, 0x64, 0x2F, 0x00 },
  { 0x12, 0x2B, 0x2A, 0x12, 0x00, 0x7F, 0x14, 0x00 }, // '햐'
  { 0x06, 0x2B, 0x2A, 0x26, 0x22, 0x7F, 0x0A, 0x00 },
  { 0x06, 0x2B, 0x2A, 0x66, 0x22, 0x7F, 0x0A, 0x00 },
  { 0x06, 0x2B, 0x2A, 0x66, 0x42, 0x3F, 0x4A, 0x00 },
  { 0x06, 0x6B, 0x4A, 0x46, 0x42, 0x5F, 0x0A, 0x00 },
  { 0x06, 0x6B, 0x4A, 0x56, 0x32, 0x5F, 0x0A, 0x00 },
  { 0x06, 0x6B, 0x4A, 0x56, 0x32, 0x5F, 0x35, 0x00 },
  { 0x06, 0x7B, 0x5A, 0x56, 0x52, 0x5F, 0x0A, 0x00 },
  { 0x06, 0x6B, 0x6A, 0x5E, 0x5A, 0x5F, 0x0A, 0x00 },
  { 0x06, 0x6B, 0x5A, 0x5E, 0x12, 0x7F, 0x0A, 0x00 },
  { 0x06, 0x6B, 0x5A, 0x7E, 0x52, 0x7F, 0x0A, 0x00 },
  { 0x06, 0x6B, 0x5A, 0x7E, 0x62, 0x7F, 0x0A, 0x00 },
  { 0x06, 0x6B, 0x5A, 0x5E, 0x42, 0x3F, 0x4A, 0x00 },
  { 0x06, 0x6B, 0x5A, 0x7E, 0x72, 0x5F, 0x0A, 0x00 },
  { 0x06, 0x6B, 0x5A, 0x7E, 0x52, 0x7F, 0x55, 0x00 },
  { 0x06, 0x6B, 0x5A, 0x5E, 0x32, 0x5F, 0x35, 0x00 },
  { 0x06, 0x7B, 0x5A, 0x56, 0x52, 0x7F, 0x0A, 0x00 }, // '햠'
  { 0x06, 0x7B, 0x6A, 0x66, 0x62, 0x7F, 0x0A, 0x00 },
  { 0x06, 0x7B, 0x6A, 0x76, 0x42, 0x3F, 0x4A, 0x00 },
  { 0x06, 0x4B, 0x2A, 0x16, 0x22, 0x5F, 0x0A, 0x00 },
  { 0x06, 0x4B, 0x3A, 0x46, 0x32, 0x4F, 0x0A, 0x00 },
  { 0x06, 0x2B, 0x5A, 0x56, 0x52, 0x2F, 0x0A, 0x00 },
  { 0x06, 0x5B, 0x3A, 0x16, 0x32, 0x5F, 0x0A, 0x00 },
  { 0x06, 0x2B, 0x6A, 0x36, 0x62, 0x3F, 0x0A, 0x00 },
  { 0x06, 0x1B, 0x3A, 0x36, 0x32, 0x7F, 0x0A, 0x00 },
  { 0x06, 0x7B, 0x5A, 0x5E, 0x5A, 0x4F, 0x0A, 0x00 },
  { 0x06, 0x5B, 0x7A, 0x56, 0x72, 0x5F, 0x0A, 0x00 },
  { 0x06, 0x2B, 0x6A, 0x56, 0x62, 0x3F, 0x0A, 0x00 },
  { 0x12, 0x2B, 0x2A, 0x12, 0x7F, 0x14, 0x7F, 0x00 },
  { 0x06, 0x2B, 0x2A, 0x26, 0x3F, 0x2A, 0x7F, 0x00 },
  { 0x06, 0x2B, 0x2A, 0x66, 0x3F, 0x2A, 0x7F, 0x00 },
  { 0x06, 0x2B, 0x2A, 0x66, 0x5F, 0x2A, 0x5F, 0x00 },
  { 0x06, 0x6B, 0x4A, 0x46, 0x5F, 0x4A, 0x5F, 0x00 }, // '햰'
  { 0x06, 0x6B, 0x4A, 0x46, 0x5F, 0x35, 0x5F, 0x00 },
  { 0x06, 0x6B, 0x4A, 0x46, 0x2F, 0x55, 0x2F, 0x00 },
  { 0x06, 0x7B, 0x5A, 0x56, 0x5F, 0x55, 0x5F, 0x00 },
  { 0x06, 0x6B, 0x6A, 0x5E, 0x5F, 0x55, 0x5F, 0x00 },
  { 0x06, 0x6B, 0x5A, 0x5E, 0x1F, 0x15, 0x7F, 0x00 },
  { 0x06, 0x6B, 0x5A, 0x5E, 0x7F, 0x55, 0x7F, 0x00 },
  { 0x06, 0x6B, 0x5A, 0x5E, 0x7F, 0x65, 0x7F, 0x00 },
  { 0x06, 0x6B, 0x5A, 0x5E, 0x4F, 0x35, 0x4F, 0x00 },
  { 0x06, 0x6B, 0x5A, 0x5E, 0x7F, 0x75, 0x5F, 0x00 },
  { 0x06, 0x6B, 0x5A, 0x7E, 0x5F, 0x75, 0x5F, 0x00 },
  { 0x06, 0x6B, 0x5A, 0x5E, 0x2F, 0x55, 0x2F, 0x00 },
  { 0x06, 0x7B, 0x5A, 0x56, 0x5F, 0x55, 0x7F, 0x00 },
  { 0x06, 0x7B, 0x6A, 0x66, 0x6F, 0x6A, 0x7F, 0x00 },
  { 0x06, 0x7B, 0x6A, 0x76, 0x4F, 0x35, 0x4F, 0x00 },
  { 0x06, 0x4B, 0x2A, 0x16, 0x2F, 0x4A, 0x0F, 0x00 },
  { 0x06, 0x4B, 0x3A, 0x46, 0x3F, 0x4A, 0x0F, 0x00 }, // '헀'
  { 0x06, 0x2B, 0x5A, 0x56, 0x5F, 0x55, 0x3F, 0x00 },
  { 0x06, 0x5B, 0x5A, 0x36, 0x3F, 0x55, 0x5F, 0x00 },
  { 0x06, 0x2B, 0x6A, 0x36, 0x2F, 0x65, 0x2F, 0x00 },
  { 0x06, 0x1B, 0x3A, 0x36, 0x3F, 0x35, 0x7F, 0x00 },
  { 0x06, 0x7B, 0x5A, 0x5E, 0x5F, 0x55, 0x4F, 0x00 },
  { 0x06, 0x5B, 0x7A, 0x56, 0x5F, 0x75, 0x5F, 0x00 },
  { 0x06, 0x2B, 0x6A, 0x56, 0x6F, 0x65, 0x2F, 0x00 },
  { 0x00, 0x12, 0x2B, 0x2A, 0x12, 0x08, 0x7F, 0x00 },
  { 0x00, 0x06, 0x2B, 0x2A, 0x26, 0x24, 0x6F, 0x00 },
  { 0x00, 0x06, 0x2B, 0x2A, 0x66, 0x24, 0x6F, 0x00 },
  { 0x06, 0x2B, 0x2A, 0x66, 0x44, 0x2F, 0x40, 0x00 },
  { 0x00, 0x06, 0x6B, 0x4A, 0x46, 0x44, 0x5F, 0x00 },
  { 0x00, 0x06, 0x6B, 0x4A, 0x56, 0x34, 0x5F, 0x00 },
  { 0x06, 0x6B, 0x4A, 0x56, 0x34, 0x5F, 0x30, 0x00 },
  { 0x00, 0x06, 0x7B, 0x5A, 0x56, 0x54, 0x5F, 0x00 },
  { 0x00, 0x06, 0x6B, 0x6A, 0x5E, 0x54, 0x5F, 0x00 }, // '헐'
  { 0x00, 0x06, 0x6B, 0x5A, 0x5E, 0x14, 0x7F, 0x00 },
  { 0x00, 0x06, 0x6B, 0x5A, 0x7E, 0x54, 0x7F, 0x00 },
  { 0x00, 0x06, 0x6B, 0x5A, 0x7E, 0x64, 0x7F, 0x00 },
  { 0x06, 0x6B, 0x5A, 0x5E, 0x44, 0x2F, 0x40, 0x00 },
  { 0x06, 0x6B, 0x5A, 0x5E, 0x74, 0x7F, 0x50, 0x00 },
  { 0x06, 0x6B, 0x5A, 0x7E, 0x54, 0x7F, 0x50, 0x00 },
  { 0x06, 0x6B, 0x5A, 0x5E, 0x34, 0x5F, 0x30, 0x00 },
  { 0x00, 0x06, 0x7B, 0x5A, 0x56, 0x54, 0x7F, 0x00 },
  { 0x00, 0x06, 0x7B, 0x6A, 0x66, 0x64, 0x7F, 0x00 },
  { 0x06, 0x7B, 0x6A, 0x76, 0x44, 0x2F, 0x40, 0x00 },
  { 0x00, 0x06, 0x4B, 0x2A, 0x16, 0x24, 0x4F, 0x00 },
  { 0x00, 0x06, 0x4B, 0x3A, 0x46, 0x34, 0x4F, 0x00 },
  { 0x00, 0x06, 0x2B, 0x5A, 0x56, 0x54, 0x2F, 0x00 },
  { 0x00, 0x06, 0x5B, 0x3A, 0x16, 0x34, 0x5F, 0x00 },
  { 0x00, 0x06, 0x2B, 0x6A, 0x36, 0x64, 0x2F, 0x00 },
  { 0x00, 0x06, 0x1B, 0x3A, 0x36, 0x34, 0x7F, 0x00 }, // '헠'
  { 0x00, 0x06, 0x7B, 0x5A, 0x5E, 0x54, 0x4F, 0x00 },
  { 0x00, 0x06, 0x5B, 0x7A, 0x56, 0x74, 0x5F, 0x00 },
  { 0x00, 0x06, 0x2B, 0x6A, 0x56, 0x64, 0x2F, 0x00 },
  { 0x1A, 0x27, 0x1A, 0x08, 0x7F, 0x00, 0x7F, 0x00 },
  { 0x06, 0x2B, 0x26, 0x24, 0x2F, 0x20, 0x6F, 0x00 },
  { 0x06, 0x2B, 0x26, 0x64, 0x2F, 0x20, 0x6F, 0x00 },
  { 0x06, 0x2B, 0x26, 0x64, 0x4F, 0x20, 0x4F, 0x00 },
  { 0x06, 0x6B, 0x46, 0x44, 0x5F, 0x40, 0x5F, 0x00 },
  { 0x06, 0x6B, 0x46, 0x44, 0x5F, 0x30, 0x5F, 0x00 },
  { 0x06, 0x6B, 0x46, 0x44, 0x2F, 0x50, 0x2F, 0x00 },
  { 0x06, 0x7B, 0x56, 0x54, 0x5F, 0x50, 0x5F, 0x00 },
  { 0x06, 0x6B, 0x6E, 0x5A, 0x5F, 0x58, 0x5F, 0x00 },
  { 0x06, 0x6B, 0x5E, 0x5A, 0x1F, 0x10, 0x7F, 0x00 },
  { 0x06, 0x6B, 0x5E, 0x5A, 0x7F, 0x50, 0x7F, 0x00 },
  { 0x06, 0x6B, 0x5E, 0x5A, 0x7F, 0x60, 0x7F, 0x00 },
  { 0x06, 0x6B, 0x5E, 0x5A, 0x4F, 0x30, 0x4F, 0x00 }, // '헰'
  { 0x06, 0x6B, 0x5E, 0x5A, 0x7F, 0x70, 0x5F, 0x00 },
  { 0x06, 0x6B, 0x5E, 0x7A, 0x5F, 0x70, 0x5F, 0x00 },
  { 0x06, 0x6B, 0x5E, 0x5A, 0x37, 0x58, 0x37, 0x00 },
  { 0x06, 0x7B, 0x56, 0x54, 0x5F, 0x50, 0x7F, 0x00 },
  { 0x06, 0x7B, 0x66, 0x64, 0x6F, 0x60, 0x7F, 0x00 },
  { 0x06, 0x7B, 0x66, 0x74, 0x4F, 0x30, 0x4F, 0x00 },
  { 0x06, 0x4B, 0x26, 0x14, 0x2F, 0x40, 0x0F, 0x00 },
  { 0x06, 0x4B, 0x36, 0x44, 0x3F, 0x40, 0x0F, 0x00 },
  { 0x06, 0x2B, 0x56, 0x54, 0x5F, 0x50, 0x2F, 0x00 },
  { 0x06, 0x5B, 0x56, 0x34, 0x3F, 0x50, 0x5F, 0x00 },
  { 0x06, 0x5B, 0x56, 0x3A, 0x37, 0x50, 0x5F, 0x00 },
  { 0x06, 0x1B, 0x36, 0x34, 0x3F, 0x30, 0x7F, 0x00 },
  { 0x06, 0x7B, 0x5E, 0x5A, 0x5F, 0x58, 0x4F, 0x00 },
  { 0x06, 0x5B, 0x76, 0x54, 0x5F, 0x70, 0x5F, 0x00 },
  { 0x06, 0x1B, 0x36, 0x5A, 0x57, 0x30, 0x1F, 0x00 },
  { 0x00, 0x12, 0x2B, 0x2A, 0x12, 0x14, 0x7F, 0x00 }, // '혀'
  { 0x00, 0x06, 0x2B, 0x2A, 0x26, 0x2A, 0x7F, 0x00 },
  { 0x00, 0x06, 0x2B, 0x2A, 0x66, 0x2A, 0x7F, 0x00 },
  { 0x06, 0x2B, 0x2A, 0x66, 0x4A, 0x3F, 0x40, 0x00 },
  { 0x00, 0x06, 0x6B, 0x4A, 0x46, 0x4A, 0x5F, 0x00 },
  { 0x00, 0x06, 0x6B, 0x4A, 0x56, 0x35, 0x5F, 0x00 },
  { 0x06, 0x6B, 0x4A, 0x56, 0x35, 0x5F, 0x30, 0x00 },
  { 0x00, 0x06, 0x7B, 0x5A, 0x56, 0x55, 0x5F, 0x00 },
  { 0x00, 0x06, 0x6B, 0x6A, 0x5E, 0x55, 0x5F, 0x00 },
  { 0x00, 0x06, 0x6B, 0x5A, 0x5E, 0x15, 0x7F, 0x00 },
  { 0x00, 0x06, 0x6B, 0x5A, 0x7E, 0x55, 0x7F, 0x00 },
  { 0x00, 0x06, 0x6B, 0x5A, 0x7E, 0x65, 0x7F, 0x00 },
  { 0x06, 0x6B, 0x5A, 0x5E, 0x45, 0x2F, 0x40, 0x00 },
  { 0x06, 0x6B, 0x5A, 0x5E, 0x75, 0x7F, 0x50, 0x00 },
  { 0x06, 0x6B, 0x5A, 0x7E, 0x55, 0x7F, 0x50, 0x00 },
  { 0x06, 0x6B, 0x5A, 0x5E, 0x35, 0x5F, 0x30, 0x00 },
  { 0x00, 0x06, 0x7B, 0x5A, 0x56, 0x55, 0x7F, 0x00 }, // '혐'
  { 0x00, 0x06, 0x7B, 0x6A, 0x66, 0x6A, 0x7F, 0x00 },
  { 0x06, 0x7B, 0x6A, 0x76, 0x4A, 0x3F, 0x40, 0x00 },
  { 0x00, 0x06, 0x4B, 0x2A, 0x16, 0x2A, 0x5F, 0x00 },
  { 0x00, 0x06, 0x4B, 0x2A, 0x46, 0x2A, 0x5F, 0x00 },
  { 0x00, 0x06, 0x2B, 0x5A, 0x56, 0x55, 0x2F, 0x00 },
  { 0x00, 0x06, 0x5B, 0x3A, 0x16, 0x35, 0x5F, 0x00 },
  { 0x00, 0x06, 0x2B, 0x6A, 0x36, 0x6A, 0x3F, 0x00 },
  { 0x00, 0x06, 0x1B, 0x3A, 0x36, 0x35, 0x7F, 0x00 },
  { 0x00, 0x06, 0x7B, 0x5A, 0x5E, 0x55, 0x4F, 0x00 },
  { 0x00, 0x06, 0x5B, 0x7A, 0x56, 0x75, 0x5F, 0x00 },
  { 0x00, 0x06, 0x2B, 0x6A, 0x56, 0x6A, 0x3F, 0x00 },
  { 0x1A, 0x27, 0x1A, 0x14, 0x7F, 0x00, 0x7F, 0x00 },
  { 0x06, 0x2B, 0x26, 0x2A, 0x3F, 0x20, 0x7F, 0x00 },
  { 0x06, 0x2B, 0x26, 0x6A, 0x3F, 0x20, 0x7F, 0x00 },
  { 0x06, 0x2B, 0x26, 0x6A, 0x5F, 0x20, 0x5F, 0x00 },
  { 0x06, 0x6B, 0x46, 0x4A, 0x5F, 0x40, 0x5F, 0x00 }, // '혠'
  { 0x06, 0x6B, 0x46, 0x45, 0x5F, 0x30, 0x5F, 0x00 },
  { 0x06, 0x6B, 0x46, 0x45, 0x2F, 0x50, 0x2F, 0x00 },
  { 0x06, 0x7B, 0x56, 0x55, 0x5F, 0x50, 0x5F, 0x00 },
  { 0x06, 0x6B, 0x6E, 0x55, 0x5F, 0x58, 0x5F, 0x00 },
  { 0x06, 0x6B, 0x5E, 0x55, 0x1F, 0x10, 0x7F, 0x00 },
  { 0x06, 0x6B, 0x5E, 0x55, 0x7F, 0x50, 0x7F, 0x00 },
  { 0x06, 0x6B, 0x5E, 0x55, 0x7F, 0x60, 0x7F, 0x00 },
  { 0x06, 0x6B, 0x5E, 0x55, 0x4F, 0x30, 0x4F, 0x00 },
  { 0x06, 0x6B, 0x5E, 0x55, 0x7F, 0x70, 0x5F, 0x00 },
  { 0x06, 0x6B, 0x5E, 0x75, 0x5F, 0x70, 0x5F, 0x00 },
  { 0x06, 0x6B, 0x5E, 0x55, 0x2F, 0x50, 0x2F, 0x00 },
  { 0x06, 0x7B, 0x56, 0x55, 0x5F, 0x50, 0x7F, 0x00 },
  { 0x06, 0x7B, 0x66, 0x6A, 0x6F, 0x60, 0x7F, 0x00 },
  { 0x06, 0x7B, 0x66, 0x7A, 0x4F, 0x30, 0x4F, 0x00 },
  { 0x06, 0x4B, 0x26, 0x15, 0x2F, 0x40, 0x0F, 0x00 },
  { 0x06, 0x4B, 0x36, 0x45, 0x3F, 0x40, 0x0F, 0x00 }, // '혰'
  { 0x06, 0x2B, 0x56, 0x55, 0x5F, 0x50, 0x2F, 0x00 },
  { 0x06, 0x5B, 0x56, 0x35, 0x3F, 0x50, 0x5F, 0x00 },
  { 0x06, 0x2B, 0x66, 0x35, 0x2F, 0x60, 0x2F, 0x00 },
  { 0x06, 0x1B, 0x36, 0x35, 0x3F, 0x30, 0x7F, 0x00 },
  { 0x06, 0x7B, 0x5E, 0x55, 0x5F, 0x58, 0x4F, 0x00 },
  { 0x06, 0x5B, 0x76, 0x55, 0x5F, 0x70, 0x5F, 0x00 },
  { 0x06, 0x2B, 0x66, 0x55, 0x6F, 0x60, 0x2F, 0x00 },
  { 0x22, 0x26, 0x2A, 0x3B, 0x2A, 0x26, 0x22, 0x00 },
  { 0x12, 0x36, 0x36, 0x3D, 0x36, 0x76, 0x12, 0x00 },
  { 0x12, 0x36, 0x36, 0x7D, 0x36, 0x76, 0x12, 0x00 },
  { 0x12, 0x36, 0x36, 0x7D, 0x56, 0x36, 0x52, 0x00 },
  { 0x12, 0x76, 0x56, 0x5D, 0x56, 0x56, 0x12, 0x00 },
  { 0x12, 0x76, 0x56, 0x5D, 0x36, 0x56, 0x12, 0x00 },
  { 0x12, 0x76, 0x56, 0x5D, 0x36, 0x56, 0x32, 0x00 },
  { 0x12, 0x76, 0x76, 0x7D, 0x76, 0x56, 0x12, 0x00 },
  { 0x12, 0x36, 0x76, 0x7D, 0x76, 0x56, 0x12, 0x00 }, // '홀'
  { 0x12, 0x36, 0x76, 0x5D, 0x36, 0x76, 0x12, 0x00 },
  { 0x12, 0x36, 0x76, 0x5D, 0x76, 0x76, 0x12, 0x00 },
  { 0x12, 0x36, 0x76, 0x5D, 0x76, 0x56, 0x72, 0x00 },
  { 0x12, 0x36, 0x76, 0x5D, 0x56, 0x36, 0x52, 0x00 },
  { 0x12, 0x36, 0x76, 0x5D, 0x76, 0x76, 0x52, 0x00 },
  { 0x12, 0x36, 0x76, 0x5D, 0x76, 0x76, 0x52, 0x00 },
  { 0x12, 0x36, 0x76, 0x5D, 0x36, 0x56, 0x32, 0x00 },
  { 0x12, 0x76, 0x56, 0x5D, 0x56, 0x76, 0x12, 0x00 },
  { 0x12, 0x76, 0x56, 0x5D, 0x56, 0x76, 0x12, 0x00 },
  { 0x12, 0x76, 0x56, 0x7D, 0x56, 0x36, 0x52, 0x00 },
  { 0x12, 0x56, 0x56, 0x3D, 0x56, 0x56, 0x12, 0x00 },
  { 0x12, 0x56, 0x36, 0x5D, 0x36, 0x56, 0x12, 0x00 },
  { 0x12, 0x36, 0x56, 0x5D, 0x56, 0x36, 0x12, 0x00 },
  { 0x12, 0x36, 0x76, 0x3D, 0x76, 0x36, 0x12, 0x00 },
  { 0x12, 0x36, 0x76, 0x3D, 0x76, 0x36, 0x12, 0x00 },
  { 0x12, 0x36, 0x36, 0x3D, 0x36, 0x76, 0x12, 0x00 }, // '홐'
  { 0x12, 0x76, 0x76, 0x7D, 0x76, 0x56, 0x12, 0x00 },
  { 0x12, 0x56, 0x76, 0x5D, 0x76, 0x56, 0x12, 0x00 },
  { 0x12, 0x36, 0x76, 0x5D, 0x76, 0x36, 0x12, 0x00 },
  { 0x26, 0x2B, 0x3A, 0x26, 0x22, 0x7F, 0x08, 0x00 },
  { 0x12, 0x36, 0x3D, 0x36, 0x32, 0x7F, 0x04, 0x00 },
  { 0x12, 0x36, 0x3D, 0x76, 0x32, 0x7F, 0x04, 0x00 },
  { 0x12, 0x36, 0x3D, 0x76, 0x52, 0x3F, 0x44, 0x00 },
  { 0x12, 0x76, 0x5D, 0x56, 0x52, 0x5F, 0x04, 0x00 },
  { 0x12, 0x76, 0x5D, 0x56, 0x32, 0x5F, 0x04, 0x00 },
  { 0x12, 0x76, 0x5D, 0x56, 0x32, 0x5F, 0x24, 0x00 },
  { 0x12, 0x76, 0x7D, 0x76, 0x72, 0x5F, 0x04, 0x00 },
  { 0x12, 0x36, 0x7D, 0x76, 0x72, 0x5F, 0x04, 0x00 },
  { 0x12, 0x36, 0x7D, 0x56, 0x32, 0x7F, 0x04, 0x00 },
  { 0x12, 0x36, 0x7D, 0x56, 0x72, 0x7F, 0x04, 0x00 },
  { 0x12, 0x36, 0x7D, 0x56, 0x72, 0x5F, 0x64, 0x00 },
  { 0x12, 0x36, 0x7D, 0x56, 0x52, 0x3F, 0x44, 0x00 }, // '홠'
  { 0x12, 0x36, 0x7D, 0x56, 0x72, 0x7F, 0x44, 0x00 },
  { 0x12, 0x36, 0x7D, 0x56, 0x72, 0x7F, 0x44, 0x00 },
  { 0x12, 0x36, 0x7D, 0x56, 0x32, 0x5F, 0x24, 0x00 },
  { 0x12, 0x76, 0x5D, 0x56, 0x52, 0x7F, 0x04, 0x00 },
  { 0x12, 0x76, 0x5D, 0x56, 0x52, 0x7F, 0x04, 0x00 },
  { 0x12, 0x76, 0x5D, 0x76, 0x52, 0x3F, 0x44, 0x00 },
  { 0x12, 0x56, 0x5D, 0x36, 0x52, 0x5F, 0x04, 0x00 },
  { 0x12, 0x56, 0x3D, 0x56, 0x32, 0x5F, 0x04, 0x00 },
  { 0x12, 0x36, 0x5D, 0x56, 0x52, 0x3F, 0x04, 0x00 },
  { 0x12, 0x36, 0x7D, 0x36, 0x72, 0x3F, 0x04, 0x00 },
  { 0x12, 0x36, 0x7D, 0x36, 0x72, 0x3F, 0x04, 0x00 },
  { 0x12, 0x36, 0x3D, 0x36, 0x32, 0x7F, 0x04, 0x00 },
  { 0x12, 0x76, 0x7D, 0x76, 0x72, 0x5F, 0x04, 0x00 },
  { 0x12, 0x56, 0x7D, 0x56, 0x72, 0x5F, 0x04, 0x00 },
  { 0x12, 0x36, 0x7D, 0x56, 0x72, 0x3F, 0x04, 0x00 },
  { 0x26, 0x3B, 0x2A, 0x26, 0x7F, 0x08, 0x7F, 0x00 }, // '홰'
  { 0x12, 0x37, 0x3E, 0x32, 0x3F, 0x24, 0x7F, 0x00 },
  { 0x12, 0x37, 0x3E, 0x72, 0x3F, 0x24, 0x7F, 0x00 },
  { 0x12, 0x37, 0x3E, 0x72, 0x5F, 0x24, 0x5F, 0x00 },
  { 0x12, 0x77, 0x5E, 0x52, 0x5F, 0x44, 0x5F, 0x00 },
  { 0x12, 0x77, 0x5E, 0x52, 0x5F, 0x34, 0x5F, 0x00 },
  { 0x12, 0x77, 0x5E, 0x52, 0x3F, 0x54, 0x3F, 0x00 },
  { 0x12, 0x77, 0x5E, 0x52, 0x5F, 0x54, 0x5F, 0x00 },
  { 0x12, 0x37, 0x7E, 0x72, 0x7F, 0x64, 0x5F, 0x00 },
  { 0x12, 0x37, 0x7E, 0x52, 0x3F, 0x24, 0x7F, 0x00 },
  { 0x12, 0x37, 0x7E, 0x52, 0x7F, 0x54, 0x7F, 0x00 },
  { 0x12, 0x37, 0x7E, 0x52, 0x7F, 0x44, 0x7F, 0x00 },
  { 0x12, 0x37, 0x7E, 0x52, 0x5F, 0x24, 0x5F, 0x00 },
  { 0x12, 0x37, 0x7E, 0x52, 0x7F, 0x64, 0x5F, 0x00 },
  { 0x12, 0x37, 0x7E, 0x52, 0x7F, 0x64, 0x5F, 0x00 },
  { 0x12, 0x37, 0x7E, 0x52, 0x3F, 0x54, 0x3F, 0x00 },
  { 0x12, 0x77, 0x5E, 0x52, 0x5F, 0x54, 0x7F, 0x00 }, // '횀'
  { 0x0A, 0x7F, 0x6E, 0x6A, 0x6F, 0x64, 0x7F, 0x00 },
  { 0x12, 0x77, 0x5E, 0x72, 0x5F, 0x24, 0x5F, 0x00 },
  { 0x12, 0x57, 0x5E, 0x32, 0x5F, 0x44, 0x1F, 0x00 },
  { 0x12, 0x57, 0x3E, 0x52, 0x3F, 0x44, 0x1F, 0x00 },
  { 0x12, 0x37, 0x5E, 0x52, 0x5F, 0x54, 0x3F, 0x00 },
  { 0x12, 0x37, 0x7E, 0x32, 0x3F, 0x64, 0x3F, 0x00 },
  { 0x12, 0x37, 0x7E, 0x32, 0x3F, 0x64, 0x3F, 0x00 },
  { 0x12, 0x37, 0x3E, 0x32, 0x3F, 0x34, 0x7F, 0x00 },
  { 0x12, 0x77, 0x7E, 0x72, 0x7F, 0x74, 0x5F, 0x00 },
  { 0x12, 0x57, 0x7E, 0x52, 0x5F, 0x74, 0x5F, 0x00 },
  { 0x12, 0x37, 0x7E, 0x52, 0x7F, 0x64, 0x3F, 0x00 },
  { 0x00, 0x26, 0x2B, 0x3A, 0x26, 0x22, 0x7F, 0x00 },
  { 0x00, 0x12, 0x36, 0x3D, 0x36, 0x32, 0x7F, 0x00 },
  { 0x00, 0x12, 0x36, 0x3D, 0x76, 0x32, 0x7F, 0x00 },
  { 0x12, 0x36, 0x3D, 0x76, 0x52, 0x3F, 0x40, 0x00 },
  { 0x00, 0x12, 0x76, 0x5D, 0x56, 0x52, 0x5F, 0x00 }, // '횐'
  { 0x00, 0x12, 0x76, 0x5D, 0x56, 0x32, 0x5F, 0x00 },
  { 0x12, 0x76, 0x5D, 0x56, 0x32, 0x5F, 0x20, 0x00 },
  { 0x00, 0x12, 0x76, 0x7D, 0x76, 0x72, 0x5F, 0x00 },
  { 0x00, 0x12, 0x36, 0x7D, 0x76, 0x72, 0x5F, 0x00 },
  { 0x00, 0x12, 0x36, 0x7D, 0x56, 0x32, 0x7F, 0x00 },
  { 0x00, 0x12, 0x36, 0x7D, 0x56, 0x72, 0x7F, 0x00 },
  { 0x12, 0x36, 0x7D, 0x56, 0x72, 0x5F, 0x60, 0x00 },
  { 0x12, 0x36, 0x7D, 0x56, 0x52, 0x3F, 0x40, 0x00 },
  { 0x12, 0x36, 0x7D, 0x56, 0x72, 0x7F, 0x40, 0x00 },
  { 0x12, 0x36, 0x7D, 0x56, 0x72, 0x7F, 0x40, 0x00 },
  { 0x12, 0x36, 0x7D, 0x56, 0x32, 0x5F, 0x20, 0x00 },
  { 0x00, 0x12, 0x76, 0x5D, 0x56, 0x52, 0x7F, 0x00 },
  { 0x00, 0x12, 0x76, 0x5D, 0x56, 0x52, 0x7F, 0x00 },
  { 0x12, 0x76, 0x5D, 0x76, 0x52, 0x3F, 0x40, 0x00 },
  { 0x00, 0x12, 0x56, 0x5D, 0x36, 0x52, 0x5F, 0x00 },
  { 0x00, 0x12, 0x56, 0x3D, 0x56, 0x32, 0x5F, 0x00 }, // '횠'
  { 0x00, 0x12, 0x36, 0x5D, 0x56, 0x52, 0x3F, 0x00 },
  { 0x00, 0x12, 0x36, 0x7D, 0x36, 0x72, 0x3F, 0x00 },
  { 0x00, 0x12, 0x36, 0x7D, 0x36, 0x72, 0x3F, 0x00 },
  { 0x00, 0x12, 0x36, 0x3D, 0x36, 0x32, 0x7F, 0x00 },
  { 0x00, 0x12, 0x76, 0x7D, 0x76, 0x72, 0x5F, 0x00 },
  { 0x00, 0x12, 0x56, 0x7D, 0x56, 0x72, 0x5F, 0x00 },
  { 0x00, 0x12, 0x36, 0x7D, 0x56, 0x72, 0x3F, 0x00 },
  { 0x22, 0x26, 0x3A, 0x2B, 0x3A, 0x26, 0x22, 0x00 },
  { 0x12, 0x36, 0x3E, 0x35, 0x3E, 0x76, 0x12, 0x00 },
  { 0x12, 0x36, 0x3E, 0x75, 0x3E, 0x76, 0x12, 0x00 },
  { 0x12, 0x36, 0x3E, 0x75, 0x5E, 0x36, 0x52, 0x00 },
  { 0x12, 0x76, 0x5E, 0x55, 0x5E, 0x56, 0x12, 0x00 },
  { 0x12, 0x76, 0x5E, 0x55, 0x3E, 0x56, 0x12, 0x00 },
  { 0x12, 0x76, 0x5E, 0x55, 0x3E, 0x56, 0x32, 0x00 },
  { 0x12, 0x76, 0x7E, 0x75, 0x7E, 0x56, 0x12, 0x00 },
  { 0x12, 0x36, 0x7E, 0x75, 0x7E, 0x56, 0x12, 0x00 }, // '횰'
  { 0x12, 0x36, 0x7E, 0x55, 0x3E, 0x76, 0x12, 0x00 },
  { 0x12, 0x36, 0x7E, 0x55, 0x7E, 0x76, 0x12, 0x00 },
  { 0x12, 0x36, 0x7E, 0x55, 0x7E, 0x56, 0x72, 0x00 },
  { 0x12, 0x36, 0x7E, 0x55, 0x5E, 0x36, 0x52, 0x00 },
  { 0x12, 0x36, 0x7E, 0x55, 0x7E, 0x76, 0x52, 0x00 },
  { 0x12, 0x36, 0x7E, 0x55, 0x7E, 0x76, 0x52, 0x00 },
  { 0x12, 0x36, 0x7E, 0x55, 0x3E, 0x56, 0x32, 0x00 },
  { 0x12, 0x76, 0x5E, 0x55, 0x5E, 0x76, 0x12, 0x00 },
  { 0x12, 0x76, 0x5E, 0x55, 0x5E, 0x76, 0x12, 0x00 },
  { 0x12, 0x76, 0x5E, 0x75, 0x5E, 0x36, 0x52, 0x00 },
  { 0x12, 0x56, 0x5E, 0x35, 0x5E, 0x56, 0x12, 0x00 },
  { 0x12, 0x56, 0x3E, 0x55, 0x3E, 0x56, 0x12, 0x00 },
  { 0x12, 0x36, 0x5E, 0x55, 0x5E, 0x36, 0x12, 0x00 },
  { 0x12, 0x36, 0x7E, 0x35, 0x7E, 0x36, 0x12, 0x00 },
  { 0x12, 0x36, 0x7E, 0x35, 0x7E, 0x36, 0x12, 0x00 },
  { 0x12, 0x36, 0x3E, 0x35, 0x3E, 0x76, 0x12, 0x00 }, // '훀'
  { 0x12, 0x76, 0x7E, 0x75, 0x7E, 0x56, 0x12, 0x00 },
  { 0x12, 0x56, 0x7E, 0x55, 0x7E, 0x56, 0x12, 0x00 },
  { 0x12, 0x36, 0x7E, 0x55, 0x7E, 0x36, 0x12, 0x00 },
  { 0x22, 0x26, 0x2A, 0x6B, 0x2A, 0x26, 0x22, 0x00 },
  { 0x0A, 0x2E, 0x2A, 0x3B, 0x2A, 0x6E, 0x0A, 0x00 },
  { 0x0A, 0x2E, 0x2A, 0x7B, 0x2A, 0x6E, 0x0A, 0x00 },
  { 0x0A, 0x2E, 0x2A, 0x7B, 0x4A, 0x2E, 0x4A, 0x00 },
  { 0x0A, 0x6E, 0x4A, 0x5B, 0x4A, 0x4E, 0x0A, 0x00 },
  { 0x0A, 0x6E, 0x4A, 0x3B, 0x6A, 0x2E, 0x0A, 0x00 },
  { 0x0A, 0x6E, 0x4A, 0x5B, 0x2A, 0x5E, 0x2A, 0x00 },
  { 0x0A, 0x7E, 0x5A, 0x5B, 0x5A, 0x5E, 0x0A, 0x00 },
  { 0x0A, 0x2E, 0x6A, 0x7B, 0x6A, 0x4E, 0x0A, 0x00 },
  { 0x0A, 0x2E, 0x6A, 0x5B, 0x2A, 0x6E, 0x0A, 0x00 },
  { 0x0A, 0x2E, 0x6A, 0x5B, 0x6A, 0x6E, 0x0A, 0x00 },
  { 0x0A, 0x2E, 0x6A, 0x5B, 0x6A, 0x4E, 0x6A, 0x00 },
  { 0x0A, 0x2E, 0x6A, 0x5B, 0x4A, 0x2E, 0x4A, 0x00 }, // '훐'
  { 0x0A, 0x2E, 0x6A, 0x5B, 0x6A, 0x6E, 0x4A, 0x00 },
  { 0x0A, 0x2E, 0x6A, 0x5B, 0x6A, 0x6E, 0x4A, 0x00 },
  { 0x0A, 0x2E, 0x6A, 0x5B, 0x2A, 0x5E, 0x2A, 0x00 },
  { 0x0A, 0x6E, 0x6A, 0x7B, 0x6A, 0x6E, 0x0A, 0x00 },
  { 0x0A, 0x6E, 0x4A, 0x5B, 0x4A, 0x6E, 0x0A, 0x00 },
  { 0x0A, 0x6E, 0x4A, 0x7B, 0x4A, 0x2E, 0x4A, 0x00 },
  { 0x0A, 0x4E, 0x4A, 0x3B, 0x4A, 0x4E, 0x0A, 0x00 },
  { 0x0A, 0x4E, 0x2A, 0x5B, 0x2A, 0x4E, 0x0A, 0x00 },
  { 0x0A, 0x2E, 0x4A, 0x5B, 0x4A, 0x2E, 0x0A, 0x00 },
  { 0x0A, 0x2E, 0x6A, 0x3B, 0x6A, 0x2E, 0x0A, 0x00 },
  { 0x0A, 0x2E, 0x6A, 0x3B, 0x6A, 0x2E, 0x0A, 0x00 },
  { 0x0A, 0x2E, 0x2A, 0x3B, 0x2A, 0x6E, 0x0A, 0x00 },
  { 0x0A, 0x6E, 0x6A, 0x7B, 0x6A, 0x4E, 0x0A, 0x00 },
  { 0x0A, 0x4E, 0x6A, 0x5B, 0x6A, 0x4E, 0x0A, 0x00 },
  { 0x0A, 0x2E, 0x6A, 0x5B, 0x6A, 0x2E, 0x0A, 0x00 },
  { 0x00, 0x16, 0x1A, 0x7B, 0x16, 0x22, 0x7F, 0x00 }, // '훠'
  { 0x00, 0x0A, 0x2E, 0x3B, 0x2E, 0x32, 0x7F, 0x00 },
  { 0x00, 0x0A, 0x2E, 0x3B, 0x6E, 0x32, 0x7F, 0x00 },
  { 0x0A, 0x2E, 0x3B, 0x6E, 0x52, 0x3F, 0x40, 0x00 },
  { 0x00, 0x0A, 0x6E, 0x5B, 0x4E, 0x52, 0x5F, 0x00 },
  { 0x00, 0x0A, 0x6E, 0x5B, 0x4E, 0x32, 0x5F, 0x00 },
  { 0x0A, 0x6E, 0x5B, 0x4E, 0x32, 0x5F, 0x20, 0x00 },
  { 0x00, 0x0A, 0x6E, 0x7B, 0x6E, 0x7A, 0x7F, 0x00 },
  { 0x00, 0x0A, 0x2E, 0x7B, 0x6E, 0x72, 0x5F, 0x00 },
  { 0x00, 0x0A, 0x2E, 0x7B, 0x4E, 0x32, 0x7F, 0x00 },
  { 0x00, 0x0A, 0x2E, 0x7B, 0x4E, 0x72, 0x7F, 0x00 },
  { 0x0A, 0x2E, 0x7B, 0x4E, 0x72, 0x5F, 0x60, 0x00 },
  { 0x0A, 0x2E, 0x7B, 0x4E, 0x52, 0x3F, 0x40, 0x00 },
  { 0x0A, 0x2E, 0x7B, 0x4E, 0x72, 0x7F, 0x40, 0x00 },
  { 0x0A, 0x2E, 0x7B, 0x4E, 0x72, 0x7F, 0x40, 0x00 },
  { 0x0A, 0x2E, 0x7B, 0x4E, 0x32, 0x5F, 0x20, 0x00 },
  { 0x00, 0x0A, 0x6E, 0x7B, 0x6E, 0x7A, 0x7F, 0x00 }, // '훰'
  { 0x00, 0x0A, 0x7E, 0x6B, 0x7E, 0x6A, 0x7F, 0x00 },
  { 0x0A, 0x7E, 0x6B, 0x7E, 0x4A, 0x3F, 0x40, 0x00 },
  { 0x00, 0x0A, 0x4E, 0x5B, 0x2E, 0x52, 0x5F, 0x00 },
  { 0x00, 0x0A, 0x5E, 0x2B, 0x4E, 0x32, 0x5F, 0x00 },
  { 0x00, 0x0A, 0x2E, 0x5B, 0x4E, 0x52, 0x3F, 0x00 },
  { 0x00, 0x0A, 0x2E, 0x7B, 0x2E, 0x72, 0x3F, 0x00 },
  { 0x00, 0x0A, 0x2E, 0x7B, 0x2E, 0x72, 0x3F, 0x00 },
  { 0x00, 0x0A, 0x2E, 0x3B, 0x2E, 0x32, 0x7F, 0x00 },
  { 0x00, 0x0A, 0x6E, 0x7B, 0x6E, 0x72, 0x5F, 0x00 },
  { 0x00, 0x0A, 0x5E, 0x6B, 0x4E, 0x72, 0x5F, 0x00 },
  { 0x00, 0x0A, 0x2E, 0x7B, 0x4E, 0x72, 0x3F, 0x00 },
  { 0x16, 0x7B, 0x1A, 0x26, 0x7F, 0x00, 0x7F, 0x00 },
  { 0x0A, 0x3F, 0x2E, 0x32, 0x3F, 0x20, 0x7F, 0x00 },
  { 0x0A, 0x3F, 0x2E, 0x72, 0x3F, 0x20, 0x7F, 0x00 },
  { 0x0A, 0x3F, 0x2E, 0x72, 0x5F, 0x20, 0x5F, 0x00 },
  { 0x0A, 0x7F, 0x4E, 0x52, 0x5F, 0x40, 0x5F, 0x00 }, // '휀'
  { 0x0A, 0x7F, 0x4E, 0x52, 0x5F, 0x30, 0x5F, 0x00 },
  { 0x0A, 0x7F, 0x4E, 0x52, 0x3F, 0x50, 0x3F, 0x00 },
  { 0x0A, 0x7F, 0x6E, 0x72, 0x7F, 0x60, 0x5F, 0x00 },
  { 0x0A, 0x3F, 0x6E, 0x72, 0x7F, 0x60, 0x5F, 0x00 },
  { 0x0A, 0x3F, 0x6E, 0x52, 0x3F, 0x20, 0x7F, 0x00 },
  { 0x0A, 0x3F, 0x6E, 0x52, 0x7F, 0x50, 0x7F, 0x00 },
  { 0x0A, 0x3F, 0x6E, 0x52, 0x7F, 0x40, 0x7F, 0x00 },
  { 0x0A, 0x3F, 0x6E, 0x52, 0x5F, 0x20, 0x5F, 0x00 },
  { 0x0A, 0x3F, 0x6E, 0x52, 0x7F, 0x60, 0x5F, 0x00 },
  { 0x0A, 0x3F, 0x6E, 0x52, 0x7F, 0x60, 0x5F, 0x00 },
  { 0x0A, 0x3F, 0x6E, 0x52, 0x3F, 0x50, 0x3F, 0x00 },
  { 0x0A, 0x7F, 0x6E, 0x72, 0x7F, 0x60, 0x7F, 0x00 },
  { 0x0A, 0x7F, 0x4E, 0x52, 0x5F, 0x40, 0x7F, 0x00 },
  { 0x0A, 0x7F, 0x4E, 0x72, 0x5F, 0x20, 0x5F, 0x00 },
  { 0x0A, 0x5F, 0x4E, 0x32, 0x5F, 0x40, 0x1F, 0x00 },
  { 0x0A, 0x5F, 0x2E, 0x52, 0x3F, 0x40, 0x1F, 0x00 }, // '휐'
  { 0x0A, 0x3F, 0x4E, 0x52, 0x5F, 0x50, 0x3F, 0x00 },
  { 0x0A, 0x3F, 0x6E, 0x32, 0x3F, 0x60, 0x3F, 0x00 },
  { 0x0A, 0x3F, 0x6E, 0x32, 0x3F, 0x60, 0x3F, 0x00 },
  { 0x0A, 0x3F, 0x2E, 0x32, 0x3F, 0x20, 0x7F, 0x00 },
  { 0x0A, 0x7F, 0x6E, 0x72, 0x7F, 0x60, 0x5F, 0x00 },
  { 0x0A, 0x5F, 0x6E, 0x52, 0x5F, 0x70, 0x5F, 0x00 },
  { 0x0A, 0x3F, 0x6E, 0x52, 0x7F, 0x60, 0x3F, 0x00 },
  { 0x00, 0x26, 0x2B, 0x6A, 0x26, 0x22, 0x7F, 0x00 },
  { 0x00, 0x0A, 0x2E, 0x3B, 0x2E, 0x2A, 0x6F, 0x00 },
  { 0x00, 0x0A, 0x2E, 0x3B, 0x6E, 0x2A, 0x6F, 0x00 },
  { 0x0A, 0x2E, 0x3B, 0x6E, 0x4A, 0x3F, 0x40, 0x00 },
  { 0x00, 0x0A, 0x6E, 0x5B, 0x4E, 0x4A, 0x5F, 0x00 },
  { 0x00, 0x0A, 0x6E, 0x5B, 0x4E, 0x3A, 0x5F, 0x00 },
  { 0x0A, 0x6E, 0x5B, 0x4E, 0x2A, 0x5F, 0x20, 0x00 },
  { 0x00, 0x0A, 0x6E, 0x7B, 0x6E, 0x6A, 0x4F, 0x00 },
  { 0x00, 0x0A, 0x2E, 0x7B, 0x6E, 0x6A, 0x5F, 0x00 }, // '휠'
  { 0x00, 0x0A, 0x2E, 0x7B, 0x4E, 0x2A, 0x6F, 0x00 },
  { 0x00, 0x0A, 0x2E, 0x7B, 0x4E, 0x6A, 0x6F, 0x00 },
  { 0x0A, 0x2E, 0x7B, 0x4E, 0x6A, 0x4F, 0x60, 0x00 },
  { 0x0A, 0x2E, 0x7B, 0x4E, 0x4A, 0x2F, 0x40, 0x00 },
  { 0x0A, 0x2E, 0x7B, 0x4E, 0x6A, 0x6F, 0x40, 0x00 },
  { 0x0A, 0x2E, 0x7B, 0x4E, 0x6A, 0x6F, 0x40, 0x00 },
  { 0x0A, 0x2E, 0x7B, 0x4E, 0x2A, 0x5F, 0x20, 0x00 },
  { 0x00, 0x0A, 0x7E, 0x5B, 0x5E, 0x5A, 0x7F, 0x00 },
  { 0x00, 0x0A, 0x7E, 0x6B, 0x7E, 0x6A, 0x7F, 0x00 },
  { 0x0A, 0x7E, 0x6B, 0x7E, 0x4A, 0x3F, 0x40, 0x00 },
  { 0x00, 0x0A, 0x4E, 0x5B, 0x2E, 0x4A, 0x5F, 0x00 },
  { 0x00, 0x0A, 0x5E, 0x2B, 0x4E, 0x2A, 0x5F, 0x00 },
  { 0x00, 0x0A, 0x2E, 0x5B, 0x5E, 0x5A, 0x2F, 0x00 },
  { 0x00, 0x0A, 0x2E, 0x7B, 0x2E, 0x6A, 0x2F, 0x00 },
  { 0x00, 0x0A, 0x3E, 0x6B, 0x3E, 0x6A, 0x2F, 0x00 },
  { 0x00, 0x0A, 0x2E, 0x3B, 0x2E, 0x2A, 0x6F, 0x00 }, // '휰'
  { 0x00, 0x0A, 0x6E, 0x7B, 0x6E, 0x6A, 0x4F, 0x00 },
  { 0x00, 0x0A, 0x5E, 0x6B, 0x4E, 0x6A, 0x4F, 0x00 },
  { 0x00, 0x0A, 0x3E, 0x6B, 0x5E, 0x6A, 0x2F, 0x00 },
  { 0x22, 0x26, 0x6A, 0x2B, 0x6A, 0x26, 0x22, 0x00 },
  { 0x0A, 0x2E, 0x3A, 0x2B, 0x3A, 0x6E, 0x0A, 0x00 },
  { 0x0A, 0x2E, 0x3A, 0x6B, 0x3A, 0x6E, 0x0A, 0x00 },
  { 0x0A, 0x2E, 0x3A, 0x6B, 0x5A, 0x2E, 0x4A, 0x00 },
  { 0x0A, 0x6E, 0x5A, 0x4B, 0x5A, 0x4E, 0x0A, 0x00 },
  { 0x0A, 0x6E, 0x5A, 0x6B, 0x3A, 0x6E, 0x0A, 0x00 },
  { 0x0A, 0x6E, 0x5A, 0x4B, 0x3A, 0x5E, 0x2A, 0x00 },
  { 0x0A, 0x7E, 0x5A, 0x5B, 0x5A, 0x5E, 0x0A, 0x00 },
  { 0x0A, 0x2E, 0x7A, 0x6B, 0x7A, 0x4E, 0x0A, 0x00 },
  { 0x0A, 0x2E, 0x7A, 0x4B, 0x3A, 0x6E, 0x0A, 0x00 },
  { 0x0A, 0x2E, 0x7A, 0x4B, 0x7A, 0x6E, 0x0A, 0x00 },
  { 0x0A, 0x2E, 0x7A, 0x4B, 0x7A, 0x4E, 0x6A, 0x00 },
  { 0x0A, 0x2E, 0x7A, 0x4B, 0x5A, 0x2E, 0x4A, 0x00 }, // '흀'
  { 0x0A, 0x2E, 0x7A, 0x4B, 0x7A, 0x6E, 0x4A, 0x00 },
  { 0x0A, 0x2E, 0x7A, 0x4B, 0x7A, 0x6E, 0x4A, 0x00 },
  { 0x0A, 0x2E, 0x7A, 0x4B, 0x3A, 0x5E, 0x2A, 0x00 },
  { 0x0A, 0x6E, 0x7A, 0x6B, 0x7A, 0x6E, 0x0A, 0x00 },
  { 0x0A, 0x6E, 0x5A, 0x4B, 0x5A, 0x6E, 0x0A, 0x00 },
  { 0x0A, 0x6E, 0x5A, 0x6B, 0x5A, 0x2E, 0x4A, 0x00 },
  { 0x0A, 0x4E, 0x5A, 0x2B, 0x5A, 0x4E, 0x0A, 0x00 },
  { 0x0A, 0x4E, 0x3A, 0x4B, 0x3A, 0x4E, 0x0A, 0x00 },
  { 0x0A, 0x2E, 0x5A, 0x4B, 0x5A, 0x2E, 0x0A, 0x00 },
  { 0x0A, 0x2E, 0x7A, 0x2B, 0x7A, 0x2E, 0x0A, 0x00 },
  { 0x0A, 0x2E, 0x7A, 0x2B, 0x7A, 0x2E, 0x0A, 0x00 },
  { 0x0A, 0x2E, 0x3A, 0x2B, 0x3A, 0x6E, 0x0A, 0x00 },
  { 0x0A, 0x6E, 0x7A, 0x6B, 0x7A, 0x4E, 0x0A, 0x00 },
  { 0x0A, 0x4E, 0x7A, 0x4B, 0x7A, 0x4E, 0x0A, 0x00 },
  { 0x0A, 0x2E, 0x7A, 0x4B, 0x7A, 0x2E, 0x0A, 0x00 },
  { 0x22, 0x26, 0x2A, 0x2B, 0x2A, 0x26, 0x22, 0x00 }, // '흐'
  { 0x12, 0x36, 0x3A, 0x3B, 0x3A, 0x76, 0x12, 0x00 },
  { 0x12, 0x36, 0x3A, 0x7B, 0x3A, 0x76, 0x12, 0x00 },
  { 0x12, 0x36, 0x3A, 0x7B, 0x5A, 0x36, 0x52, 0x00 },
  { 0x12, 0x76, 0x5A, 0x5B, 0x5A, 0x56, 0x12, 0x00 },
  { 0x12, 0x76, 0x5A, 0x5B, 0x3A, 0x56, 0x12, 0x00 },
  { 0x12, 0x76, 0x5A, 0x5B, 0x3A, 0x56, 0x32, 0x00 },
  { 0x0A, 0x7E, 0x5A, 0x5B, 0x5A, 0x5E, 0x0A, 0x00 },
  { 0x0A, 0x6E, 0x6A, 0x5B, 0x5A, 0x5E, 0x0A, 0x00 },
  { 0x0A, 0x6E, 0x5A, 0x5B, 0x1A, 0x7E, 0x0A, 0x00 },
  { 0x0A, 0x6E, 0x5A, 0x7B, 0x5A, 0x7E, 0x0A, 0x00 },
  { 0x0A, 0x6E, 0x5A, 0x7B, 0x6A, 0x7E, 0x0A, 0x00 },
  { 0x0A, 0x6E, 0x5A, 0x5B, 0x4A, 0x3E, 0x4A, 0x00 },
  { 0x0A, 0x6E, 0x5A, 0x7B, 0x7A, 0x5E, 0x0A, 0x00 },
  { 0x0A, 0x6E, 0x5A, 0x7B, 0x5A, 0x7E, 0x5A, 0x00 },
  { 0x0A, 0x6E, 0x5A, 0x5B, 0x2A, 0x5E, 0x2A, 0x00 },
  { 0x12, 0x76, 0x5A, 0x5B, 0x5A, 0x76, 0x12, 0x00 }, // '흠'
  { 0x0A, 0x7E, 0x6A, 0x6B, 0x6A, 0x7E, 0x0A, 0x00 },
  { 0x0A, 0x7E, 0x6A, 0x7B, 0x4A, 0x3E, 0x4A, 0x00 },
  { 0x12, 0x56, 0x5A, 0x3B, 0x5A, 0x56, 0x12, 0x00 },
  { 0x12, 0x56, 0x3A, 0x5B, 0x3A, 0x56, 0x12, 0x00 },
  { 0x12, 0x36, 0x5A, 0x5B, 0x5A, 0x36, 0x12, 0x00 },
  { 0x0A, 0x5E, 0x3A, 0x1B, 0x3A, 0x5E, 0x0A, 0x00 },
  { 0x0A, 0x2E, 0x6A, 0x3B, 0x6A, 0x2E, 0x0A, 0x00 },
  { 0x0A, 0x1E, 0x3A, 0x3B, 0x3A, 0x7E, 0x0A, 0x00 },
  { 0x0A, 0x7E, 0x5A, 0x5B, 0x5A, 0x4E, 0x0A, 0x00 },
  { 0x0A, 0x5E, 0x7A, 0x5B, 0x7A, 0x5E, 0x0A, 0x00 },
  { 0x0A, 0x2E, 0x6A, 0x5B, 0x6A, 0x2E, 0x0A, 0x00 },
  { 0x00, 0x26, 0x2B, 0x2A, 0x26, 0x22, 0x7F, 0x00 },
  { 0x00, 0x0A, 0x2E, 0x2B, 0x2E, 0x2A, 0x6F, 0x00 },
  { 0x00, 0x0A, 0x2E, 0x2B, 0x6E, 0x2A, 0x6F, 0x00 },
  { 0x0A, 0x2E, 0x2B, 0x6E, 0x4A, 0x2F, 0x40, 0x00 },
  { 0x00, 0x16, 0x7A, 0x5B, 0x56, 0x52, 0x5F, 0x00 }, // '흰'
  { 0x00, 0x0A, 0x6E, 0x4B, 0x5E, 0x3A, 0x5F, 0x00 },
  { 0x0A, 0x6E, 0x4B, 0x4E, 0x2A, 0x5F, 0x20, 0x00 },
  { 0x00, 0x0A, 0x7E, 0x5B, 0x5E, 0x5A, 0x5F, 0x00 },
  { 0x00, 0x0A, 0x6E, 0x6B, 0x5E, 0x5A, 0x5F, 0x00 },
  { 0x00, 0x0A, 0x6E, 0x5B, 0x5E, 0x1A, 0x7F, 0x00 },
  { 0x00, 0x0A, 0x6E, 0x5B, 0x7E, 0x5A, 0x7F, 0x00 },
  { 0x00, 0x0A, 0x6E, 0x5B, 0x7E, 0x6A, 0x7F, 0x00 },
  { 0x0A, 0x6E, 0x5B, 0x5E, 0x4A, 0x3F, 0x40, 0x00 },
  { 0x00, 0x0A, 0x6E, 0x5B, 0x7E, 0x7A, 0x5F, 0x00 },
  { 0x0A, 0x6E, 0x5B, 0x7E, 0x5A, 0x7F, 0x50, 0x00 },
  { 0x0A, 0x6E, 0x5B, 0x5E, 0x2A, 0x5F, 0x20, 0x00 },
  { 0x00, 0x0A, 0x7E, 0x5B, 0x5E, 0x5A, 0x7F, 0x00 },
  { 0x00, 0x0A, 0x7E, 0x6B, 0x6E, 0x6A, 0x7F, 0x00 },
  { 0x0A, 0x7E, 0x6B, 0x7E, 0x4A, 0x3F, 0x40, 0x00 },
  { 0x00, 0x16, 0x5B, 0x5A, 0x36, 0x52, 0x5F, 0x00 },
  { 0x00, 0x16, 0x5B, 0x3A, 0x56, 0x32, 0x5F, 0x00 }, // '힀'
  { 0x00, 0x16, 0x3B, 0x5A, 0x56, 0x52, 0x3F, 0x00 },
  { 0x00, 0x0A, 0x5F, 0x3A, 0x1E, 0x3A, 0x5F, 0x00 },
  { 0x00, 0x0A, 0x2F, 0x6A, 0x3E, 0x6A, 0x2F, 0x00 },
  { 0x00, 0x0A, 0x1F, 0x3A, 0x3E, 0x3A, 0x7F, 0x00 },
  { 0x00, 0x0A, 0x7F, 0x5A, 0x5E, 0x5A, 0x4F, 0x00 },
  { 0x00, 0x0A, 0x5F, 0x7A, 0x5E, 0x7A, 0x5F, 0x00 },
  { 0x00, 0x0A, 0x2F, 0x6A, 0x5E, 0x6A, 0x2F, 0x00 },
  { 0x00, 0x12, 0x2B, 0x2A, 0x12, 0x00, 0x7F, 0x00 },
  { 0x00, 0x06, 0x2B, 0x2A, 0x26, 0x22, 0x6F, 0x00 },
  { 0x00, 0x06, 0x2B, 0x2A, 0x66, 0x22, 0x6F, 0x00 },
  { 0x06, 0x2B, 0x2A, 0x66, 0x42, 0x2F, 0x40, 0x00 },
  { 0x00, 0x06, 0x6B, 0x4A, 0x46, 0x42, 0x5F, 0x00 },
  { 0x00, 0x06, 0x6B, 0x4A, 0x56, 0x32, 0x5F, 0x00 },
  { 0x06, 0x6B, 0x4A, 0x56, 0x32, 0x5F, 0x30, 0x00 },
  { 0x00, 0x06, 0x7B, 0x5A, 0x56, 0x52, 0x5F, 0x00 },
  { 0x00, 0x06, 0x6B, 0x6A, 0x5E, 0x5A, 0x5F, 0x00 }, // '힐'
  { 0x00, 0x06, 0x6B, 0x5A, 0x5E, 0x0A, 0x7F, 0x00 },
  { 0x00, 0x06, 0x6B, 0x5A, 0x7E, 0x4A, 0x7F, 0x00 },
  { 0x00, 0x06, 0x6B, 0x5A, 0x7E, 0x52, 0x7F, 0x00 },
  { 0x06, 0x6B, 0x5A, 0x5E, 0x42, 0x37, 0x40, 0x00 },
  { 0x00, 0x06, 0x6B, 0x5A, 0x7E, 0x5A, 0x4F, 0x00 },
  { 0x06, 0x6B, 0x5A, 0x7E, 0x4A, 0x7F, 0x48, 0x00 },
  { 0x06, 0x6B, 0x5A, 0x5E, 0x32, 0x5F, 0x30, 0x00 },
  { 0x00, 0x06, 0x7B, 0x5A, 0x56, 0x52, 0x7F, 0x00 },
  { 0x00, 0x06, 0x7B, 0x6A, 0x66, 0x62, 0x7F, 0x00 },
  { 0x06, 0x7B, 0x6A, 0x76, 0x42, 0x37, 0x40, 0x00 },
  { 0x00, 0x06, 0x4B, 0x2A, 0x16, 0x22, 0x4F, 0x00 },
  { 0x00, 0x06, 0x4B, 0x3A, 0x46, 0x32, 0x4F, 0x00 },
  { 0x00, 0x06, 0x2B, 0x5A, 0x56, 0x52, 0x2F, 0x00 },
  { 0x00, 0x06, 0x5B, 0x3A, 0x16, 0x32, 0x5F, 0x00 },
  { 0x00, 0x06, 0x2B, 0x6A, 0x36, 0x62, 0x2F, 0x00 },
  { 0x00, 0x06, 0x1B, 0x3A, 0x36, 0x32, 0x7F, 0x00 }, // '힠'
  { 0x00, 0x06, 0x7B, 0x5A, 0x5E, 0x5A, 0x4F, 0x00 },
  { 0x00, 0x06, 0x5B, 0x7A, 0x56, 0x72, 0x5F, 0x00 },
  { 0x00, 0x06, 0x2B, 0x6A, 0x56, 0x62, 0x2F, 0x00 },
};
